order_id,customer_id,restaurant_id,driver_id,order_ts,estimated_delivery_ts,actual_delivery_ts,order_status,distance_km,order_amount
1,1,46,117,2024-03-08 15:54:15,2024-03-08 16:19:15,,CANCELLED,6.64,220.13
2,120,104,51,2024-08-14 04:54:14,2024-08-14 05:27:14,,ACCEPTED,7.53,131.67
3,36,20,77,2024-07-09 06:42:33,2024-07-09 07:25:33,,PICKED,0.5,303.4
4,193,72,32,2024-05-05 14:57:20,2024-05-05 15:40:20,2024-05-05 15:58:20,DELIVERED,5.43,387.14
5,117,30,129,2024-10-25 21:30:31,2024-10-25 22:16:31,2024-10-25 22:17:31,DELIVERED,4.91,355.0
6,12,50,3,2024-09-28 04:41:58,2024-09-28 05:06:58,2024-09-28 05:07:58,DELIVERED,4.11,458.34
7,85,77,139,2025-01-13 05:16:00,2025-01-13 06:03:00,,ACCEPTED,5.78,232.06
8,171,50,134,2024-01-01 13:33:52,2024-01-01 13:58:52,2024-01-01 14:32:52,DELIVERED,7.19,184.07
9,120,48,26,2024-11-03 19:11:09,2024-11-03 19:45:09,,ACCEPTED,4.26,363.02
10,132,59,120,2024-12-26 10:21:26,2024-12-26 10:58:26,,ACCEPTED,4.93,337.28
11,33,104,19,2024-01-17 17:38:29,2024-01-17 18:25:29,2024-01-17 18:56:29,DELIVERED,-3.0,239.72
12,103,104,107,2024-07-26 15:42:33,2024-07-26 16:28:33,2024-07-26 16:28:33,DELIVERED,7.38,671.99
13,28,73,52,2024-09-29 21:30:47,2024-09-29 22:21:47,,PLACED,4.51,488.15
14,57,92,22,2024-01-18 02:36:52,2024-01-18 03:14:52,,ACCEPTED,4.22,345.12
15,220,32,84,2024-09-19 15:23:51,2024-09-19 16:13:51,2024-09-19 16:11:51,DELIVERED,4.93,376.59
16,112,80,60,2024-01-06 19:45:40,2024-01-06 20:14:40,,CANCELLED,8.76,609.45
17,115,12,21,2024-11-03 18:05:00,2024-11-03 18:31:00,,CANCELLED,7.84,321.97
18,200,15,58,2024-11-04 05:24:03,2024-11-04 06:18:03,,PLACED,2.83,299.77
19,169,96,135,2024-08-28 08:21:10,2024-08-28 08:53:10,2024-08-28 08:43:10,DELIVERED,2.63,226.1
20,126,116,122,2024-08-22 20:22:58,2024-08-22 20:53:58,2024-08-22 21:24:58,DELIVERED,7.69,80.0
21,151,47,87,2024-05-17 21:58:38,2024-05-17 22:38:38,,PICKED,5.49,109.59
22,11,115,38,2024-04-13 21:36:47,2024-04-13 22:11:47,2024-04-13 22:22:47,DELIVERED,3.79,491.74
23,134,102,140,2024-03-02 03:14:45,2024-03-02 04:08:45,2024-03-02 04:22:45,DELIVERED,4.7,188.42
24,75,64,118,2024-07-10 22:31:49,2024-07-10 23:21:49,2024-07-10 23:12:49,DELIVERED,5.04,424.93
25,98,3,100,2024-04-05 03:02:22,2024-04-05 03:47:22,2024-04-05 04:15:22,DELIVERED,2.15,422.81
26,107,23,118,2024-01-30 04:31:23,2024-01-30 05:04:23,2024-01-30 04:59:23,DELIVERED,7.35,80.0
27,212,29,89,2024-06-24 03:47:48,2024-06-24 04:19:48,2024-06-24 04:12:48,DELIVERED,4.81,267.12
28,50,59,91,2024-02-06 04:15:14,2024-02-06 04:48:14,2024-02-06 05:22:14,DELIVERED,3.93,158.83
29,45,60,43,2024-10-11 02:17:53,2024-10-11 02:51:53,2024-10-11 03:04:53,DELIVERED,5.52,355.81
30,166,8,116,2024-01-24 04:59:51,2024-01-24 05:41:51,,CANCELLED,3.77,609.9
31,128,120,58,2024-02-22 17:17:57,2024-02-22 18:08:57,,DONE,5.93,104.99
32,170,73,50,2024-06-16 19:32:26,2024-06-16 20:22:26,,CANCELLED,6.64,80.0
33,7,111,15,2024-02-02 18:18:10,2024-02-02 19:11:10,,PLACED,6.12,284.87
34,141,113,44,2024-08-05 22:20:28,2024-08-05 22:49:28,,PLACED,5.51,520.24
35,196,24,92,2024-09-15 16:56:41,2024-09-15 17:31:41,2024-09-15 18:01:41,DELIVERED,6.63,509.69
36,120,81,107,2024-12-13 04:00:47,2024-12-13 04:55:47,,PLACED,5.7,415.06
37,186,79,90,2024-03-09 02:12:05,2024-03-09 02:57:05,2024-03-09 03:32:05,DELIVERED,4.02,651.04
38,22,99,21,2024-03-05 04:53:08,2024-03-05 05:45:08,,CANCELLED,5.7,296.05
39,47,92,83,2024-02-19 21:07:38,2024-02-19 21:35:38,2024-02-19 22:05:38,DELIVERED,2.8,238.11
40,216,78,40,2024-01-09 04:17:59,2024-01-09 04:53:59,2024-01-09 05:04:59,DELIVERED,4.05,237.73
41,109,57,132,2025-01-16 09:10:37,2025-01-16 09:35:37,,ACCEPTED,1.55,191.68
42,194,28,29,2024-03-25 06:33:43,2024-03-25 07:08:43,2024-03-25 07:10:43,DELIVERED,3.33,358.36
43,173,32,102,2024-08-17 09:34:36,2024-08-17 10:11:36,,PICKED,1.93,224.11
44,35,46,25,2024-07-02 13:02:28,2024-07-02 13:42:28,2024-07-02 14:09:28,DELIVERED,2.57,412.65
45,34,29,138,2025-01-03 21:44:20,2025-01-03 22:15:20,,PLACED,4.79,635.47
46,124,84,57,2024-12-09 07:17:38,2024-12-09 07:49:38,2024-12-09 08:23:38,DELIVERED,4.37,80.0
47,161,81,19,2024-01-14 07:23:55,2024-01-14 08:15:55,2024-01-14 08:15:55,DELIVERED,5.28,421.28
48,216,50,64,2024-06-24 14:26:16,2024-06-24 14:52:16,2024-06-24 14:56:16,DELIVERED,3.63,292.02
49,86,85,106,2024-05-15 09:59:58,2024-05-15 10:42:58,2024-05-15 10:50:58,DELIVERED,4.16,80.0
50,39,76,114,2024-02-26 04:04:54,2024-02-26 04:47:54,,CANCELLED,6.47,80.0
51,45,57,105,2024-12-23 02:37:14,,2024-12-23 03:13:14,DELIVERED,3.18,292.73
52,220,33,41,2024-09-03 16:46:39,2024-09-03 17:41:39,2024-09-03 18:07:39,DELIVERED,3.99,716.9
53,135,94,85,2024-04-10 15:40:29,2024-04-10 16:27:29,2024-04-10 16:53:29,DELIVERED,3.09,80.0
54,169,2,62,2024-12-03 22:25:31,2024-12-03 23:14:31,,PICKED,4.49,334.48
55,128,8,43,2024-01-26 03:05:57,2024-01-26 03:59:57,2024-01-26 04:33:57,DELIVERED,7.38,146.9
56,117,100,139,2024-01-14 15:49:53,2024-01-14 16:19:53,,PICKED,4.2,601.97
57,173,67,42,2024-03-09 06:28:10,2024-03-09 06:55:10,2024-03-09 07:18:10,DELIVERED,1.55,411.27
58,184,115,103,2024-10-27 18:13:29,2024-10-27 18:48:29,,PLACED,5.29,446.78
59,87,25,94,2024-09-11 10:29:41,2024-09-11 11:04:41,,ACCEPTED,4.02,80.0
60,180,76,37,2024-12-21 11:21:16,2024-12-21 12:11:16,,PLACED,6.86,276.78
61,157,62,134,2024-12-27 06:09:27,2024-12-27 06:38:27,2024-12-27 07:04:27,DELIVERED,5.22,178.42
62,26,106,115,2024-06-14 11:22:03,2024-06-14 12:08:03,2024-06-14 12:19:03,DELIVERED,6.17,282.46
63,125,76,97,2024-05-18 05:10:39,2024-05-18 05:43:39,2024-05-18 05:51:39,DELIVERED,4.55,230.6
64,47,72,138,2024-03-13 07:23:11,2024-03-13 07:57:11,,ACCEPTED,7.38,430.85
65,74,80,57,2024-11-22 02:36:53,2024-11-22 03:25:53,2024-11-22 03:48:53,DELIVERED,6.73,228.69
66,57,120,130,2024-04-21 03:35:42,2024-04-21 04:02:42,2024-04-21 04:03:42,DELIVERED,4.3,80.0
67,106,112,33,2024-05-05 06:15:57,2024-05-05 07:02:57,2024-05-05 07:23:57,DELIVERED,4.73,441.04
68,110,74,109,2024-04-02 13:23:20,2024-04-02 14:04:20,,ACCEPTED,6.77,439.12
69,184,23,113,2024-05-17 00:48:51,2024-05-17 01:22:51,,PICKED,4.19,377.4
70,6,42,37,2024-08-22 21:44:24,2024-08-22 22:22:24,,ACCEPTED,3.47,211.31
71,60,44,85,2024-03-17 04:55:01,2024-03-17 05:35:01,,ACCEPTED,5.34,313.36
72,163,89,29,2024-07-25 07:17:10,2024-07-25 08:06:10,2024-07-25 08:25:10,DELIVERED,0.5,80.0
73,191,1,71,2024-10-26 21:26:22,2024-10-26 22:07:22,,PLACED,3.05,737.29
74,91,92,84,2024-06-10 00:18:00,2024-06-10 01:11:00,,PLACED,5.75,229.67
75,19,62,75,2024-04-14 07:41:10,2024-04-14 08:22:10,2024-04-14 08:15:10,DELIVERED,8.23,80.0
76,12,69,62,2024-04-26 14:14:48,2024-04-26 15:06:48,2024-04-26 15:14:48,DELIVERED,4.42,369.1
77,123,41,58,2024-12-05 04:40:43,2024-12-05 05:13:43,2024-12-05 05:21:43,DELIVERED,6.28,471.73
78,93,108,71,2024-12-22 06:03:46,2024-12-22 06:44:46,,ACCEPTED,7.41,80.0
79,106,7,116,2025-01-08 06:47:19,2025-01-08 07:40:19,,PLACED,4.01,765.99
80,172,101,112,2024-10-25 03:18:20,2024-10-25 03:55:20,2024-10-25 04:05:20,DELIVERED,4.24,672.92
81,204,57,110,2024-07-09 05:03:02,2024-07-09 05:52:02,,CANCELLED,6.91,369.78
82,147,117,56,2024-02-26 15:03:17,2024-02-26 15:43:17,2024-02-26 15:40:17,DELIVERED,4.83,596.25
83,200,31,70,2024-03-22 03:07:34,2024-03-22 03:42:34,,PICKED,5.81,236.9
84,154,8,68,2025-01-07 20:27:09,2025-01-07 21:06:09,2025-01-07 21:32:09,DELIVERED,3.55,348.03
85,26,69,38,2024-05-13 17:19:57,2024-05-13 18:11:57,,PLACED,4.04,209.56
86,11,54,6,2024-08-24 20:26:31,2024-08-24 21:15:31,2024-08-24 21:42:31,DELIVERED,3.94,366.62
87,219,21,67,2024-02-08 02:59:28,2024-02-08 03:32:28,2024-02-08 03:28:28,DELIVERED,4.3,80.0
88,154,17,65,2024-04-04 03:40:15,2024-04-04 04:19:15,,PLACED,4.02,80.0
89,206,34,59,2024-05-10 01:19:46,2024-05-10 02:10:46,,ACCEPTED,8.94,310.79
90,126,75,140,2024-01-12 00:34:26,2024-01-12 01:21:26,2024-01-12 01:29:26,DELIVERED,6.13,220.01
91,214,48,96,2024-02-12 21:50:12,2024-02-12 22:32:12,2024-02-12 22:49:12,DELIVERED,1.52,110.48
92,101,67,127,2024-08-09 00:26:10,2024-08-09 00:56:10,2024-08-09 01:19:10,DELIVERED,3.65,290.54
93,145,35,49,2024-09-10 17:27:43,2024-09-10 18:18:43,2024-09-10 18:18:43,DELIVERED,8.18,480.46
94,48,20,99,2024-02-11 19:35:44,2024-02-11 20:14:44,2024-02-11 20:18:44,DELIVERED,6.19,471.97
95,54,38,131,2024-04-16 20:39:42,2024-04-16 21:23:42,2024-04-16 21:56:42,DELIVERED,4.57,610.85
96,11,89,82,2025-01-08 15:10:49,2025-01-08 15:51:49,2025-01-08 15:44:49,DELIVERED,2.66,263.19
97,119,110,94,2024-02-22 19:40:24,2024-02-22 20:24:24,2024-02-22 20:37:24,DELIVERED,5.46,337.8
98,127,30,100,2024-06-27 05:38:38,2024-06-27 06:10:38,,ACCEPTED,4.92,647.86
99,36,58,30,2025-01-26 13:18:45,2025-01-26 14:07:45,,PLACED,4.12,602.17
100,119,54,49,2024-11-19 08:34:36,2024-11-19 09:03:36,2024-11-19 09:37:36,DELIVERED,2.79,328.03
101,127,23,45,2024-07-18 09:50:52,2024-07-18 10:35:52,,ACCEPTED,7.59,499.61
102,217,52,113,2024-11-10 19:46:18,2024-11-10 20:36:18,2024-11-10 20:27:18,DELIVERED,4.43,293.27
103,61,85,82,2024-12-28 02:54:38,2024-12-28 03:40:38,2024-12-28 03:32:38,DELIVERED,0.5,423.16
104,134,31,124,2024-06-22 23:56:41,2024-06-23 00:25:41,,PICKED,4.51,96.37
105,117,2,19,2024-08-25 10:08:10,2024-08-25 10:45:10,,PICKED,6.31,313.91
106,95,52,140,2024-05-28 05:27:55,2024-05-28 06:06:55,,PLACED,5.92,209.11
107,57,98,24,2024-05-16 17:48:03,2024-05-16 18:33:03,,CANCELLED,6.0,229.73
108,84,42,28,2024-09-24 13:02:36,2024-09-24 13:30:36,,ACCEPTED,4.09,123.96
109,82,68,87,2024-09-04 11:10:11,2024-09-04 12:05:11,2024-09-04 12:34:11,DELIVERED,3.32,339.34
110,172,68,59,2025-01-10 15:47:22,2025-01-10 16:22:22,2025-01-10 16:44:22,DELIVERED,1.44,443.95
111,129,36,73,2024-12-16 18:09:55,2024-12-16 18:36:55,2024-12-16 18:29:55,DELIVERED,8.24,649.19
112,168,111,139,2024-02-23 13:31:31,2024-02-23 14:02:31,,PLACED,5.6,118.85
113,157,72,15,2024-06-03 20:46:09,2024-06-03 21:26:09,2024-06-03 21:59:09,DELIVERED,5.14,173.15
114,111,102,10,2024-02-03 11:33:38,2024-02-03 12:15:38,,PICKED,5.82,80.0
115,142,120,49,2024-12-06 00:57:35,2024-12-06 01:38:35,,PICKED,3.9,336.9
116,80,92,72,2024-03-19 04:41:01,2024-03-19 05:28:01,,ACCEPTED,2.48,512.27
117,218,88,82,2025-01-25 09:53:23,2025-01-25 10:21:23,2025-01-25 10:12:23,DELIVERED,5.29,251.1
118,161,32,59,2024-04-06 05:21:51,2024-04-06 05:50:51,2024-04-06 05:44:51,DELIVERED,6.86,158.9
119,121,11,34,2024-08-26 09:01:00,2024-08-26 09:56:00,,ACCEPTED,5.28,298.45
120,96,105,111,2024-12-21 18:24:15,2024-12-21 18:57:15,,PICKED,0.5,319.55
121,90,44,64,2024-07-15 02:07:30,2024-07-15 02:54:30,2024-07-15 03:24:30,DELIVERED,9.45,80.0
122,78,97,1,2024-08-28 01:56:12,2024-08-28 02:33:12,,ACCEPTED,7.96,187.1
123,31,79,116,2024-08-02 15:30:19,2024-08-02 16:00:19,2024-08-02 15:59:19,DELIVERED,4.17,111.79
124,134,64,31,2024-07-09 03:23:49,2024-07-09 04:02:49,2024-07-09 04:05:49,DELIVERED,7.29,169.23
125,184,86,8,2024-11-23 15:29:41,2024-11-23 16:06:41,2024-11-23 16:06:41,DELIVERED,8.01,182.58
126,117,84,138,2024-05-28 12:27:41,2024-05-28 13:21:41,2024-05-28 13:31:41,DELIVERED,1.39,194.28
127,30,70,132,2024-06-29 22:06:24,2024-06-29 22:47:24,2024-06-29 23:00:24,DELIVERED,5.77,657.51
128,215,11,22,2024-02-09 18:06:38,2024-02-09 18:36:38,,PICKED,5.89,231.05
129,55,88,99,2024-08-31 06:31:37,2024-08-31 07:22:37,2024-08-31 07:44:37,DELIVERED,3.77,154.98
130,214,35,131,2024-06-23 21:44:23,2024-06-23 22:37:23,2024-06-23 22:35:23,DELIVERED,5.21,343.62
131,122,92,113,2024-10-10 19:18:57,2024-10-10 20:13:57,,ACCEPTED,2.88,207.1
132,93,90,55,2025-01-25 21:31:56,2025-01-25 22:26:56,2025-01-25 22:50:56,DELIVERED,2.96,130.98
133,15,91,36,2024-12-22 00:47:00,2024-12-22 01:12:00,2024-12-22 01:15:00,DELIVERED,3.86,322.86
134,186,82,2,2024-07-06 22:04:30,2024-07-06 22:48:30,,PLACED,6.72,426.42
135,217,104,119,2024-08-30 01:21:08,2024-08-30 01:59:08,,CANCELLED,5.65,525.5
136,75,29,61,2024-04-28 03:15:21,2024-04-28 03:42:21,2024-04-28 04:07:21,DELIVERED,8.01,80.0
137,91,21,128,2024-11-24 19:08:18,2024-11-24 19:53:18,2024-11-24 20:16:18,DELIVERED,4.14,334.8
138,81,72,4,2024-07-01 14:08:59,2024-07-01 14:51:59,2024-07-01 14:51:59,DELIVERED,0.5,117.2
139,43,90,140,2024-06-19 16:40:49,2024-06-19 17:35:49,,ACCEPTED,4.86,161.18
140,69,35,42,2024-01-10 08:45:13,2024-01-10 09:15:13,2024-01-10 09:06:13,DELIVERED,3.83,215.57
141,34,53,56,2024-11-07 17:00:59,2024-11-07 17:55:59,2024-11-07 17:48:59,DELIVERED,7.54,479.98
142,112,3,137,2024-11-20 00:51:37,2024-11-20 01:22:37,,PLACED,1.64,291.08
143,70,49,18,2024-08-20 20:40:32,2024-08-20 21:34:32,2024-08-20 21:28:32,DELIVERED,5.81,101.04
144,112,78,112,2024-07-17 19:55:30,2024-07-17 20:50:30,2024-07-17 21:10:30,DELIVERED,5.16,151.06
145,132,70,116,2024-03-19 15:11:38,2024-03-19 15:52:38,,PLACED,2.78,453.79
146,19,81,74,2024-05-17 16:36:53,2024-05-17 17:10:53,,PLACED,4.99,292.92
147,146,46,45,2024-05-16 00:52:56,2024-05-16 01:35:56,2024-05-16 01:43:56,DELIVERED,4.03,166.24
148,15,27,97,2024-04-11 21:35:02,2024-04-11 22:04:02,2024-04-11 22:04:02,DELIVERED,3.72,140.39
149,205,84,6,2024-04-26 18:03:07,2024-04-26 18:45:07,2024-04-26 18:49:07,DELIVERED,2.52,80.0
150,181,14,40,2024-02-11 01:41:20,2024-02-11 02:17:20,2024-02-11 02:32:20,DELIVERED,5.25,450.54
151,86,91,57,2024-05-08 04:21:29,2024-05-08 04:50:29,2024-05-08 05:15:29,DELIVERED,6.52,334.03
152,7,64,82,2024-04-17 04:28:52,2024-04-17 05:13:52,2024-04-17 05:16:52,DELIVERED,4.47,653.96
153,201,11,5,2024-10-10 23:56:50,2024-10-11 00:35:50,2024-10-11 00:59:50,DELIVERED,4.45,184.33
154,99,36,116,2024-10-09 16:49:45,2024-10-09 17:33:45,,CANCELLED,4.71,431.98
155,127,98,74,2024-06-13 09:09:07,2024-06-13 09:34:07,2024-06-13 09:33:07,DELIVERED,5.73,196.52
156,65,32,94,2024-03-28 05:55:14,2024-03-28 06:34:14,2024-03-28 07:06:14,DELIVERED,4.82,144.16
157,52,2,103,2024-07-21 20:52:51,2024-07-21 21:30:51,2024-07-21 21:45:51,DELIVERED,6.35,146.03
158,29,80,85,2024-09-04 07:14:06,2024-09-04 07:42:06,,PICKED,7.11,406.79
159,198,113,83,2024-07-25 13:52:14,2024-07-25 14:28:14,,PICKED,3.99,295.32
160,173,5,16,2024-10-03 21:25:24,2024-10-03 22:15:24,2024-10-03 22:08:24,DELIVERED,6.14,353.74
161,88,45,130,2024-06-10 17:26:06,2024-06-10 17:57:06,,ACCEPTED,3.88,195.36
162,6,27,12,2024-07-22 10:04:51,2024-07-22 10:53:51,2024-07-22 11:04:51,DELIVERED,6.87,426.46
163,125,68,128,2024-11-06 01:43:54,2024-11-06 02:25:54,,PLACED,3.37,346.19
164,202,33,113,2024-12-23 07:31:35,2024-12-23 08:22:35,,PICKED,5.35,431.63
165,184,25,23,2024-07-11 06:57:11,2024-07-11 07:37:11,,ACCEPTED,9.25,340.76
166,179,72,52,2024-11-02 18:45:48,2024-11-02 19:13:48,2024-11-02 19:03:48,DELIVERED,7.16,261.92
167,182,69,109,2024-05-30 11:35:55,2024-05-30 12:20:55,2024-05-30 12:20:55,DELIVERED,5.68,485.38
168,171,51,111,2024-08-04 15:27:15,2024-08-04 16:02:15,2024-08-04 16:09:15,DELIVERED,6.22,446.7
169,110,108,76,2024-03-05 11:36:00,2024-03-05 12:29:00,,CANCELLED,7.59,341.75
170,5,2,75,2024-06-26 23:31:40,2024-06-27 00:01:40,2024-06-27 00:31:40,DELIVERED,7.57,80.0
171,106,110,71,2024-04-14 19:32:26,2024-04-14 20:19:26,2024-04-14 20:30:26,DELIVERED,2.8,570.56
172,151,10,119,2024-02-21 14:01:39,2024-02-21 14:50:39,2024-02-21 15:13:39,DELIVERED,7.45,138.26
173,162,111,131,2024-12-20 19:33:58,2024-12-20 20:16:58,2024-12-20 20:31:58,DELIVERED,3.42,367.89
174,22,15,56,2024-04-09 17:14:05,2024-04-09 17:39:05,2024-04-09 18:07:05,DELIVERED,3.0,206.72
175,166,12,47,2024-03-12 01:01:33,2024-03-12 01:47:33,2024-03-12 01:59:33,DELIVERED,2.92,190.13
176,51,61,34,2024-02-11 10:33:52,2024-02-11 11:02:52,2024-02-11 11:24:52,DELIVERED,3.87,120.9
177,207,26,75,2024-02-23 18:21:57,2024-02-23 19:15:57,2024-02-23 19:32:57,DELIVERED,4.07,457.38
178,202,68,108,2024-01-16 20:43:07,2024-01-16 21:29:07,,PICKED,4.7,125.67
179,33,19,32,2024-09-05 08:53:10,2024-09-05 09:31:10,,PICKED,5.97,301.31
180,40,5,21,2024-06-14 13:04:44,2024-06-14 13:48:44,2024-06-14 14:16:44,DELIVERED,4.85,557.89
181,112,58,41,2024-10-11 08:48:53,2024-10-11 09:30:53,,ACCEPTED,5.21,354.58
182,183,59,85,2025-01-23 00:07:04,2025-01-23 00:45:04,,PLACED,6.23,120.98
183,55,62,101,2024-01-28 06:40:54,2024-01-28 07:05:54,2024-01-28 07:12:54,DELIVERED,4.91,516.06
184,99,118,126,2024-10-22 09:07:49,2024-10-22 09:52:49,2024-10-22 09:43:49,DELIVERED,4.24,278.19
185,95,118,122,2024-02-14 01:07:59,2024-02-14 01:54:59,2024-02-14 02:19:59,DELIVERED,4.63,271.77
186,144,37,134,2024-07-11 12:04:00,2024-07-11 12:33:00,2024-07-11 12:23:00,DELIVERED,3.44,314.94
187,14,49,2,2025-01-30 05:33:30,2025-01-30 06:12:30,2025-01-30 06:34:30,DELIVERED,2.84,300.26
188,173,28,131,2024-11-25 10:46:02,2024-11-25 11:21:02,2024-11-25 11:15:02,DELIVERED,4.7,390.47
189,40,6,41,2024-10-12 21:11:08,2024-10-12 22:04:08,,PLACED,4.46,231.04
190,183,41,74,2024-07-02 07:15:10,2024-07-02 07:48:10,,PICKED,7.16,333.85
191,27,28,85,2024-12-09 13:44:58,2024-12-09 14:28:58,2024-12-09 14:41:58,DELIVERED,2.8,193.57
192,92,58,37,2024-10-12 10:07:42,2024-10-12 10:55:42,2024-10-12 11:16:42,DELIVERED,4.61,420.59
193,187,59,39,2024-04-15 07:10:15,2024-04-15 07:44:15,2024-04-15 07:35:15,DELIVERED,1.31,319.96
194,36,29,114,2024-01-19 07:59:54,2024-01-19 08:44:54,2024-01-19 09:16:54,DELIVERED,4.15,562.73
195,95,118,96,2024-07-05 06:16:43,2024-07-05 07:07:43,2024-07-05 07:24:43,DELIVERED,6.44,299.04
196,193,102,52,2024-10-03 17:42:56,2024-10-03 18:29:56,2024-10-03 18:26:56,DELIVERED,3.44,260.31
197,61,28,34,2024-01-07 04:01:42,2024-01-07 04:33:42,2024-01-07 04:26:42,DELIVERED,4.02,534.91
198,70,114,111,2024-07-20 21:56:24,2024-07-20 22:45:24,,PICKED,4.28,237.91
199,94,27,52,2024-07-01 04:59:17,2024-07-01 05:27:17,2024-07-01 05:36:17,DELIVERED,4.6,437.1
200,170,84,100,2024-08-07 06:15:59,2024-08-07 06:53:59,2024-08-07 06:54:59,DELIVERED,3.43,193.63
201,73,56,107,2024-02-25 22:40:02,2024-02-25 23:32:02,,PICKED,2.45,481.92
202,129,114,77,2024-04-14 17:12:51,2024-04-14 17:45:51,,PICKED,4.8,191.17
203,219,111,23,2024-08-26 08:42:02,2024-08-26 09:15:02,2024-08-26 09:05:02,DELIVERED,6.77,216.27
204,50,97,6,2024-09-13 17:31:11,2024-09-13 18:02:11,2024-09-13 18:10:11,DELIVERED,4.58,80.0
205,165,1,58,2024-04-03 07:20:54,2024-04-03 08:07:54,2024-04-03 07:57:54,DELIVERED,5.37,258.8
206,158,111,124,2024-10-28 06:29:32,2024-10-28 07:21:32,,CANCELLED,3.94,248.91
207,10,114,54,2024-04-09 04:18:59,2024-04-09 04:54:59,,PICKED,5.7,425.06
208,219,119,73,2024-01-23 04:21:19,2024-01-23 05:01:19,,PLACED,4.22,381.26
209,36,70,84,2024-06-20 12:30:29,2024-06-20 12:56:29,,PICKED,1.6,599.69
210,21,109,136,2024-07-06 10:24:41,2024-07-06 11:14:41,,PICKED,2.77,569.13
211,125,43,100,2024-03-04 07:13:21,2024-03-04 07:57:21,,PICKED,6.39,362.97
212,64,72,105,2024-05-17 17:12:10,2024-05-17 18:06:10,2024-05-17 18:05:10,DELIVERED,6.56,543.63
213,113,14,59,2024-09-16 12:23:51,2024-09-16 12:51:51,2024-09-16 12:44:51,DELIVERED,0.54,211.25
214,15,109,37,2024-02-14 07:57:05,2024-02-14 08:32:05,,PLACED,3.37,205.86
215,32,71,66,2024-10-12 22:00:38,2024-10-12 22:55:38,,PLACED,5.13,288.06
216,158,38,57,2024-07-21 19:56:47,2024-07-21 20:26:47,2024-07-21 20:54:47,DELIVERED,2.57,510.65
217,130,91,133,2024-07-04 18:47:23,2024-07-04 19:41:23,2024-07-04 20:05:23,DELIVERED,4.04,394.15
218,36,46,86,2024-08-02 16:21:47,2024-08-02 16:49:47,,PLACED,7.7,609.08
219,127,34,103,2024-10-09 09:17:34,2024-10-09 09:52:34,2024-10-09 09:45:34,DELIVERED,3.15,629.95
220,90,117,106,2024-03-26 19:57:42,2024-03-26 20:31:42,2024-03-26 20:24:42,DELIVERED,3.67,80.0
221,92,58,122,2024-08-12 15:53:11,2024-08-12 16:38:11,2024-08-12 16:50:11,DELIVERED,3.19,237.23
222,148,30,57,2024-08-18 20:26:15,2024-08-18 21:02:15,2024-08-18 21:10:15,DELIVERED,6.36,176.43
223,22,4,112,2024-03-24 03:23:02,2024-03-24 04:01:02,,PICKED,3.81,378.75
224,108,108,140,2024-11-12 12:54:30,2024-11-12 13:35:30,2024-11-12 13:53:30,DELIVERED,4.92,138.69
225,29,15,138,2024-11-26 09:42:34,2024-11-26 10:37:34,,PLACED,6.48,571.82
226,28,6,27,2024-11-26 14:03:45,2024-11-26 14:54:45,2024-11-26 15:06:45,DELIVERED,3.02,80.0
227,56,27,4,2025-01-28 18:57:24,2025-01-28 19:27:24,2025-01-28 19:24:24,DELIVERED,7.97,106.68
228,96,61,75,2024-02-29 22:19:55,2024-02-29 23:12:55,,PICKED,7.54,411.89
229,1,6,62,2024-04-05 06:02:41,2024-04-05 06:36:41,,PICKED,7.78,80.0
230,146,11,14,2024-06-11 14:48:01,2024-06-11 15:30:01,,ACCEPTED,3.66,295.5
231,210,112,64,2024-08-20 05:15:41,2024-08-20 05:46:41,2024-08-20 05:50:41,DELIVERED,3.45,179.66
232,141,78,57,2024-10-24 02:37:33,2024-10-24 03:26:33,2024-10-24 03:21:33,DELIVERED,3.03,267.13
233,13,81,91,2024-06-05 07:19:03,2024-06-05 07:49:03,2024-06-05 07:50:03,DELIVERED,7.14,80.0
234,67,109,74,2024-02-18 18:17:29,2024-02-18 18:55:29,,PLACED,4.01,241.79
235,15,102,85,2024-07-26 05:02:16,2024-07-26 05:39:16,2024-07-26 06:11:16,DELIVERED,3.8,542.84
236,57,31,13,2024-03-25 23:27:22,2024-03-26 00:02:22,,ACCEPTED,3.87,255.92
237,214,100,58,2024-05-02 03:20:59,2024-05-02 04:10:59,,PICKED,4.27,563.58
238,201,91,123,2024-08-03 12:27:55,2024-08-03 13:12:55,2024-08-03 13:21:55,DELIVERED,1.89,406.0
239,151,42,78,2024-09-20 11:56:09,2024-09-20 12:48:09,,PICKED,3.52,432.66
240,143,6,68,2024-04-14 14:55:09,2024-04-14 15:29:09,2024-04-14 15:40:09,DELIVERED,4.64,80.0
241,106,112,99,2024-08-20 17:02:20,2024-08-20 17:28:20,2024-08-20 17:52:20,DELIVERED,4.7,702.64
242,188,41,7,2024-09-28 11:28:18,2024-09-28 12:03:18,,PLACED,3.5,630.83
243,213,47,120,2024-02-07 20:55:04,2024-02-07 21:46:04,2024-02-07 21:53:04,DELIVERED,4.97,233.29
244,51,120,74,2024-04-17 17:34:55,2024-04-17 18:03:55,,PLACED,5.12,93.62
245,28,40,61,2024-11-17 20:32:55,2024-11-17 20:59:55,2024-11-17 20:51:55,DELIVERED,3.42,357.92
246,110,102,20,2024-11-27 13:48:41,2024-11-27 14:43:41,2024-11-27 14:58:41,DELIVERED,0.5,131.67
247,51,82,130,2024-09-06 23:22:23,2024-09-07 00:11:23,2024-09-07 00:17:23,DELIVERED,5.76,244.06
248,79,106,87,2024-09-09 05:58:34,2024-09-09 06:34:34,,PLACED,6.27,268.68
249,81,40,63,2024-07-26 20:53:52,2024-07-26 21:46:52,,CANCELLED,3.3,204.04
250,32,73,73,2024-04-17 06:38:27,2024-04-17 07:11:27,,ACCEPTED,4.48,143.59
251,82,21,124,2025-01-11 23:04:22,2025-01-11 23:51:22,2025-01-12 00:10:22,DELIVERED,0.5,651.7
252,99,17,70,2024-09-11 19:02:30,2024-09-11 19:37:30,2024-09-11 19:28:30,DELIVERED,4.92,134.19
253,164,108,39,2024-12-21 05:17:59,2024-12-21 06:08:59,,ACCEPTED,3.56,216.72
254,193,109,115,2024-07-28 04:44:07,2024-07-28 05:32:07,2024-07-28 05:25:07,DELIVERED,3.29,547.05
255,216,13,76,2024-07-19 09:49:09,2024-07-19 10:34:09,2024-07-19 10:38:09,DELIVERED,2.25,186.65
256,18,94,22,2024-06-24 14:26:46,2024-06-24 14:52:46,2024-06-24 15:15:46,DELIVERED,9.97,365.16
257,179,12,61,2024-03-12 00:29:27,2024-03-12 00:55:27,2024-03-12 00:46:27,DELIVERED,2.04,558.21
258,198,18,57,2024-09-12 14:27:22,2024-09-12 14:55:22,,PICKED,1.32,152.75
259,151,70,35,2024-11-13 02:17:00,2024-11-13 02:54:00,2024-11-13 03:12:00,DELIVERED,9.16,209.35
260,46,32,39,2024-06-19 15:21:55,2024-06-19 15:59:55,2024-06-19 15:58:55,DELIVERED,3.06,571.0
261,75,23,34,2024-10-09 13:38:36,2024-10-09 14:23:36,,CANCELLED,6.24,159.16
262,105,54,129,2024-03-21 00:47:38,2024-03-21 01:12:38,2024-03-21 01:36:38,DELIVERED,5.75,452.23
263,125,82,90,2024-05-17 23:46:46,2024-05-18 00:36:46,2024-05-18 01:00:46,DELIVERED,4.47,93.03
264,47,59,64,2025-01-03 20:33:57,2025-01-03 20:59:57,2025-01-03 21:01:57,DELIVERED,5.3,290.84
265,197,107,119,2025-01-12 00:44:15,2025-01-12 01:24:15,2025-01-12 01:25:15,DELIVERED,6.15,429.22
266,91,38,120,2024-08-23 03:55:29,2024-08-23 04:40:29,2024-08-23 05:03:29,DELIVERED,5.64,159.59
267,103,108,102,2025-01-27 14:52:36,2025-01-27 15:27:36,2025-01-27 15:59:36,DELIVERED,0.5,80.0
268,93,20,130,2024-11-09 12:49:32,2024-11-09 13:31:32,2024-11-09 13:49:32,DELIVERED,1.67,266.43
269,26,102,114,2025-01-09 10:58:11,2025-01-09 11:31:11,,CANCELLED,1.75,246.52
270,50,117,36,2025-01-10 20:21:20,2025-01-10 21:02:20,,PICKED,1.72,375.76
271,60,31,67,2024-12-17 00:27:52,2024-12-17 00:52:52,,CANCELLED,6.22,276.35
272,162,11,137,2024-12-27 05:04:14,2024-12-27 05:39:14,2024-12-27 05:35:14,DELIVERED,8.51,420.5
273,154,104,122,2024-09-13 15:45:34,2024-09-13 16:13:34,,PICKED,4.05,365.98
274,219,38,132,2025-01-22 15:47:56,2025-01-22 16:41:56,2025-01-22 16:54:56,DELIVERED,9.1,163.05
275,136,98,140,2024-11-17 08:40:55,2024-11-17 09:13:55,,ACCEPTED,8.47,440.61
276,36,16,130,2024-04-12 00:38:33,2024-04-12 01:27:33,,CANCELLED,6.35,353.53
277,16,25,55,2024-09-30 01:59:24,2024-09-30 02:27:24,,PICKED,5.63,344.09
278,215,93,116,2024-07-08 07:03:35,2024-07-08 07:51:35,,PLACED,4.64,313.64
279,158,110,63,2024-04-19 23:49:19,2024-04-20 00:22:19,,CANCELLED,7.3,268.97
280,128,11,21,2024-06-23 21:11:05,2024-06-23 21:38:05,2024-06-23 22:02:05,DELIVERED,1.2,592.67
281,178,69,86,2024-03-12 13:02:38,2024-03-12 13:43:38,2024-03-12 14:09:38,DELIVERED,5.55,220.68
282,6,95,66,2024-06-03 02:27:00,2024-06-03 02:53:00,,PICKED,7.27,220.17
283,136,96,137,2024-08-29 14:55:29,2024-08-29 15:28:29,,PICKED,2.76,327.04
284,184,81,67,2024-04-27 16:21:16,2024-04-27 17:11:16,2024-04-27 17:29:16,DELIVERED,5.68,419.74
285,195,36,72,2024-09-02 09:51:19,2024-09-02 10:43:19,,PICKED,4.27,660.31
286,96,11,74,2024-09-28 20:04:27,2024-09-28 20:37:27,,PICKED,2.99,435.47
287,90,50,108,2024-01-28 05:52:32,2024-01-28 06:29:32,,PLACED,4.48,338.13
288,78,35,17,2024-05-26 00:27:25,2024-05-26 01:19:25,2024-05-26 01:31:25,DELIVERED,8.12,273.66
289,38,100,113,2024-09-13 06:58:31,2024-09-13 07:39:31,,ACCEPTED,4.08,549.68
290,132,105,92,2024-05-21 14:29:54,2024-05-21 15:22:54,2024-05-21 15:29:54,DELIVERED,5.59,319.55
291,220,52,69,2024-04-25 14:52:53,2024-04-25 15:20:53,,PLACED,7.55,287.12
292,154,36,65,2025-01-08 11:09:44,2025-01-08 11:41:44,,ACCEPTED,4.22,624.32
293,146,99,18,2024-04-30 02:00:21,2024-04-30 02:37:21,2024-04-30 03:11:21,DELIVERED,6.19,190.69
294,101,102,51,2024-01-10 18:28:44,2024-01-10 19:18:44,2024-01-10 19:23:44,DELIVERED,3.27,435.3
295,207,114,25,2024-10-06 08:57:13,2024-10-06 09:27:13,2024-10-06 09:35:13,DELIVERED,1.23,205.96
296,66,89,82,2024-04-22 16:47:35,2024-04-22 17:21:35,,ACCEPTED,2.44,512.25
297,35,87,36,2024-01-20 04:21:09,2024-01-20 04:53:09,2024-01-20 04:50:09,DELIVERED,2.49,103.24
298,114,113,77,2024-09-12 23:25:00,2024-09-13 00:17:00,,PLACED,3.86,250.99
299,47,89,62,2024-03-30 15:02:47,2024-03-30 15:55:47,,PICKED,4.49,304.36
300,22,101,100,2024-01-04 21:13:37,2024-01-04 21:59:37,2024-01-04 22:00:37,DELIVERED,4.82,763.39
301,168,39,7,2024-07-12 09:41:47,2024-07-12 10:35:47,,PICKED,4.92,511.07
302,33,20,69,2025-01-14 14:25:47,2025-01-14 14:59:47,,PLACED,3.24,202.22
303,73,82,51,2024-12-28 15:08:34,2024-12-28 15:35:34,2024-12-28 15:29:34,DELIVERED,3.24,215.68
304,64,16,101,2024-08-18 01:02:21,2024-08-18 01:44:21,,ACCEPTED,2.71,80.0
305,196,81,25,2024-10-26 23:10:06,2024-10-26 23:56:06,,PLACED,3.94,236.96
306,91,68,110,2025-01-13 02:45:36,2025-01-13 03:36:36,2025-01-13 04:03:36,DELIVERED,7.2,323.91
307,134,84,74,2024-07-29 07:02:13,2024-07-29 07:37:13,,PICKED,3.5,543.52
308,20,66,100,2024-07-22 14:25:14,2024-07-22 15:08:14,2024-07-22 15:13:14,DELIVERED,5.18,161.88
309,201,94,98,2024-06-09 15:50:41,2024-06-09 16:16:41,,PICKED,5.3,205.92
310,53,66,7,2024-09-04 17:11:09,2024-09-04 17:54:09,2024-09-04 18:05:09,DELIVERED,7.43,509.16
311,208,19,25,2025-01-13 09:00:03,2025-01-13 09:33:03,2025-01-13 09:57:03,DELIVERED,1.18,225.04
312,195,60,22,2024-09-27 10:12:30,2024-09-27 10:39:30,,PICKED,6.54,366.77
313,190,114,87,2024-05-10 02:09:48,2024-05-10 02:54:48,2024-05-10 03:25:48,DELIVERED,2.4,80.0
314,8,65,124,2024-11-03 13:56:40,2024-11-03 14:45:40,2024-11-03 14:36:40,DELIVERED,3.61,502.52
315,46,103,126,2024-02-08 09:38:58,2024-02-08 10:33:58,2024-02-08 10:53:58,DELIVERED,1.11,330.97
316,106,27,123,2024-12-09 10:17:41,2024-12-09 10:57:41,2024-12-09 11:31:41,DELIVERED,3.34,403.03
317,205,25,135,2024-07-01 01:24:41,2024-07-01 02:10:41,,ACCEPTED,5.6,775.16
318,71,27,110,2024-07-16 09:55:07,2024-07-16 10:31:07,,ACCEPTED,5.52,231.62
319,195,19,120,2024-09-10 22:42:56,2024-09-10 23:33:56,2024-09-10 23:34:56,DELIVERED,4.4,303.38
320,118,24,72,2024-04-11 08:00:49,2024-04-11 08:32:49,,ACCEPTED,4.22,218.11
321,94,7,66,2024-02-17 13:30:53,2024-02-17 14:22:53,,PICKED,6.21,293.29
322,22,55,66,2024-01-13 14:08:03,2024-01-13 14:33:03,2024-01-13 14:45:03,DELIVERED,8.27,510.68
323,131,44,68,2024-09-02 03:14:19,2024-09-02 03:49:19,2024-09-02 04:23:19,DELIVERED,2.78,518.44
324,74,40,39,2025-01-17 21:28:11,2025-01-17 22:23:11,2025-01-17 22:35:11,DELIVERED,5.82,334.28
325,142,114,89,2024-01-24 14:36:48,2024-01-24 15:27:48,,ACCEPTED,4.35,565.61
326,115,4,61,2024-02-13 00:28:55,2024-02-13 01:06:55,2024-02-13 01:33:55,DELIVERED,3.15,206.27
327,168,14,35,2024-07-30 18:17:19,2024-07-30 18:52:19,,PICKED,0.5,358.31
328,199,6,9,2024-10-07 17:13:45,2024-10-07 18:07:45,2024-10-07 17:58:45,DELIVERED,4.73,627.92
329,31,89,86,2024-12-28 14:35:48,2024-12-28 15:06:48,,PLACED,4.08,372.73
330,13,74,84,2024-08-10 05:25:52,2024-08-10 06:03:52,,PLACED,4.63,690.07
331,7,3,16,2024-06-06 11:56:14,2024-06-06 12:43:14,,PLACED,4.24,208.11
332,137,107,105,2024-10-22 08:56:49,2024-10-22 09:48:49,,PICKED,4.69,165.0
333,63,45,7,2024-11-17 20:12:52,2024-11-17 20:58:52,2024-11-17 21:19:52,DELIVERED,5.89,312.27
334,67,9,95,2024-04-25 06:18:28,2024-04-25 06:46:28,,PLACED,5.01,689.64
335,49,46,118,2024-06-22 16:36:17,2024-06-22 17:02:17,,PICKED,5.83,275.09
336,198,108,108,2024-07-06 08:22:07,2024-07-06 09:16:07,,PLACED,6.28,303.32
337,91,36,40,2024-09-01 01:30:30,2024-09-01 01:57:30,,ACCEPTED,7.43,480.68
338,53,54,134,2024-01-10 05:21:53,2024-01-10 06:01:53,,PLACED,5.62,500.48
339,125,73,54,2024-04-20 04:56:32,2024-04-20 05:25:32,2024-04-20 05:38:32,DELIVERED,2.47,442.62
340,75,13,44,2024-02-14 20:58:02,2024-02-14 21:29:02,2024-02-14 21:44:02,DELIVERED,4.13,340.4
341,36,13,24,2024-10-28 15:57:54,2024-10-28 16:32:54,,ACCEPTED,3.5,408.83
342,9,43,5,2024-04-21 05:00:00,2024-04-21 05:54:00,2024-04-21 06:22:00,DELIVERED,5.23,544.94
343,146,37,94,2025-01-28 07:55:09,2025-01-28 08:24:09,2025-01-28 08:52:09,DELIVERED,6.05,217.4
344,125,102,48,2024-10-23 19:04:07,2024-10-23 19:37:07,2024-10-23 19:44:07,DELIVERED,3.99,303.72
345,186,42,34,2024-06-25 11:17:12,2024-06-25 12:00:12,2024-06-25 11:55:12,DELIVERED,6.09,104.65
346,197,12,125,2024-06-05 04:08:06,2024-06-05 04:58:06,2024-06-05 05:07:06,DELIVERED,7.23,320.9
347,95,38,80,2024-01-26 17:11:24,2024-01-26 18:01:24,,ACCEPTED,8.63,270.7
348,125,52,121,2024-01-11 08:33:42,2024-01-11 09:11:42,2024-01-11 09:01:42,DELIVERED,6.68,80.0
349,64,63,58,2024-01-12 07:47:12,2024-01-12 08:20:12,2024-01-12 08:50:12,DELIVERED,3.94,693.01
350,144,118,124,2024-08-30 00:53:38,2024-08-30 01:20:38,,CANCELLED,6.45,407.86
351,151,94,114,2025-01-15 19:11:03,2025-01-15 20:00:03,2025-01-15 20:15:03,DELIVERED,1.79,629.57
352,211,76,17,2024-08-10 21:14:49,2024-08-10 21:42:49,2024-08-10 22:09:49,DELIVERED,4.11,333.91
353,139,84,82,2024-06-18 09:01:15,2024-06-18 09:37:15,2024-06-18 09:48:15,DELIVERED,0.9,290.28
354,190,113,102,2024-05-06 16:19:56,2024-05-06 16:52:56,,ACCEPTED,4.99,197.87
355,184,47,95,2025-01-01 15:35:10,2025-01-01 16:06:10,,ACCEPTED,3.82,83.33
356,137,22,11,2024-12-25 01:11:39,2024-12-25 01:37:39,,ACCEPTED,10.29,538.49
357,110,94,106,2024-01-18 01:15:49,2024-01-18 01:40:49,,ACCEPTED,4.32,89.69
358,76,67,23,2024-11-25 20:13:08,2024-11-25 20:39:08,2024-11-25 21:02:08,DELIVERED,3.64,532.74
359,103,37,87,2024-09-06 18:48:56,2024-09-06 19:21:56,,ACCEPTED,4.18,391.17
360,194,72,3,2024-08-02 03:58:46,2024-08-02 04:25:46,,ACCEPTED,5.16,238.07
361,97,18,68,2024-12-18 14:14:54,2024-12-18 14:53:54,,ACCEPTED,2.04,613.74
362,192,61,133,2024-02-07 10:18:11,2024-02-07 10:47:11,2024-02-07 10:59:11,DELIVERED,4.71,95.08
363,75,20,16,2024-05-07 06:01:35,2024-05-07 06:40:35,,ACCEPTED,7.6,80.0
364,209,15,45,2024-01-18 01:19:13,2024-01-18 02:08:13,,PICKED,2.13,452.05
365,17,14,115,2024-02-22 09:32:35,2024-02-22 10:02:35,,ACCEPTED,4.68,199.7
366,57,76,131,2024-07-11 10:27:24,2024-07-11 11:13:24,2024-07-11 11:04:24,DELIVERED,5.91,80.0
367,40,101,111,2024-05-13 16:59:28,2024-05-13 17:27:28,2024-05-13 17:17:28,DELIVERED,4.85,233.18
368,11,103,33,2024-11-25 01:22:04,2024-11-25 01:54:04,2024-11-25 01:48:04,DELIVERED,2.84,239.92
369,126,55,19,2024-03-31 12:16:20,2024-03-31 13:06:20,2024-03-31 13:40:20,DELIVERED,3.71,444.52
370,143,10,87,2024-12-31 13:26:13,2024-12-31 14:11:13,,PICKED,6.54,411.7
371,102,61,17,2024-01-23 12:43:40,2024-01-23 13:19:40,,PICKED,5.58,331.79
372,79,102,76,2025-01-30 19:35:32,2025-01-30 20:15:32,2025-01-30 20:42:32,DELIVERED,5.41,279.6
373,134,52,53,2024-06-14 00:48:48,2024-06-14 01:32:48,,ACCEPTED,2.85,135.45
374,121,119,63,2025-01-01 10:23:48,2025-01-01 11:03:48,2025-01-01 10:58:48,DELIVERED,4.99,343.53
375,116,48,63,2024-02-21 10:13:01,2024-02-21 11:06:01,,PICKED,0.72,122.43
376,14,58,79,2024-09-03 17:10:33,2024-09-03 18:04:33,,PLACED,4.58,80.0
377,146,7,26,2024-07-12 10:21:13,2024-07-12 10:48:13,,PLACED,4.43,566.67
378,117,9,38,2024-08-09 18:18:57,2024-08-09 18:47:57,,CANCELLED,3.81,459.0
379,134,59,125,2024-09-13 13:52:44,2024-09-13 14:22:44,2024-09-13 14:13:44,DELIVERED,3.27,283.95
380,45,37,8,2024-03-15 03:41:10,2024-03-15 04:24:10,2024-03-15 04:31:10,DELIVERED,6.99,458.79
381,192,36,64,2025-01-26 17:45:51,2025-01-26 18:27:51,2025-01-26 18:29:51,DELIVERED,3.82,158.61
382,120,19,36,2024-06-13 13:31:31,2024-06-13 14:24:31,2024-06-13 14:45:31,DELIVERED,1.6,214.91
383,18,63,90,2024-08-09 21:53:15,2024-08-09 22:43:15,2024-08-09 23:03:15,DELIVERED,7.49,80.0
384,3,118,62,2025-01-15 08:51:29,2025-01-15 09:39:29,,PLACED,6.36,656.85
385,96,76,95,2024-11-17 18:44:53,2024-11-17 19:33:53,2024-11-17 19:46:53,DELIVERED,5.53,494.58
386,103,106,79,2024-11-07 15:21:45,2024-11-07 16:02:45,2024-11-07 16:10:45,DELIVERED,7.27,159.72
387,164,7,29,2024-04-15 04:02:58,2024-04-15 04:38:58,2024-04-15 04:39:58,DELIVERED,3.21,540.88
388,55,114,114,2024-04-06 02:53:53,2024-04-06 03:45:53,2024-04-06 03:43:53,DELIVERED,2.07,119.15
389,26,18,46,2024-06-15 11:26:54,2024-06-15 12:16:54,2024-06-15 12:45:54,DELIVERED,9.42,233.24
390,8,38,56,2024-01-04 07:36:56,2024-01-04 08:26:56,,ACCEPTED,4.72,239.88
391,153,88,132,2024-01-10 22:41:41,2024-01-10 23:28:41,,PLACED,6.62,512.02
392,175,48,118,2024-08-17 16:56:51,2024-08-17 17:31:51,2024-08-17 17:21:51,DELIVERED,4.01,286.86
393,44,91,114,2024-02-22 03:50:53,2024-02-22 04:43:53,2024-02-22 05:02:53,DELIVERED,4.79,345.61
394,124,35,74,2024-08-16 08:12:53,2024-08-16 08:59:53,2024-08-16 09:05:53,DELIVERED,6.5,636.26
395,1,41,134,2024-03-30 23:44:45,2024-03-31 00:19:45,2024-03-31 00:46:45,DELIVERED,4.54,586.69
396,59,59,137,2024-10-16 06:15:28,2024-10-16 06:52:28,,PICKED,7.17,365.06
397,9,96,14,2025-01-31 15:18:05,2025-01-31 16:08:05,,ACCEPTED,4.78,338.67
398,12,16,129,2024-12-10 01:59:03,2024-12-10 02:47:03,,PICKED,3.95,581.27
399,202,40,13,2024-09-19 09:58:09,2024-09-19 10:31:09,,PLACED,3.87,287.11
400,167,43,104,2024-12-28 22:17:17,2024-12-28 23:10:17,2024-12-28 23:26:17,DELIVERED,7.25,305.65
401,187,74,23,2024-11-30 03:46:16,2024-11-30 04:19:16,,PICKED,4.27,176.51
402,1,116,119,2024-06-29 10:48:25,2024-06-29 11:14:25,2024-06-29 11:35:25,DELIVERED,7.17,436.83
403,15,84,112,2024-01-11 22:41:00,2024-01-11 23:33:00,,PICKED,6.71,166.23
404,98,22,120,2024-05-08 23:22:20,2024-05-09 00:03:20,2024-05-09 00:29:20,DELIVERED,4.69,335.29
405,86,103,87,2024-11-29 03:17:44,2024-11-29 03:58:44,,PICKED,2.72,305.63
406,113,57,88,2024-02-07 01:43:53,2024-02-07 02:38:53,,PICKED,5.22,280.21
407,195,106,50,2024-08-02 23:52:24,2024-08-03 00:39:24,,ACCEPTED,2.72,375.06
408,159,72,25,2025-01-25 23:54:20,2025-01-26 00:32:20,2025-01-26 00:37:20,DELIVERED,2.61,80.0
409,114,61,75,2024-06-15 19:40:20,2024-06-15 20:29:20,2024-06-15 21:04:20,DELIVERED,7.64,257.06
410,11,89,1,2024-02-14 15:02:48,2024-02-14 15:30:48,2024-02-14 15:24:48,DELIVERED,5.53,147.63
411,146,110,1,2024-06-21 14:31:51,2024-06-21 15:18:51,2024-06-21 15:49:51,DELIVERED,2.65,406.13
412,89,33,27,2024-05-19 21:41:36,2024-05-19 22:06:36,2024-05-19 22:10:36,DELIVERED,4.96,301.4
413,184,110,5,2024-06-03 10:21:41,2024-06-03 10:46:41,,PLACED,6.9,424.01
414,71,40,75,2024-02-23 21:47:35,2024-02-23 22:37:35,,ACCEPTED,4.89,80.0
415,215,79,51,2024-11-22 14:28:57,2024-11-22 15:14:57,2024-11-22 15:13:57,DELIVERED,8.11,562.1
416,215,116,39,2024-01-23 04:44:46,2024-01-23 05:30:46,2024-01-23 05:57:46,DELIVERED,4.18,235.56
417,66,35,50,2024-12-06 22:31:21,2024-12-06 23:07:21,2024-12-06 23:42:21,DELIVERED,7.66,605.93
418,40,29,54,2024-01-05 07:51:49,2024-01-05 08:36:49,2024-01-05 09:06:49,DELIVERED,7.5,162.64
419,130,83,120,2024-04-16 18:10:37,2024-04-16 18:42:37,,PICKED,4.93,646.94
420,200,11,18,2024-04-06 16:53:26,2024-04-06 17:43:26,,PLACED,4.49,437.37
421,181,60,56,2024-05-15 13:04:44,2024-05-15 13:41:44,2024-05-15 14:00:44,DELIVERED,5.33,342.66
422,142,43,36,2024-08-06 16:19:49,2024-08-06 16:52:49,2024-08-06 17:25:49,DELIVERED,3.61,219.92
423,20,95,98,2025-01-13 01:45:38,2025-01-13 02:28:38,,PICKED,1.3,206.21
424,10,111,111,2024-04-09 18:06:06,2024-04-09 18:57:06,,PLACED,2.33,555.87
425,111,46,136,2024-07-08 20:13:07,2024-07-08 21:00:07,2024-07-08 20:56:07,DELIVERED,1.38,274.73
426,183,81,76,2024-07-10 20:47:09,2024-07-10 21:15:09,,ACCEPTED,1.16,179.56
427,169,89,83,2024-04-11 09:55:19,2024-04-11 10:28:19,,PICKED,3.08,798.24
428,209,14,41,2024-08-04 18:02:27,2024-08-04 18:28:27,,PICKED,2.52,490.24
429,143,79,98,2024-08-26 12:18:01,2024-08-26 12:44:01,2024-08-26 12:43:01,DELIVERED,6.66,376.43
430,94,21,37,2024-08-21 00:07:45,2024-08-21 00:47:45,2024-08-21 00:59:45,DELIVERED,5.45,408.77
431,138,10,39,2024-03-13 03:01:30,2024-03-13 03:48:30,,CANCELLED,4.07,204.07
432,217,105,82,2024-09-03 18:41:53,2024-09-03 19:20:53,,ACCEPTED,2.52,326.34
433,155,95,88,2024-12-25 12:30:35,2024-12-25 13:14:35,2024-12-25 13:18:35,DELIVERED,2.56,300.84
434,18,79,77,2024-02-22 18:08:19,2024-02-22 18:48:19,2024-02-22 18:54:19,DELIVERED,3.72,448.69
435,32,88,129,2024-12-15 15:22:18,2024-12-15 16:14:18,2024-12-15 16:13:18,DELIVERED,5.57,242.48
436,60,46,114,2024-10-24 20:30:05,2024-10-24 21:24:05,2024-10-24 21:59:05,DELIVERED,2.45,336.89
437,79,47,9,2024-12-17 05:02:53,2024-12-17 05:28:53,2024-12-17 05:20:53,DELIVERED,2.65,649.02
438,189,31,75,2024-03-22 14:11:00,2024-03-22 14:43:00,2024-03-22 14:46:00,DELIVERED,5.16,223.66
439,37,81,20,2024-07-24 17:06:09,2024-07-24 17:45:09,,PLACED,4.35,433.82
440,58,31,27,2024-02-19 14:43:40,2024-02-19 15:16:40,,ACCEPTED,6.73,219.92
441,193,99,37,2024-02-25 05:31:06,2024-02-25 06:20:06,2024-02-25 06:48:06,DELIVERED,6.91,360.92
442,84,9,121,2025-01-14 21:03:59,2025-01-14 21:58:59,2025-01-14 21:49:59,DELIVERED,3.7,365.19
443,204,103,136,2024-06-03 03:19:03,2024-06-03 04:08:03,2024-06-03 04:32:03,DELIVERED,4.15,100.09
444,129,115,111,2024-11-20 18:25:30,2024-11-20 19:16:30,2024-11-20 19:48:30,DELIVERED,6.89,149.98
445,39,67,135,2024-03-04 13:30:33,2024-03-04 14:03:33,2024-03-04 14:02:33,DELIVERED,2.67,357.91
446,207,35,89,2024-07-12 00:08:16,2024-07-12 00:36:16,2024-07-12 00:46:16,DELIVERED,6.44,261.67
447,83,101,29,2024-03-17 12:44:27,2024-03-17 13:37:27,2024-03-17 13:36:27,DELIVERED,6.02,80.0
448,5,65,108,2024-02-05 12:19:25,2024-02-05 12:52:25,,PICKED,4.16,427.34
449,35,18,115,2024-10-01 17:47:43,2024-10-01 18:39:43,,ACCEPTED,6.92,505.25
450,158,29,113,2024-10-24 08:06:02,2024-10-24 08:50:02,,PICKED,4.77,330.31
451,210,5,43,2024-07-10 05:59:24,2024-07-10 06:42:24,2024-07-10 06:58:24,DELIVERED,5.62,358.92
452,84,82,44,2024-07-10 21:03:38,2024-07-10 21:45:38,2024-07-10 21:50:38,DELIVERED,4.98,479.92
453,186,117,102,2024-01-17 20:32:47,2024-01-17 21:03:47,,ACCEPTED,5.35,80.0
454,106,120,85,2024-04-21 16:21:47,2024-04-21 17:00:47,,ACCEPTED,3.59,462.5
455,138,16,132,2024-12-23 21:21:09,2024-12-23 22:09:09,2024-12-23 22:37:09,DELIVERED,8.87,416.37
456,13,64,51,2024-11-28 14:18:39,2024-11-28 15:08:39,2024-11-28 15:33:39,DELIVERED,5.16,501.66
457,210,105,103,2024-03-04 07:22:49,2024-03-04 07:58:49,2024-03-04 07:51:49,DELIVERED,4.37,251.15
458,1,10,78,2024-01-14 16:23:05,2024-01-14 16:53:05,2024-01-14 16:44:05,DELIVERED,6.85,381.16
459,62,65,30,2024-04-25 20:20:06,2024-04-25 21:05:06,2024-04-25 21:25:06,DELIVERED,5.29,411.69
460,206,94,112,2024-12-01 09:05:24,2024-12-01 09:30:24,,PLACED,8.59,403.28
461,180,106,98,2024-05-24 23:27:09,2024-05-25 00:21:09,2024-05-25 00:51:09,DELIVERED,3.81,392.91
462,67,67,72,2024-01-05 22:00:45,2024-01-05 22:31:45,2024-01-05 22:40:45,DELIVERED,5.94,102.46
463,192,1,121,2024-05-13 22:52:57,2024-05-13 23:21:57,2024-05-13 23:55:57,DELIVERED,3.21,252.94
464,213,29,62,2024-03-23 00:36:01,2024-03-23 01:31:01,2024-03-23 01:39:01,DELIVERED,7.49,115.72
465,95,28,11,2024-10-08 08:39:05,2024-10-08 09:07:05,2024-10-08 09:35:05,DELIVERED,3.68,256.53
466,81,14,127,2024-03-01 13:15:07,2024-03-01 13:43:07,,PLACED,2.65,373.81
467,214,107,128,2024-11-27 22:40:57,2024-11-27 23:22:57,2024-11-27 23:16:57,DELIVERED,1.0,466.57
468,163,84,136,2024-05-14 01:40:54,2024-05-14 02:24:54,2024-05-14 02:57:54,DELIVERED,4.13,374.34
469,148,20,88,2024-10-02 00:56:56,2024-10-02 01:32:56,2024-10-02 02:02:56,DELIVERED,2.28,333.64
470,40,65,98,2024-03-21 19:00:40,2024-03-21 19:26:40,,CANCELLED,3.95,124.41
471,59,53,96,2024-07-26 18:42:17,2024-07-26 19:33:17,2024-07-26 19:52:17,DELIVERED,4.17,402.45
472,194,110,137,2024-08-09 15:51:58,2024-08-09 16:41:58,,PICKED,2.64,233.12
473,9,95,74,2024-02-04 18:03:27,2024-02-04 18:44:27,,PLACED,1.35,80.0
474,153,80,64,2024-03-15 07:48:31,2024-03-15 08:35:31,,PLACED,3.79,80.0
475,14,55,74,2024-02-22 02:03:34,2024-02-22 02:38:34,2024-02-22 03:00:34,DELIVERED,4.45,381.65
476,186,25,118,2024-03-20 10:59:39,2024-03-20 11:54:39,,PICKED,4.41,287.86
477,148,60,8,2024-06-28 19:40:28,2024-06-28 20:09:28,2024-06-28 19:59:28,DELIVERED,4.08,122.21
478,36,114,135,2024-05-22 17:17:42,2024-05-22 17:46:42,,CANCELLED,2.34,257.31
479,13,70,76,2024-03-05 04:21:20,2024-03-05 04:56:20,,ACCEPTED,2.59,192.87
480,141,25,39,2024-10-02 04:50:35,2024-10-02 05:17:35,2024-10-02 05:29:35,DELIVERED,3.92,455.91
481,138,47,68,2024-12-10 23:45:45,2024-12-11 00:39:45,2024-12-11 00:39:45,DELIVERED,6.03,82.95
482,197,18,2,2024-06-21 13:36:40,2024-06-21 14:22:40,2024-06-21 14:43:40,DELIVERED,3.68,128.42
483,19,50,73,2024-06-09 17:20:32,2024-06-09 17:57:32,,PICKED,5.42,85.04
484,33,100,138,2024-04-02 18:46:15,2024-04-02 19:15:15,,ACCEPTED,8.03,659.58
485,53,41,90,2024-08-07 00:10:13,2024-08-07 00:48:13,2024-08-07 00:51:13,DELIVERED,5.07,291.64
486,50,73,14,2024-08-31 03:11:16,2024-08-31 04:01:16,2024-08-31 04:05:16,DELIVERED,3.9,151.59
487,42,110,122,2024-09-15 23:20:00,2024-09-15 23:53:00,,PICKED,7.1,606.36
488,198,120,124,2024-06-29 03:42:34,2024-06-29 04:23:34,2024-06-29 04:29:34,DELIVERED,3.77,356.61
489,110,36,75,2025-01-23 02:26:27,2025-01-23 03:02:27,2025-01-23 03:20:27,DELIVERED,6.35,123.55
490,30,111,25,2025-01-06 09:38:03,2025-01-06 10:25:03,2025-01-06 10:17:03,DELIVERED,4.58,80.0
491,77,37,101,2024-01-10 22:14:10,2024-01-10 23:04:10,2024-01-10 23:13:10,DELIVERED,5.03,407.92
492,114,116,113,2024-03-02 05:45:43,2024-03-02 06:35:43,,PLACED,6.94,418.48
493,220,17,4,2024-08-02 18:07:34,2024-08-02 19:02:34,2024-08-02 19:04:34,DELIVERED,5.4,199.93
494,220,19,16,2024-03-09 09:38:30,2024-03-09 10:04:30,,ACCEPTED,0.5,393.68
495,182,109,81,2024-10-11 20:07:22,2024-10-11 20:41:22,2024-10-11 21:13:22,DELIVERED,4.97,346.06
496,113,94,59,2024-10-22 10:28:48,2024-10-22 11:08:48,2024-10-22 11:12:48,DELIVERED,2.24,558.86
497,166,46,50,2024-05-05 15:36:47,2024-05-05 16:26:47,2024-05-05 16:51:47,DELIVERED,3.06,727.38
498,138,4,7,2024-03-06 10:16:19,2024-03-06 10:55:19,2024-03-06 10:48:19,DELIVERED,5.73,432.49
499,102,87,45,2024-12-15 17:37:09,2024-12-15 18:27:09,,ACCEPTED,1.33,420.45
500,177,39,18,2024-10-28 18:22:51,2024-10-28 18:51:51,,PLACED,4.91,495.24
501,89,22,13,2024-02-15 15:38:37,2024-02-15 16:16:37,2024-02-15 16:46:37,DELIVERED,3.39,80.0
502,146,61,44,2024-08-01 20:53:03,2024-08-01 21:23:03,2024-08-01 21:53:03,DELIVERED,3.29,229.49
503,82,113,81,2024-11-09 11:49:54,2024-11-09 12:42:54,,ACCEPTED,5.62,80.0
504,141,89,105,2024-01-20 20:02:50,2024-01-20 20:55:50,,PICKED,3.61,734.6
505,108,115,109,2024-11-17 00:23:49,2024-11-17 00:57:49,2024-11-17 01:28:49,DELIVERED,5.19,132.43
506,175,8,45,2024-09-06 22:11:27,2024-09-06 22:38:27,2024-09-06 23:02:27,DELIVERED,5.73,211.82
507,46,44,126,2024-02-26 22:09:18,2024-02-26 23:01:18,,ACCEPTED,6.22,565.3
508,180,107,76,2024-07-29 12:36:35,2024-07-29 13:11:35,2024-07-29 13:10:35,DELIVERED,6.74,590.27
509,96,42,74,2024-05-21 06:08:28,2024-05-21 06:58:28,2024-05-21 07:07:28,DELIVERED,2.34,653.19
510,152,67,9,2024-02-11 17:27:54,2024-02-11 17:53:54,2024-02-11 18:13:54,DELIVERED,0.5,499.14
511,205,25,52,2025-01-28 06:10:22,2025-01-28 06:55:22,,ACCEPTED,5.11,200.87
512,206,3,23,2024-07-04 12:43:53,2024-07-04 13:10:53,,ACCEPTED,5.31,382.79
513,133,25,78,2024-10-04 21:45:26,2024-10-04 22:28:26,,ACCEPTED,2.21,354.41
514,106,119,76,2024-03-22 23:39:52,2024-03-23 00:31:52,,PICKED,7.28,338.29
515,60,3,135,2024-10-18 22:38:51,2024-10-18 23:04:51,,ACCEPTED,5.19,233.82
516,136,44,13,2024-05-05 11:48:07,2024-05-05 12:38:07,2024-05-05 12:31:07,DELIVERED,0.75,600.65
517,91,17,42,2024-02-15 11:52:13,2024-02-15 12:45:13,,PICKED,7.27,366.94
518,89,77,87,2025-01-05 22:45:05,2025-01-05 23:18:05,2025-01-05 23:18:05,DELIVERED,4.09,511.19
519,127,80,101,2024-12-20 11:20:28,2024-12-20 12:10:28,,PLACED,10.02,430.03
520,52,81,21,2025-01-22 22:20:14,2025-01-22 23:12:14,2025-01-22 23:29:14,DELIVERED,3.92,359.69
521,3,26,34,2024-12-04 21:09:02,2024-12-04 22:03:02,2024-12-04 22:38:02,DELIVERED,3.73,80.0
522,201,102,59,2024-05-29 10:02:26,2024-05-29 10:48:26,,ACCEPTED,2.93,453.7
523,78,72,56,2024-01-27 05:21:06,2024-01-27 05:47:06,2024-01-27 06:01:06,DELIVERED,2.95,269.14
524,106,92,2,2024-01-07 13:43:36,2024-01-07 14:33:36,2024-01-07 14:54:36,DELIVERED,5.52,600.76
525,103,54,24,2024-07-13 13:28:37,2024-07-13 13:55:37,,ACCEPTED,7.47,389.26
526,98,2,88,2024-09-03 09:47:04,2024-09-03 10:23:04,2024-09-03 10:35:04,DELIVERED,7.43,542.18
527,129,115,138,2024-06-06 03:29:30,2024-06-06 04:19:30,2024-06-06 04:54:30,DELIVERED,4.64,117.42
528,122,90,25,2024-05-20 13:34:10,2024-05-20 14:23:10,2024-05-20 14:22:10,DELIVERED,2.78,221.35
529,52,67,53,2024-11-04 13:06:06,2024-11-04 13:33:06,,PICKED,3.67,371.89
530,104,18,69,2024-05-30 16:40:38,2024-05-30 17:33:38,,CANCELLED,3.74,304.12
531,210,82,111,2024-06-21 16:06:17,2024-06-21 16:51:17,2024-06-21 17:19:17,DELIVERED,3.38,88.79
532,131,40,140,2024-11-13 03:37:04,2024-11-13 04:03:04,2024-11-13 03:59:04,DELIVERED,5.19,315.68
533,102,22,116,2024-09-21 15:45:07,2024-09-21 16:37:07,2024-09-21 16:32:07,DELIVERED,6.93,80.0
534,58,44,77,2024-01-05 13:03:12,2024-01-05 13:33:12,,ACCEPTED,4.61,135.17
535,89,83,127,2024-09-13 05:04:29,2024-09-13 05:42:29,2024-09-13 05:45:29,DELIVERED,5.51,383.07
536,59,31,57,2024-10-21 06:24:08,2024-10-21 07:10:08,2024-10-21 07:13:08,DELIVERED,7.69,357.01
537,200,4,118,2024-07-02 05:04:37,2024-07-02 05:33:37,2024-07-02 05:26:37,DELIVERED,3.21,171.56
538,146,46,6,2024-04-28 13:52:53,2024-04-28 14:36:53,,PICKED,7.62,196.31
539,66,59,129,2025-01-13 10:08:09,2025-01-13 10:46:09,2025-01-13 10:44:09,DELIVERED,4.63,570.87
540,2,8,110,2024-08-13 12:24:22,2024-08-13 12:55:22,2024-08-13 13:08:22,DELIVERED,6.48,519.44
541,3,13,40,2024-04-07 20:50:37,2024-04-07 21:28:37,,PLACED,4.71,80.0
542,129,40,102,2024-01-27 11:06:44,2024-01-27 11:42:44,2024-01-27 11:38:44,DELIVERED,6.07,501.1
543,131,6,36,2024-05-18 21:16:36,2024-05-18 22:08:36,,ACCEPTED,5.13,482.73
544,133,71,36,2024-11-14 18:43:11,2024-11-14 19:35:11,2024-11-14 19:47:11,DELIVERED,6.96,155.64
545,32,1,89,2024-06-14 00:42:30,2024-06-14 01:20:30,,PICKED,6.84,464.22
546,216,54,94,2024-05-22 00:14:12,2024-05-22 01:09:12,,PLACED,3.19,417.98
547,209,72,51,2024-02-22 10:11:54,2024-02-22 10:39:54,2024-02-22 10:47:54,DELIVERED,2.24,176.88
548,173,73,44,2024-05-29 04:39:02,2024-05-29 05:19:02,2024-05-29 05:12:02,DELIVERED,6.56,121.62
549,209,55,24,2024-09-05 09:41:54,2024-09-05 10:17:54,,ACCEPTED,5.39,234.69
550,92,51,93,2024-03-23 23:27:27,2024-03-24 00:08:27,,PICKED,2.91,102.17
551,53,21,87,2024-03-21 16:06:05,2024-03-21 16:47:05,,ACCEPTED,6.4,221.6
552,168,83,85,2024-06-26 08:08:43,2024-06-26 08:48:43,2024-06-26 09:07:43,DELIVERED,6.24,455.52
553,175,34,55,2024-03-06 20:20:47,2024-03-06 20:51:47,2024-03-06 20:44:47,DELIVERED,2.16,600.94
554,97,49,98,2024-10-30 14:55:16,2024-10-30 15:25:16,2024-10-30 15:50:16,DELIVERED,3.02,431.46
555,220,84,78,2024-10-14 21:18:55,2024-10-14 22:09:55,2024-10-14 22:32:55,DELIVERED,9.08,241.09
556,97,15,81,2025-01-06 10:17:47,2025-01-06 10:57:47,2025-01-06 11:30:47,DELIVERED,7.45,192.02
557,159,54,41,2024-07-20 15:30:52,2024-07-20 16:10:52,,CANCELLED,2.55,319.76
558,215,78,100,2024-11-16 20:50:45,2024-11-16 21:44:45,,ACCEPTED,0.96,278.17
559,61,118,106,2024-09-26 14:17:40,2024-09-26 14:42:40,2024-09-26 14:36:40,DELIVERED,5.11,205.67
560,206,74,138,2024-04-22 03:54:42,2024-04-22 04:33:42,2024-04-22 04:30:42,DELIVERED,2.79,317.44
561,81,43,105,2024-04-29 04:32:14,2024-04-29 04:57:14,2024-04-29 05:01:14,DELIVERED,4.62,621.54
562,40,9,10,2024-09-24 13:37:19,2024-09-24 14:08:19,,PICKED,5.99,757.79
563,62,72,84,2024-01-17 20:22:52,2024-01-17 21:16:52,2024-01-17 21:06:52,DELIVERED,6.64,541.17
564,90,111,29,2024-01-29 11:35:00,2024-01-29 12:22:00,,PLACED,3.82,516.86
565,66,9,82,2024-11-11 07:56:11,2024-11-11 08:21:11,,CANCELLED,5.11,458.12
566,20,109,115,2024-05-18 17:38:00,2024-05-18 18:10:00,,CANCELLED,2.51,393.65
567,194,89,118,2024-05-28 11:12:59,2024-05-28 12:00:59,,CANCELLED,5.05,491.52
568,71,93,72,2024-04-30 07:57:53,2024-04-30 08:23:53,,ACCEPTED,2.36,389.19
569,5,102,82,2024-06-14 10:11:10,2024-06-14 11:02:10,2024-06-14 11:05:10,DELIVERED,5.65,298.16
570,178,42,70,2024-10-26 10:52:52,2024-10-26 11:34:52,,PLACED,2.82,117.3
571,178,12,43,2024-09-09 22:38:58,2024-09-09 23:11:58,2024-09-09 23:19:58,DELIVERED,3.98,472.69
572,113,7,45,2024-04-17 06:20:18,2024-04-17 06:45:18,,PLACED,5.66,231.23
573,124,24,115,2024-07-26 00:33:25,2024-07-26 01:16:25,,PLACED,3.36,335.66
574,120,84,6,2024-09-27 22:37:55,2024-09-27 23:13:55,,ACCEPTED,7.24,365.78
575,192,3,4,2024-05-13 18:52:25,2024-05-13 19:30:25,2024-05-13 19:58:25,DELIVERED,1.93,795.97
576,88,36,97,2024-08-08 00:40:59,2024-08-08 01:33:59,2024-08-08 01:44:59,DELIVERED,9.3,717.34
577,138,30,67,2024-07-27 21:43:04,2024-07-27 22:28:04,2024-07-27 22:20:04,DELIVERED,3.63,301.77
578,86,119,95,2024-06-05 03:37:05,2024-06-05 04:09:05,2024-06-05 04:41:05,DELIVERED,7.1,554.45
579,109,83,134,2024-12-24 10:59:31,2024-12-24 11:43:31,2024-12-24 11:53:31,DELIVERED,6.36,362.16
580,9,83,63,2024-12-15 21:37:42,2024-12-15 22:14:42,2024-12-15 22:30:42,DELIVERED,2.56,322.83
581,117,41,32,2024-06-12 09:16:20,2024-06-12 09:49:20,,CANCELLED,3.71,81.85
582,125,78,1,2024-02-01 11:56:09,2024-02-01 12:28:09,,PICKED,6.98,80.0
583,161,9,123,2024-06-21 22:02:31,2024-06-21 22:27:31,,PLACED,5.81,287.89
584,50,54,82,2025-01-23 17:18:35,2025-01-23 17:48:35,,PICKED,6.21,80.0
585,199,100,139,2024-07-08 20:59:09,2024-07-08 21:41:09,,ACCEPTED,5.87,423.22
586,22,10,66,2024-04-22 04:02:48,2024-04-22 04:29:48,2024-04-22 04:54:48,DELIVERED,2.82,476.15
587,132,32,84,2024-10-11 14:36:19,2024-10-11 15:14:19,,ACCEPTED,7.13,430.44
588,130,98,20,2024-08-21 13:37:41,2024-08-21 14:11:41,,ACCEPTED,6.14,330.29
589,167,95,89,2024-02-26 10:40:28,2024-02-26 11:34:28,2024-02-26 11:24:28,DELIVERED,4.81,192.46
590,37,15,22,2024-02-12 22:48:23,2024-02-12 23:20:23,,PICKED,5.16,256.37
591,158,39,14,2024-08-17 20:38:56,2024-08-17 21:32:56,2024-08-17 21:57:56,DELIVERED,6.29,80.0
592,200,32,133,2024-04-15 22:24:09,2024-04-15 23:11:09,,PICKED,8.34,607.26
593,22,112,96,2024-12-09 02:59:07,2024-12-09 03:51:07,2024-12-09 04:21:07,DELIVERED,1.76,80.0
594,191,93,77,2024-11-18 11:57:16,2024-11-18 12:23:16,2024-11-18 12:51:16,DELIVERED,3.14,453.64
595,181,90,123,2024-04-12 08:39:26,2024-04-12 09:18:26,,CANCELLED,1.83,452.05
596,159,73,129,2024-09-28 00:15:04,2024-09-28 00:42:04,2024-09-28 00:34:04,DELIVERED,5.95,334.3
597,179,29,85,2024-01-25 14:39:47,2024-01-25 15:04:47,2024-01-25 14:58:47,DELIVERED,1.2,505.07
598,77,79,109,2024-12-23 14:55:18,2024-12-23 15:34:18,,PICKED,3.35,618.62
599,200,37,40,2024-09-24 14:41:16,2024-09-24 15:06:16,2024-09-24 15:34:16,DELIVERED,4.78,245.82
600,99,94,4,2024-02-24 06:12:33,2024-02-24 06:52:33,,ACCEPTED,2.56,679.5
601,99,87,32,2024-02-08 16:48:44,2024-02-08 17:24:44,2024-02-08 17:19:44,DELIVERED,0.89,358.47
602,89,116,44,2024-08-21 11:24:05,2024-08-21 12:03:05,,ACCEPTED,5.05,322.17
603,94,64,122,2024-03-24 09:03:29,2024-03-24 09:29:29,,PICKED,8.5,177.09
604,202,97,69,2024-03-30 22:23:37,2024-03-30 23:04:37,,ACCEPTED,5.31,113.53
605,9,32,75,2024-03-29 16:58:33,2024-03-29 17:37:33,,PICKED,2.61,811.18
606,149,57,86,2024-05-13 08:44:59,2024-05-13 09:20:59,2024-05-13 09:30:59,DELIVERED,0.5,327.01
607,55,97,60,2024-03-26 03:04:35,2024-03-26 03:29:35,,ACCEPTED,4.15,304.32
608,146,92,38,2024-07-14 02:18:44,2024-07-14 02:57:44,,PICKED,1.49,112.15
609,73,110,80,2024-03-13 21:46:04,2024-03-13 22:24:04,2024-03-13 22:40:04,DELIVERED,3.05,433.39
610,127,95,98,2024-12-03 12:57:35,2024-12-03 13:37:35,2024-12-03 13:51:35,DELIVERED,3.96,358.21
611,212,48,85,2024-10-03 22:19:16,2024-10-03 22:59:16,,CANCELLED,5.34,397.92
612,215,31,70,2024-01-25 17:27:08,2024-01-25 18:03:08,,PLACED,2.0,150.22
613,38,55,87,2024-10-06 01:24:55,2024-10-06 02:03:55,,ACCEPTED,4.54,400.22
614,57,9,27,2024-03-17 05:54:08,2024-03-17 06:49:08,,PICKED,3.24,264.89
615,165,8,82,2024-08-10 03:16:11,2024-08-10 04:04:11,2024-08-10 04:02:11,DELIVERED,4.06,256.08
616,128,81,117,2024-06-10 04:10:41,2024-06-10 04:54:41,,PLACED,5.86,459.25
617,73,117,95,2024-08-16 00:54:03,2024-08-16 01:37:03,,PICKED,3.92,253.9
618,64,19,32,2024-01-31 10:39:02,2024-01-31 11:06:02,,ACCEPTED,1.45,638.31
619,130,26,36,2024-11-05 20:32:21,2024-11-05 21:10:21,,PICKED,8.22,285.62
620,124,41,7,2024-01-21 08:09:58,2024-01-21 08:48:58,2024-01-21 09:13:58,DELIVERED,4.64,80.0
621,195,39,12,2024-10-11 09:15:33,2024-10-11 10:00:33,,PLACED,3.61,385.09
622,63,46,34,2024-08-01 08:41:22,2024-08-01 09:36:22,2024-08-01 09:33:22,DELIVERED,2.73,736.86
623,153,47,83,2024-07-30 04:49:34,2024-07-30 05:37:34,,ACCEPTED,1.22,252.43
624,29,40,74,2024-02-28 14:37:51,2024-02-28 15:20:51,,PLACED,6.57,147.91
625,156,44,73,2024-01-06 19:16:46,2024-01-06 19:59:46,2024-01-06 20:17:46,DELIVERED,4.44,231.63
626,186,80,29,2025-01-24 09:09:07,2025-01-24 09:55:07,2025-01-24 09:45:07,DELIVERED,4.8,314.88
627,204,90,2,2024-09-25 03:27:51,2024-09-25 04:08:51,2024-09-25 04:08:51,DELIVERED,9.25,266.65
628,146,12,120,2024-03-02 13:57:45,2024-03-02 14:23:45,,ACCEPTED,5.76,313.89
629,77,1,87,2024-01-17 17:13:07,2024-01-17 17:40:07,2024-01-17 17:46:07,DELIVERED,1.97,521.94
630,97,59,96,2024-07-10 16:06:07,2024-07-10 17:01:07,,CANCELLED,2.17,538.8
631,121,104,135,2024-04-28 15:36:28,2024-04-28 16:17:28,2024-04-28 16:37:28,DELIVERED,4.07,281.45
632,114,96,2,2024-12-11 07:31:30,2024-12-11 08:01:30,2024-12-11 08:06:30,DELIVERED,5.32,451.97
633,183,64,126,2024-08-16 06:30:39,2024-08-16 06:57:39,,PICKED,5.59,80.0
634,51,107,43,2024-05-01 02:10:52,2024-05-01 03:03:52,,ACCEPTED,3.67,172.19
635,92,25,21,2024-05-31 15:19:28,2024-05-31 15:46:28,2024-05-31 16:07:28,DELIVERED,6.95,600.26
636,20,3,95,2024-09-28 15:27:14,2024-09-28 16:20:14,2024-09-28 16:45:14,DELIVERED,5.5,187.64
637,100,63,40,2024-04-01 10:04:24,2024-04-01 10:39:24,,PICKED,3.23,119.57
638,178,78,64,2024-02-26 15:56:22,2024-02-26 16:42:22,,PICKED,1.85,92.13
639,32,6,91,2024-07-28 05:37:17,2024-07-28 06:17:17,,PICKED,6.0,554.34
640,102,106,135,2024-12-09 08:36:42,2024-12-09 09:09:42,2024-12-09 09:00:42,DELIVERED,5.68,550.34
641,111,58,100,2025-01-08 06:45:30,2025-01-08 07:30:30,2025-01-08 07:20:30,DELIVERED,1.59,233.11
642,79,68,39,2024-06-30 09:58:41,2024-06-30 10:25:41,,PICKED,4.45,163.77
643,181,92,51,2024-05-03 22:32:38,2024-05-03 23:04:38,2024-05-03 23:16:38,DELIVERED,2.0,80.0
644,72,106,140,2024-04-12 07:47:17,2024-04-12 08:28:17,2024-04-12 08:34:17,DELIVERED,5.25,459.89
645,73,38,36,2024-05-18 09:39:43,2024-05-18 10:32:43,2024-05-18 11:04:43,DELIVERED,3.78,454.21
646,58,111,80,2024-05-08 05:00:47,2024-05-08 05:39:47,,CANCELLED,2.25,371.85
647,213,102,135,2024-03-03 06:46:19,2024-03-03 07:37:19,,PICKED,1.12,357.97
648,197,15,62,2024-07-07 07:28:18,2024-07-07 08:05:18,2024-07-07 08:16:18,DELIVERED,2.63,343.8
649,152,93,112,2024-11-06 22:42:23,2024-11-06 23:19:23,2024-11-06 23:21:23,DELIVERED,3.8,157.96
650,50,86,43,2024-07-21 13:19:20,2024-07-21 14:06:20,2024-07-21 14:26:20,DELIVERED,2.38,248.59
651,86,19,83,2024-06-19 23:25:50,2024-06-20 00:14:50,,PLACED,2.82,149.69
652,82,52,39,2024-07-20 05:56:38,2024-07-20 06:33:38,2024-07-20 06:31:38,DELIVERED,7.83,146.37
653,180,45,134,2024-11-19 04:14:40,2024-11-19 05:05:40,,PICKED,1.26,363.38
654,213,71,40,2024-08-17 07:48:21,2024-08-17 08:32:21,,PLACED,4.47,514.59
655,125,59,93,2024-02-11 20:39:30,2024-02-11 21:28:30,,PLACED,1.55,350.64
656,120,74,109,2025-01-24 02:12:42,2025-01-24 03:03:42,2025-01-24 02:57:42,DELIVERED,3.73,387.93
657,173,63,21,2024-08-22 15:09:18,2024-08-22 16:03:18,,ACCEPTED,3.77,255.82
658,132,27,52,2024-05-08 04:17:41,2024-05-08 05:03:41,,PICKED,6.68,316.2
659,17,82,38,2024-09-12 10:37:19,2024-09-12 11:08:19,2024-09-12 11:03:19,DELIVERED,4.96,783.19
660,159,47,14,2024-01-07 18:35:27,2024-01-07 19:10:27,,PICKED,1.79,191.81
661,42,112,108,2024-06-04 08:42:21,2024-06-04 09:37:21,,ACCEPTED,5.0,80.0
662,202,41,86,2024-09-24 15:22:07,2024-09-24 16:16:07,2024-09-24 16:16:07,DELIVERED,4.86,191.5
663,61,36,122,2024-01-21 04:21:16,2024-01-21 05:06:16,2024-01-21 05:12:16,DELIVERED,6.67,338.5
664,214,1,35,2024-11-26 11:55:23,2024-11-26 12:29:23,2024-11-26 12:29:23,DELIVERED,6.78,477.53
665,165,100,22,2024-05-22 21:51:34,2024-05-22 22:33:34,2024-05-22 22:35:34,DELIVERED,4.79,80.0
666,55,102,108,2024-09-26 15:08:04,2024-09-26 15:36:04,2024-09-26 16:00:04,DELIVERED,7.29,385.92
667,119,35,38,2024-06-29 14:02:39,2024-06-29 14:45:39,2024-06-29 14:46:39,DELIVERED,5.11,250.6
668,83,105,121,2024-11-01 18:47:26,2024-11-01 19:24:26,2024-11-01 19:14:26,DELIVERED,5.97,308.47
669,82,79,37,2024-02-12 10:12:18,2024-02-12 10:37:18,,ACCEPTED,3.39,194.65
670,85,29,136,2024-01-04 06:06:59,2024-01-04 06:42:59,2024-01-04 06:44:59,DELIVERED,5.34,80.0
671,199,108,51,2024-03-31 02:22:48,2024-03-31 02:49:48,,PICKED,2.62,402.05
672,169,81,118,2024-05-01 00:05:13,2024-05-01 00:59:13,2024-05-01 01:22:13,DELIVERED,2.17,206.88
673,196,65,81,2025-01-10 00:15:53,2025-01-10 01:04:53,2025-01-10 01:36:53,DELIVERED,6.78,282.2
674,61,37,64,2024-03-14 08:07:31,2024-03-14 08:46:31,2024-03-14 09:17:31,DELIVERED,3.94,137.94
675,100,31,27,2024-04-03 05:39:10,2024-04-03 06:18:10,,ACCEPTED,3.66,453.49
676,57,52,23,2024-12-14 00:41:41,2024-12-14 01:12:41,,ACCEPTED,6.2,583.42
677,58,86,106,2024-04-10 05:03:02,2024-04-10 05:52:02,,PLACED,2.7,259.98
678,39,1,60,2024-02-20 07:26:53,2024-02-20 08:17:53,,PICKED,4.69,251.64
679,4,53,132,2024-10-05 05:23:56,2024-10-05 06:05:56,,PLACED,1.86,294.08
680,100,87,74,2024-06-03 13:50:49,2024-06-03 14:32:49,,ACCEPTED,7.45,412.15
681,126,115,60,2024-01-17 20:46:11,2024-01-17 21:12:11,2024-01-17 21:47:11,DELIVERED,3.32,188.1
682,32,34,31,2024-04-15 06:12:25,2024-04-15 06:50:25,2024-04-15 07:17:25,DELIVERED,5.63,327.99
683,100,67,119,2025-01-28 20:24:48,2025-01-28 20:51:48,2025-01-28 21:22:48,DELIVERED,7.0,453.4
684,40,78,124,2024-02-06 17:32:01,2024-02-06 18:15:01,2024-02-06 18:33:01,DELIVERED,3.46,405.39
685,12,62,130,2024-09-18 15:25:02,2024-09-18 16:07:02,,PICKED,4.94,80.0
686,150,1,71,2024-09-23 12:15:10,2024-09-23 13:00:10,,ACCEPTED,8.45,502.99
687,151,55,80,2024-01-28 06:00:48,2024-01-28 06:29:48,2024-01-28 06:19:48,DELIVERED,3.79,441.3
688,14,94,27,2024-02-26 01:43:19,2024-02-26 02:37:19,2024-02-26 03:01:19,DELIVERED,5.99,452.62
689,67,20,44,2025-01-17 14:32:37,2025-01-17 15:04:37,,CANCELLED,4.7,532.21
690,79,106,18,2024-03-05 16:13:21,2024-03-05 16:40:21,2024-03-05 16:40:21,DELIVERED,3.18,482.18
691,179,48,103,2024-03-11 21:43:26,2024-03-11 22:17:26,,ACCEPTED,8.84,443.7
692,138,114,118,2024-01-25 15:28:13,2024-01-25 15:59:13,,PICKED,5.47,143.78
693,189,45,111,2024-06-09 17:45:59,2024-06-09 18:40:59,,PICKED,5.16,340.12
694,172,64,10,2024-01-02 05:17:53,2024-01-02 06:09:53,2024-01-02 06:23:53,DELIVERED,4.01,240.21
695,104,105,108,2024-04-26 00:02:44,2024-04-26 00:55:44,2024-04-26 01:09:44,DELIVERED,3.32,270.05
696,154,84,99,2024-07-26 17:27:25,2024-07-26 18:18:25,,PLACED,7.16,310.33
697,93,78,115,2024-07-07 11:39:25,2024-07-07 12:11:25,2024-07-07 12:02:25,DELIVERED,0.5,247.28
698,29,90,26,2024-01-29 05:57:52,2024-01-29 06:35:52,2024-01-29 06:34:52,DELIVERED,3.63,138.74
699,154,41,82,2025-01-03 03:13:01,2025-01-03 03:59:01,,PICKED,0.64,350.55
700,94,68,95,2025-02-01 15:27:20,2025-02-01 15:55:20,2025-02-01 16:01:20,DELIVERED,9.12,315.19
701,70,57,102,2024-11-13 14:44:28,2024-11-13 15:10:28,,ACCEPTED,3.92,536.89
702,41,48,80,2024-05-05 01:22:25,2024-05-05 01:53:25,,PICKED,3.67,426.29
703,128,25,139,2025-01-08 05:45:25,2025-01-08 06:26:25,2025-01-08 06:47:25,DELIVERED,6.5,123.96
704,10,101,113,2024-02-18 20:55:34,2024-02-18 21:24:34,2024-02-18 21:36:34,DELIVERED,6.22,221.72
705,11,10,2,2024-03-14 16:07:12,2024-03-14 16:42:12,,PICKED,6.89,534.59
706,217,36,111,2024-10-26 20:44:10,2024-10-26 21:26:10,2024-10-26 21:37:10,DELIVERED,7.59,320.12
707,16,5,96,2024-05-14 12:12:29,2024-05-14 12:47:29,2024-05-14 12:45:29,DELIVERED,4.52,190.33
708,211,11,102,2024-09-26 15:33:25,2024-09-26 16:23:25,2024-09-26 16:21:25,DELIVERED,6.22,289.34
709,190,56,131,2024-10-27 10:27:13,2024-10-27 11:04:13,2024-10-27 11:04:13,DELIVERED,6.74,323.77
710,28,26,48,2024-01-23 05:05:19,2024-01-23 05:44:19,2024-01-23 06:05:19,DELIVERED,6.29,80.0
711,78,118,105,2024-08-23 23:24:58,2024-08-23 23:55:58,,CANCELLED,1.29,434.13
712,155,117,101,2025-01-05 00:21:53,2025-01-05 00:51:53,2025-01-05 01:04:53,DELIVERED,0.88,298.22
713,144,38,8,2024-04-17 06:23:01,2024-04-17 07:08:01,2024-04-17 07:24:01,DELIVERED,3.77,175.22
714,8,69,49,2024-03-30 23:36:45,2024-03-31 00:13:45,2024-03-31 00:46:45,DELIVERED,1.1,297.62
715,147,95,5,2024-06-16 10:45:00,2024-06-16 11:16:00,,PLACED,4.31,238.32
716,128,38,4,2024-12-09 08:50:58,2024-12-09 09:16:58,,ACCEPTED,6.13,277.84
717,11,113,19,2024-03-31 01:19:22,2024-03-31 01:44:22,,PICKED,3.16,265.5
718,169,32,69,2024-05-30 02:11:11,2024-05-30 02:43:11,2024-05-30 02:36:11,DELIVERED,3.34,227.19
719,184,46,56,2024-06-21 04:00:50,2024-06-21 04:32:50,,ACCEPTED,7.09,304.69
720,199,40,85,2024-01-03 21:36:00,2024-01-03 22:22:00,,PICKED,5.7,451.65
721,188,94,111,2024-10-07 00:30:40,2024-10-07 01:03:40,,PICKED,5.51,310.96
722,119,9,109,2024-06-11 12:09:24,2024-06-11 12:35:24,,PLACED,5.0,654.28
723,36,93,71,2024-08-07 12:52:16,2024-08-07 13:39:16,2024-08-07 13:31:16,DELIVERED,3.39,445.87
724,213,96,51,2024-01-21 09:27:28,2024-01-21 10:08:28,,ACCEPTED,2.91,153.84
725,77,8,31,2024-08-16 20:35:05,2024-08-16 21:29:05,,CANCELLED,4.83,602.99
726,120,17,58,2024-10-26 08:25:27,2024-10-26 08:57:27,,PLACED,6.02,348.49
727,146,21,58,2024-07-24 09:08:34,2024-07-24 09:49:34,2024-07-24 09:48:34,DELIVERED,5.47,299.78
728,199,113,72,2024-01-26 11:21:53,2024-01-26 11:55:53,,PICKED,5.62,366.06
729,130,3,53,2024-10-11 07:18:40,2024-10-11 07:54:40,2024-10-11 07:48:40,DELIVERED,5.21,525.74
730,159,29,122,2024-02-07 17:05:43,2024-02-07 17:50:43,2024-02-07 17:58:43,DELIVERED,5.06,253.44
731,190,56,122,2024-04-05 07:04:39,2024-04-05 07:39:39,2024-04-05 07:48:39,DELIVERED,4.04,262.8
732,30,7,74,2024-06-17 15:25:03,2024-06-17 16:01:03,,ACCEPTED,3.45,372.24
733,87,37,16,2025-01-27 00:20:01,2025-01-27 00:46:01,,PICKED,0.87,242.53
734,100,15,1,2024-02-17 19:54:47,2024-02-17 20:30:47,2024-02-17 20:53:47,DELIVERED,6.0,80.0
735,82,53,109,2024-03-21 20:52:26,2024-03-21 21:24:26,2024-03-21 21:44:26,DELIVERED,10.45,104.34
736,91,89,9,2024-09-14 10:29:34,2024-09-14 11:01:34,2024-09-14 10:57:34,DELIVERED,3.19,286.46
737,127,43,80,2024-11-29 06:26:24,2024-11-29 07:15:24,2024-11-29 07:34:24,DELIVERED,7.22,248.04
738,50,70,64,2025-01-26 01:36:12,2025-01-26 02:13:12,,PLACED,4.41,80.0
739,149,60,112,2024-12-13 09:27:44,2024-12-13 09:57:44,2024-12-13 10:12:44,DELIVERED,4.04,424.25
740,57,48,29,2024-11-06 21:58:23,2024-11-06 22:45:23,,ACCEPTED,4.64,284.93
741,11,116,115,2024-04-28 16:42:44,2024-04-28 17:29:44,2024-04-28 17:56:44,DELIVERED,4.41,309.37
742,63,110,39,2024-01-09 01:22:06,2024-01-09 02:12:06,,PLACED,5.8,368.66
743,82,72,14,2024-11-21 03:48:06,2024-11-21 04:13:06,2024-11-21 04:47:06,DELIVERED,2.62,396.97
744,195,109,56,2025-01-12 22:44:30,2025-01-12 23:22:30,2025-01-12 23:25:30,DELIVERED,2.37,355.69
745,23,48,127,2024-08-17 11:35:53,2024-08-17 12:19:53,,ACCEPTED,2.76,159.06
746,197,109,96,2024-06-08 05:32:52,2024-06-08 06:23:52,,PLACED,4.56,161.39
747,126,52,5,2025-01-21 00:24:02,2025-01-21 01:07:02,,ACCEPTED,6.04,170.45
748,216,101,55,2024-10-16 13:51:27,2024-10-16 14:29:27,,ACCEPTED,2.11,520.2
749,180,100,57,2024-03-28 13:48:58,2024-03-28 14:23:58,2024-03-28 14:30:58,DELIVERED,6.29,642.84
750,48,114,27,2024-11-24 15:54:25,2024-11-24 16:42:25,2024-11-24 16:40:25,DELIVERED,6.42,204.91
751,101,97,104,2024-07-26 23:29:39,2024-07-26 23:56:39,,CANCELLED,3.17,717.85
752,220,82,71,2024-04-30 01:29:50,2024-04-30 02:12:50,,PLACED,6.09,320.88
753,79,68,128,2024-01-20 23:29:42,2024-01-21 00:01:42,2024-01-21 00:25:42,DELIVERED,3.66,568.49
754,190,13,11,2024-07-05 00:46:33,2024-07-05 01:22:33,,PICKED,8.17,433.16
755,38,74,127,2024-06-08 03:28:32,2024-06-08 03:53:32,,ACCEPTED,5.29,501.54
756,208,119,91,2024-02-07 17:57:52,2024-02-07 18:38:52,,PICKED,4.96,167.51
757,181,68,22,2024-08-10 16:42:06,2024-08-10 17:32:06,,CANCELLED,3.26,641.39
758,205,85,78,2024-04-30 16:08:24,2024-04-30 16:56:24,2024-04-30 17:26:24,DELIVERED,6.49,259.29
759,136,119,23,2024-09-18 06:32:07,2024-09-18 06:57:07,,PICKED,7.49,420.4
760,66,83,57,2024-07-18 21:32:02,2024-07-18 22:01:02,2024-07-18 21:51:02,DELIVERED,3.53,171.9
761,143,102,26,2024-09-24 20:07:48,2024-09-24 20:46:48,,CANCELLED,4.19,349.07
762,33,22,62,2024-02-29 03:21:16,2024-02-29 03:53:16,,PICKED,2.62,237.2
763,103,38,95,2024-08-18 09:19:22,2024-08-18 09:54:22,2024-08-18 10:12:22,DELIVERED,4.97,393.7
764,6,66,114,2024-03-17 13:54:09,2024-03-17 14:39:09,,PICKED,4.0,437.55
765,57,119,108,2024-07-15 10:26:42,2024-07-15 10:58:42,,CANCELLED,6.97,125.03
766,74,112,136,2025-01-23 19:42:37,2025-01-23 20:12:37,2025-01-23 20:28:37,DELIVERED,3.43,649.51
767,32,46,38,2024-06-18 21:00:58,2024-06-18 21:40:58,2024-06-18 22:05:58,DELIVERED,4.75,360.59
768,35,58,100,2024-08-04 14:00:58,2024-08-04 14:47:58,,ACCEPTED,5.19,593.56
769,185,112,45,2024-05-27 20:34:12,2024-05-27 21:02:12,2024-05-27 21:09:12,DELIVERED,6.45,317.85
770,131,102,104,2024-12-08 06:53:55,2024-12-08 07:42:55,2024-12-08 07:34:55,DELIVERED,5.52,93.15
771,147,114,12,2024-11-28 21:49:56,2024-11-28 22:36:56,,ACCEPTED,7.46,461.34
772,168,5,29,2025-01-16 19:16:02,2025-01-16 19:44:02,2025-01-16 20:14:02,DELIVERED,8.18,722.85
773,134,54,76,2024-10-12 23:56:13,2024-10-13 00:26:13,,PLACED,3.27,169.87
774,37,13,113,2024-08-07 20:38:55,2024-08-07 21:25:55,,ACCEPTED,2.62,218.58
775,151,95,83,2024-07-26 10:23:59,2024-07-26 10:48:59,2024-07-26 11:20:59,DELIVERED,3.86,622.92
776,97,90,102,2024-07-28 03:48:13,2024-07-28 04:31:13,,ACCEPTED,6.61,460.68
777,36,1,79,2024-12-29 09:27:33,2024-12-29 10:21:33,,PICKED,3.49,350.6
778,106,113,92,2024-10-16 23:38:14,2024-10-17 00:21:14,2024-10-17 00:12:14,DELIVERED,8.41,302.09
779,24,38,24,2024-11-05 09:41:48,2024-11-05 10:20:48,2024-11-05 10:35:48,DELIVERED,7.52,361.72
780,193,100,55,2024-10-18 19:13:38,2024-10-18 20:07:38,2024-10-18 20:21:38,DELIVERED,3.84,842.12
781,192,101,11,2024-07-14 04:39:54,2024-07-14 05:09:54,2024-07-14 05:39:54,DELIVERED,8.01,465.92
782,88,108,28,2024-04-12 16:49:43,2024-04-12 17:33:43,,PICKED,7.93,504.43
783,98,118,17,2025-01-31 07:21:58,2025-01-31 08:07:58,2025-01-31 08:13:58,DELIVERED,1.52,427.91
784,91,102,119,2024-06-08 21:15:46,2024-06-08 21:58:46,2024-06-08 22:25:46,DELIVERED,4.93,397.98
785,9,72,75,2024-12-08 21:42:39,2024-12-08 22:09:39,2024-12-08 22:19:39,DELIVERED,5.55,326.87
786,25,63,8,2024-02-09 00:36:07,2024-02-09 01:24:07,,ACCEPTED,9.15,80.0
787,101,52,126,2024-06-29 21:43:59,2024-06-29 22:09:59,2024-06-29 22:11:59,DELIVERED,2.34,251.0
788,203,85,111,2024-09-10 05:05:19,2024-09-10 05:57:19,2024-09-10 06:07:19,DELIVERED,6.12,521.23
789,70,89,102,2024-01-27 19:04:09,2024-01-27 19:48:09,,CANCELLED,1.82,398.84
790,27,113,117,2024-05-29 10:52:39,2024-05-29 11:47:39,2024-05-29 11:58:39,DELIVERED,3.55,331.64
791,42,7,112,2024-12-15 09:36:53,2024-12-15 10:01:53,2024-12-15 09:57:53,DELIVERED,3.88,582.42
792,62,53,122,2024-12-09 04:31:37,2024-12-09 05:24:37,2024-12-09 05:25:37,DELIVERED,8.39,80.0
793,135,27,92,2024-09-04 20:20:17,2024-09-04 20:52:17,,PICKED,3.23,442.09
794,22,89,65,2024-07-30 20:51:02,2024-07-30 21:22:02,,PLACED,0.75,513.35
795,117,85,58,2024-04-11 10:21:20,2024-04-11 11:12:20,2024-04-11 11:43:20,DELIVERED,3.45,518.73
796,166,106,46,2024-03-11 20:56:47,2024-03-11 21:28:47,,ACCEPTED,3.14,508.77
797,144,115,48,2024-10-11 02:29:43,2024-10-11 03:23:43,2024-10-11 03:31:43,DELIVERED,0.74,278.12
798,146,41,31,2024-09-12 17:38:59,2024-09-12 18:24:59,,PLACED,1.24,88.75
799,78,28,133,2024-03-19 11:47:20,2024-03-19 12:23:20,,CANCELLED,5.13,598.14
800,73,109,41,2024-07-15 20:49:47,2024-07-15 21:40:47,,PICKED,6.43,584.17
801,94,92,136,2025-01-06 11:14:16,2025-01-06 11:56:16,2025-01-06 12:28:16,DELIVERED,7.75,288.52
802,219,7,111,2024-11-30 21:25:09,2024-11-30 21:51:09,2024-11-30 22:18:09,DELIVERED,8.97,216.24
803,48,55,8,2024-03-07 10:38:11,2024-03-07 11:13:11,2024-03-07 11:15:11,DELIVERED,6.6,217.78
804,184,97,134,2024-05-31 14:10:34,2024-05-31 14:42:34,,PICKED,5.99,143.99
805,53,95,115,2024-09-30 20:36:38,2024-09-30 21:20:38,2024-09-30 21:50:38,DELIVERED,3.49,99.09
806,204,18,93,2024-01-11 17:40:58,2024-01-11 18:16:58,2024-01-11 18:43:58,DELIVERED,4.21,455.54
807,180,63,73,2024-01-24 17:08:53,2024-01-24 17:53:53,,PLACED,4.45,310.31
808,80,98,135,2024-02-09 05:59:16,2024-02-09 06:46:16,,ACCEPTED,4.87,158.89
809,87,20,129,2024-10-17 17:55:48,2024-10-17 18:21:48,2024-10-17 18:24:48,DELIVERED,1.96,224.62
810,116,105,41,2024-04-14 00:07:13,2024-04-14 00:37:13,,ACCEPTED,5.35,183.03
811,19,23,123,2024-01-15 08:32:05,2024-01-15 09:27:05,2024-01-15 09:46:05,DELIVERED,6.02,395.7
812,20,47,82,2024-08-10 03:30:47,2024-08-10 03:59:47,2024-08-10 04:27:47,DELIVERED,3.83,685.63
813,143,73,25,2024-09-05 22:11:06,2024-09-05 22:55:06,,PICKED,2.35,251.89
814,151,82,100,2024-10-18 19:17:08,2024-10-18 20:10:08,2024-10-18 20:38:08,DELIVERED,4.53,300.78
815,175,6,92,2024-06-07 13:38:16,2024-06-07 14:06:16,,CANCELLED,3.21,493.98
816,61,84,61,2024-12-08 14:43:28,2024-12-08 15:33:28,2024-12-08 15:26:28,DELIVERED,5.18,174.32
817,35,36,120,2024-08-24 19:40:30,2024-08-24 20:23:30,2024-08-24 20:45:30,DELIVERED,2.22,692.64
818,67,98,105,2024-10-21 21:51:10,2024-10-21 22:43:10,,PICKED,4.94,161.19
819,107,17,45,2024-10-13 10:48:05,2024-10-13 11:40:05,2024-10-13 11:54:05,DELIVERED,4.11,511.79
820,77,43,134,2024-04-25 23:19:25,2024-04-25 23:56:25,2024-04-26 00:15:25,DELIVERED,1.53,568.68
821,199,23,12,2024-10-30 09:35:04,2024-10-30 10:01:04,,PICKED,4.99,80.0
822,179,113,26,2024-12-31 09:39:40,2024-12-31 10:31:40,,PLACED,5.86,108.84
823,131,33,87,2024-11-13 13:16:34,2024-11-13 14:00:34,,PLACED,6.62,497.13
824,171,2,98,2024-10-16 07:47:11,2024-10-16 08:25:11,,PLACED,2.92,145.48
825,124,76,85,2024-12-26 08:28:03,2024-12-26 09:04:03,2024-12-26 09:09:03,DELIVERED,5.76,229.92
826,134,82,125,2024-05-30 07:56:32,2024-05-30 08:38:32,,PICKED,5.0,198.82
827,47,98,55,2024-10-21 20:12:36,2024-10-21 20:45:36,2024-10-21 20:52:36,DELIVERED,7.17,532.88
828,209,71,59,2024-11-10 23:06:00,2024-11-10 23:47:00,2024-11-11 00:21:00,DELIVERED,4.09,279.88
829,86,14,81,2024-01-08 19:42:40,2024-01-08 20:28:40,,PICKED,3.87,268.03
830,219,61,118,2024-10-26 23:40:17,2024-10-27 00:11:17,2024-10-27 00:33:17,DELIVERED,6.52,200.15
831,57,21,39,2024-11-23 08:14:08,2024-11-23 09:02:08,,PICKED,7.13,471.96
832,197,83,5,2024-11-17 20:53:11,2024-11-17 21:26:11,2024-11-17 21:29:11,DELIVERED,6.2,310.33
833,89,5,14,2025-01-04 07:38:12,2025-01-04 08:14:12,,PICKED,5.13,166.79
834,133,88,122,2024-11-10 19:35:37,2024-11-10 20:06:37,2024-11-10 20:05:37,DELIVERED,4.84,559.28
835,137,97,75,2024-12-11 11:12:18,2024-12-11 11:58:18,2024-12-11 12:27:18,DELIVERED,2.99,308.51
836,148,68,9,2025-01-09 11:20:18,2025-01-09 12:03:18,,CANCELLED,1.96,247.59
837,180,23,48,2024-08-08 11:37:37,2024-08-08 12:29:37,2024-08-08 12:32:37,DELIVERED,3.68,173.72
838,39,69,64,2024-04-16 06:59:31,2024-04-16 07:33:31,,ACCEPTED,4.23,80.0
839,176,31,46,2024-09-03 02:16:53,2024-09-03 02:59:53,2024-09-03 02:50:53,DELIVERED,3.54,196.67
840,10,82,106,2024-05-18 02:45:23,2024-05-18 03:32:23,2024-05-18 03:24:23,DELIVERED,5.8,391.21
841,164,106,105,2024-03-23 00:25:32,2024-03-23 01:17:32,2024-03-23 01:29:32,DELIVERED,7.8,249.78
842,107,92,115,2025-01-13 20:49:25,2025-01-13 21:14:25,,PLACED,5.06,355.54
843,1,69,130,2024-05-01 19:35:37,2024-05-01 20:21:37,2024-05-01 20:42:37,DELIVERED,2.71,383.86
844,60,58,104,2024-05-04 03:01:55,2024-05-04 03:34:55,2024-05-04 03:24:55,DELIVERED,2.59,272.31
845,38,99,45,2024-11-06 03:59:50,2024-11-06 04:42:50,,ACCEPTED,0.5,384.1
846,108,75,45,2024-06-05 18:02:16,2024-06-05 18:48:16,,CANCELLED,7.71,174.43
847,72,36,59,2024-04-14 08:35:33,2024-04-14 09:07:33,,PICKED,3.54,156.28
848,81,72,39,2024-06-16 09:38:22,2024-06-16 10:16:22,,ACCEPTED,6.1,80.0
849,175,19,46,2025-01-06 23:43:46,2025-01-07 00:14:46,2025-01-07 00:21:46,DELIVERED,3.41,668.88
850,126,41,31,2024-03-22 04:06:27,2024-03-22 04:42:27,2024-03-22 05:03:27,DELIVERED,5.79,372.9
851,51,60,7,2024-03-06 15:53:26,2024-03-06 16:24:26,2024-03-06 16:21:26,DELIVERED,0.5,409.99
852,103,93,132,2024-07-04 16:20:00,2024-07-04 17:01:00,2024-07-04 17:32:00,DELIVERED,4.88,268.25
853,55,99,39,2024-08-26 09:01:10,2024-08-26 09:49:10,2024-08-26 09:46:10,DELIVERED,2.91,455.91
854,119,108,60,2024-03-18 10:19:53,2024-03-18 10:59:53,,ACCEPTED,8.0,152.8
855,154,44,30,2024-10-01 07:03:31,2024-10-01 07:58:31,2024-10-01 07:50:31,DELIVERED,3.11,562.88
856,200,58,57,2024-10-01 08:25:15,2024-10-01 09:20:15,2024-10-01 09:42:15,DELIVERED,4.77,517.22
857,199,88,136,2024-01-18 09:47:25,2024-01-18 10:39:25,,PICKED,8.53,577.92
858,32,28,123,2024-11-29 00:43:42,2024-11-29 01:23:42,2024-11-29 01:57:42,DELIVERED,3.46,637.42
859,115,24,12,2024-08-16 21:36:22,2024-08-16 22:12:22,2024-08-16 22:26:22,DELIVERED,2.55,275.07
860,121,69,72,2024-10-21 00:02:41,2024-10-21 00:54:41,2024-10-21 01:17:41,DELIVERED,3.53,226.17
861,150,118,28,2024-01-24 19:16:02,2024-01-24 19:50:02,2024-01-24 20:18:02,DELIVERED,2.27,511.65
862,190,64,75,2025-01-19 04:08:05,2025-01-19 04:35:05,2025-01-19 04:56:05,DELIVERED,6.73,326.28
863,8,30,28,2024-11-08 14:51:57,2024-11-08 15:37:57,,PICKED,5.21,483.18
864,114,46,75,2024-10-08 18:43:02,2024-10-08 19:19:02,2024-10-08 19:48:02,DELIVERED,4.64,248.83
865,52,43,123,2024-02-08 00:27:32,2024-02-08 01:06:32,2024-02-08 01:09:32,DELIVERED,6.43,132.02
866,106,81,82,2025-01-09 04:56:23,2025-01-09 05:33:23,2025-01-09 05:38:23,DELIVERED,9.36,95.12
867,58,100,70,2024-08-09 18:23:18,2024-08-09 18:53:18,,CANCELLED,4.42,151.67
868,219,57,70,2024-05-13 22:15:38,2024-05-13 22:41:38,,ACCEPTED,5.86,524.09
869,59,49,41,2024-07-29 19:34:52,2024-07-29 20:24:52,,CANCELLED,0.86,386.37
870,100,29,132,2024-12-21 19:35:18,2024-12-21 20:00:18,2024-12-21 20:16:18,DELIVERED,2.12,80.0
871,131,18,14,2024-04-25 22:22:00,2024-04-25 22:49:00,,PICKED,3.13,310.39
872,135,99,61,2025-01-23 07:57:27,2025-01-23 08:46:27,,ACCEPTED,6.32,318.57
873,132,63,77,2024-02-23 11:17:44,2024-02-23 12:09:44,,PLACED,7.46,351.93
874,10,88,70,2024-01-05 10:00:24,2024-01-05 10:55:24,2024-01-05 11:22:24,DELIVERED,5.73,563.39
875,146,23,69,2024-06-14 10:39:17,2024-06-14 11:09:17,2024-06-14 11:38:17,DELIVERED,5.74,236.43
876,84,88,102,2024-04-10 00:46:41,2024-04-10 01:30:41,,PLACED,7.1,447.6
877,12,99,49,2024-08-20 13:42:36,2024-08-20 14:34:36,2024-08-20 15:05:36,DELIVERED,5.95,427.71
878,26,88,8,2024-01-26 15:36:23,2024-01-26 16:09:23,2024-01-26 16:25:23,DELIVERED,1.87,570.03
879,62,103,59,2024-10-20 04:22:37,2024-10-20 05:04:37,2024-10-20 05:13:37,DELIVERED,6.05,567.11
880,127,95,55,2024-07-05 00:21:10,2024-07-05 01:02:10,,PICKED,6.44,309.86
881,111,95,71,2024-01-28 13:25:11,2024-01-28 13:58:11,2024-01-28 14:09:11,DELIVERED,0.5,344.59
882,22,83,9,2024-01-17 00:05:13,2024-01-17 00:58:13,,CANCELLED,1.4,507.74
883,136,48,20,2024-10-22 09:25:03,2024-10-22 09:54:03,2024-10-22 10:02:03,DELIVERED,4.49,294.69
884,137,84,90,2024-06-18 22:15:12,2024-06-18 22:44:12,2024-06-18 22:46:12,DELIVERED,6.3,80.0
885,40,64,49,2024-02-12 23:21:57,2024-02-12 23:48:57,,CANCELLED,6.9,317.66
886,83,116,27,2024-01-25 19:11:41,2024-01-25 19:42:41,2024-01-25 19:48:41,DELIVERED,7.19,327.69
887,175,61,132,2024-01-30 10:04:16,2024-01-30 10:39:16,2024-01-30 10:42:16,DELIVERED,0.98,160.39
888,200,116,9,2024-10-11 11:30:30,2024-10-11 12:08:30,,PICKED,4.71,311.55
889,18,111,69,2024-08-16 10:24:08,2024-08-16 11:11:08,2024-08-16 11:11:08,DELIVERED,7.03,475.58
890,113,87,2,2024-05-29 11:26:56,2024-05-29 12:15:56,2024-05-29 12:27:56,DELIVERED,7.31,194.56
891,115,93,63,2024-01-07 10:25:24,2024-01-07 11:03:24,,CANCELLED,5.76,342.05
892,40,52,9,2024-05-26 17:27:03,2024-05-26 18:05:03,2024-05-26 18:01:03,DELIVERED,7.73,414.82
893,176,115,12,2024-03-05 05:07:03,2024-03-05 05:58:03,2024-03-05 06:07:03,DELIVERED,4.34,354.56
894,23,111,16,2024-06-23 09:13:41,2024-06-23 10:07:41,,ACCEPTED,5.13,482.47
895,142,70,11,2024-02-09 22:14:49,2024-02-09 22:49:49,,ACCEPTED,4.59,465.84
896,72,93,2,2025-01-23 20:27:32,2025-01-23 21:13:32,,ACCEPTED,1.74,527.02
897,64,74,69,2024-06-24 18:25:15,2024-06-24 19:01:15,,PLACED,7.06,102.93
898,187,11,126,2025-01-14 14:52:21,2025-01-14 15:33:21,2025-01-14 15:54:21,DELIVERED,4.23,620.54
899,171,101,115,2024-03-25 01:18:07,2024-03-25 02:04:07,2024-03-25 02:15:07,DELIVERED,5.26,110.91
900,181,47,77,2024-01-31 22:15:47,2024-01-31 22:49:47,2024-01-31 23:09:47,DELIVERED,5.13,133.9
901,216,91,31,2024-08-04 16:07:00,2024-08-04 16:38:00,,ACCEPTED,3.9,372.79
902,19,117,113,2024-02-07 17:27:34,2024-02-07 18:09:34,,CANCELLED,1.13,439.42
903,59,7,68,2024-12-31 00:13:11,2024-12-31 01:03:11,2024-12-31 01:09:11,DELIVERED,4.93,222.07
904,177,36,77,2024-04-04 00:54:22,2024-04-04 01:21:22,2024-04-04 01:17:22,DELIVERED,3.52,286.41
905,211,9,105,2024-07-06 07:17:14,2024-07-06 07:59:14,2024-07-06 08:23:14,DELIVERED,6.21,177.5
906,118,108,71,2024-07-21 05:51:58,2024-07-21 06:17:58,2024-07-21 06:14:58,DELIVERED,2.66,461.08
907,162,103,92,2024-02-10 21:54:23,2024-02-10 22:20:23,,ACCEPTED,2.71,180.89
908,168,29,83,2024-12-19 21:53:55,2024-12-19 22:27:55,2024-12-19 22:50:55,DELIVERED,4.66,315.35
909,108,1,67,2024-11-21 08:21:34,2024-11-21 09:16:34,2024-11-21 09:25:34,DELIVERED,5.54,378.7
910,67,80,90,2024-05-09 14:02:41,2024-05-09 14:50:41,2024-05-09 15:03:41,DELIVERED,5.2,506.27
911,130,85,69,2024-05-02 16:37:03,2024-05-02 17:16:03,2024-05-02 17:09:03,DELIVERED,2.66,534.0
912,218,75,83,2025-01-09 06:32:39,2025-01-09 07:25:39,2025-01-09 07:21:39,DELIVERED,3.2,303.81
913,209,119,58,2024-10-26 04:00:06,2024-10-26 04:36:06,2024-10-26 04:40:06,DELIVERED,3.63,290.99
914,184,90,114,2025-01-03 00:14:53,2025-01-03 01:09:53,2025-01-03 01:30:53,DELIVERED,4.03,323.48
915,55,9,63,2024-02-24 06:28:48,2024-02-24 07:18:48,,PICKED,7.36,438.07
916,175,80,128,2024-10-19 22:27:44,2024-10-19 23:02:44,2024-10-19 23:30:44,DELIVERED,4.12,442.81
917,37,107,103,2024-03-01 05:08:58,2024-03-01 05:48:58,2024-03-01 06:16:58,DELIVERED,1.97,467.22
918,58,8,131,2024-07-24 03:12:15,2024-07-24 03:49:15,,CANCELLED,4.62,340.38
919,48,35,83,2024-04-25 04:56:29,2024-04-25 05:44:29,,ACCEPTED,7.85,204.01
920,76,109,104,2024-11-02 04:34:05,2024-11-02 05:18:05,2024-11-02 05:25:05,DELIVERED,1.52,271.99
921,77,70,32,2024-10-12 10:51:52,2024-10-12 11:18:52,,CANCELLED,0.5,261.82
922,4,16,22,2024-05-30 08:11:11,2024-05-30 09:03:11,2024-05-30 09:31:11,DELIVERED,5.66,378.86
923,178,29,46,2024-10-06 06:55:32,2024-10-06 07:25:32,,PLACED,4.61,258.03
924,194,69,1,2024-12-05 07:41:35,2024-12-05 08:24:35,,ACCEPTED,8.02,686.46
925,70,17,74,2025-01-02 19:55:32,2025-01-02 20:40:32,2025-01-02 20:52:32,DELIVERED,3.29,146.28
926,68,10,68,2024-09-01 02:11:22,2024-09-01 02:40:22,,ACCEPTED,1.19,370.25
927,170,107,93,2024-02-15 07:29:53,2024-02-15 07:55:53,2024-02-15 07:51:53,DELIVERED,3.35,342.76
928,139,71,77,2024-05-16 01:12:14,2024-05-16 01:59:14,2024-05-16 02:30:14,DELIVERED,6.29,146.04
929,118,59,132,2024-12-08 21:21:16,2024-12-08 22:15:16,2024-12-08 22:16:16,DELIVERED,0.5,398.52
930,113,27,91,2024-12-18 16:35:12,2024-12-18 17:15:12,2024-12-18 17:24:12,DELIVERED,2.78,219.68
931,39,56,37,2024-08-23 20:12:54,2024-08-23 20:54:54,,PICKED,3.94,414.91
932,185,99,7,2024-08-10 18:40:07,2024-08-10 19:21:07,,ACCEPTED,7.1,89.77
933,85,71,22,2024-04-27 16:15:55,2024-04-27 16:42:55,,ACCEPTED,4.88,218.4
934,172,86,140,2024-07-08 12:20:32,2024-07-08 12:58:32,,CANCELLED,3.05,429.81
935,95,43,113,2024-07-08 23:13:51,2024-07-08 23:42:51,,PLACED,5.0,369.8
936,2,26,81,2024-05-22 01:57:05,2024-05-22 02:39:05,,ACCEPTED,5.3,336.13
937,135,87,75,2024-07-30 06:42:33,2024-07-30 07:15:33,2024-07-30 07:44:33,DELIVERED,7.54,219.34
938,4,3,109,2024-12-24 20:36:24,2024-12-24 21:21:24,2024-12-24 21:29:24,DELIVERED,0.5,80.0
939,175,80,73,2024-11-30 07:08:35,2024-11-30 07:34:35,,PICKED,3.69,80.0
940,75,20,139,2024-10-04 01:07:27,2024-10-04 01:47:27,2024-10-04 02:07:27,DELIVERED,3.37,639.8
941,123,1,13,2024-02-16 10:33:57,2024-02-16 11:06:57,,PICKED,0.5,188.56
942,19,86,91,2025-01-03 09:30:10,2025-01-03 10:04:10,2025-01-03 10:27:10,DELIVERED,5.02,278.88
943,215,100,52,2024-08-27 10:50:09,2024-08-27 11:19:09,2024-08-27 11:09:09,DELIVERED,3.05,491.04
944,167,85,35,2024-05-13 07:04:30,2024-05-13 07:38:30,2024-05-13 07:29:30,DELIVERED,1.59,372.76
945,177,108,123,2024-11-13 23:14:59,2024-11-14 00:06:59,,PLACED,5.5,450.02
946,2,115,1,2024-04-04 08:38:32,2024-04-04 09:13:32,2024-04-04 09:48:32,DELIVERED,5.63,158.79
947,112,9,117,2024-02-01 01:41:44,2024-02-01 02:24:44,,ACCEPTED,2.18,265.56
948,120,103,30,2024-12-12 07:42:20,2024-12-12 08:27:20,2024-12-12 08:53:20,DELIVERED,5.34,274.35
949,51,48,16,2024-09-10 10:35:17,2024-09-10 11:05:17,,ACCEPTED,4.23,508.89
950,62,32,135,2024-12-03 22:58:26,2024-12-03 23:50:26,2024-12-04 00:00:26,DELIVERED,5.39,532.94
951,49,79,56,2024-04-28 02:58:06,2024-04-28 03:28:06,2024-04-28 03:49:06,DELIVERED,3.58,117.48
952,70,59,3,2025-01-18 23:10:34,2025-01-18 23:50:34,2025-01-18 23:55:34,DELIVERED,1.76,667.76
953,100,64,55,2024-03-16 03:46:06,2024-03-16 04:22:06,,PICKED,1.27,317.33
954,91,8,17,2024-05-21 12:46:10,2024-05-21 13:20:10,,PICKED,4.14,306.9
955,91,22,90,2024-12-20 11:55:14,2024-12-20 12:25:14,,PLACED,5.93,118.63
956,1,65,107,2024-08-31 19:19:09,2024-08-31 19:56:09,,ACCEPTED,1.95,435.68
957,128,43,16,2024-03-18 00:18:49,2024-03-18 00:55:49,,PICKED,0.56,305.76
958,159,25,113,2024-12-05 12:23:41,2024-12-05 13:18:41,2024-12-05 13:42:41,DELIVERED,8.11,410.58
959,48,117,125,2024-01-02 05:53:01,2024-01-02 06:39:01,2024-01-02 06:42:01,DELIVERED,4.45,644.23
960,172,95,86,2024-11-23 14:52:59,2024-11-23 15:28:59,,CANCELLED,3.4,415.27
961,33,111,49,2024-02-11 01:38:16,2024-02-11 02:18:16,2024-02-11 02:29:16,DELIVERED,4.78,449.73
962,120,66,38,2024-08-18 02:13:30,2024-08-18 02:39:30,2024-08-18 02:38:30,DELIVERED,6.37,403.23
963,23,31,99,2024-06-25 09:39:12,2024-06-25 10:34:12,2024-06-25 10:39:12,DELIVERED,2.64,539.29
964,105,113,2,2024-10-07 08:49:34,2024-10-07 09:44:34,,PLACED,4.15,508.73
965,15,102,64,2024-07-30 03:01:28,2024-07-30 03:43:28,,PICKED,0.5,406.82
966,144,118,56,2024-07-08 07:12:05,2024-07-08 07:43:05,2024-07-08 07:41:05,DELIVERED,7.86,168.54
967,2,67,74,2024-03-12 07:52:27,2024-03-12 08:21:27,,CANCELLED,5.96,502.2
968,36,63,89,2024-09-12 03:17:50,2024-09-12 04:04:50,,ACCEPTED,7.23,229.33
969,154,96,108,2024-05-14 00:08:27,2024-05-14 00:58:27,,PICKED,8.09,471.53
970,35,44,44,2024-12-02 01:34:59,2024-12-02 02:08:59,,CANCELLED,5.25,417.41
971,40,47,48,2024-03-12 22:44:56,2024-03-12 23:27:56,,ACCEPTED,3.2,80.0
972,131,24,107,2025-01-18 13:31:40,2025-01-18 14:00:40,,PICKED,5.54,427.33
973,50,13,37,2024-10-24 10:23:20,2024-10-24 10:54:20,,ACCEPTED,4.34,617.2
974,161,1,81,2024-08-13 13:43:23,2024-08-13 14:16:23,2024-08-13 14:31:23,DELIVERED,5.33,320.37
975,30,62,94,2024-02-27 14:58:05,2024-02-27 15:29:05,2024-02-27 15:39:05,DELIVERED,3.02,381.41
976,183,45,62,2024-02-29 02:12:22,2024-02-29 02:54:22,,ACCEPTED,5.71,210.19
977,120,110,41,2025-01-28 19:43:49,2025-01-28 20:30:49,,PLACED,6.74,87.11
978,13,32,20,2024-04-13 12:17:16,2024-04-13 13:08:16,,PLACED,7.3,292.26
979,107,77,138,2024-02-03 09:53:47,2024-02-03 10:37:47,2024-02-03 10:51:47,DELIVERED,7.83,163.33
980,27,100,107,2024-12-26 10:45:52,2024-12-26 11:15:52,2024-12-26 11:11:52,DELIVERED,6.18,116.49
981,7,12,25,2024-06-01 12:30:59,2024-06-01 13:25:59,2024-06-01 13:32:59,DELIVERED,5.48,352.61
982,9,42,57,2024-03-28 04:26:28,2024-03-28 04:54:28,2024-03-28 05:04:28,DELIVERED,4.12,417.01
983,3,75,119,2024-12-14 10:09:39,2024-12-14 10:55:39,2024-12-14 11:14:39,DELIVERED,3.75,453.34
984,151,13,33,2024-04-15 15:37:15,2024-04-15 16:13:15,2024-04-15 16:47:15,DELIVERED,2.56,549.03
985,132,67,21,2024-02-21 14:51:04,2024-02-21 15:31:04,2024-02-21 15:44:04,DELIVERED,1.28,230.36
986,48,120,101,2025-01-24 13:43:54,2025-01-24 14:24:54,,PLACED,4.92,253.62
987,190,42,79,2024-02-18 00:41:16,2024-02-18 01:30:16,2024-02-18 01:28:16,DELIVERED,5.24,382.0
988,72,28,25,2024-07-01 02:44:28,2024-07-01 03:14:28,2024-07-01 03:28:28,DELIVERED,4.31,80.0
989,67,29,137,2024-03-26 17:36:55,2024-03-26 18:31:55,2024-03-26 18:25:55,DELIVERED,3.6,565.48
990,215,14,65,2024-04-04 05:33:33,2024-04-04 06:00:33,,PICKED,5.24,225.26
991,142,1,88,2024-04-22 19:49:00,2024-04-22 20:22:00,,PLACED,1.86,371.84
992,106,93,48,2025-01-28 14:52:37,2025-01-28 15:21:37,2025-01-28 15:35:37,DELIVERED,2.66,300.22
993,27,72,68,2024-09-28 05:13:58,2024-09-28 06:08:58,,CANCELLED,2.23,510.92
994,151,25,39,2024-07-03 01:41:59,2024-07-03 02:12:59,2024-07-03 02:29:59,DELIVERED,7.1,190.65
995,42,70,29,2024-06-30 03:05:04,2024-06-30 03:48:04,,ACCEPTED,3.68,310.76
996,192,10,54,2024-11-23 21:23:39,2024-11-23 22:13:39,,PLACED,3.16,449.4
997,112,77,73,2024-09-11 07:02:00,2024-09-11 07:45:00,2024-09-11 08:15:00,DELIVERED,8.25,419.22
998,127,13,124,2024-11-14 18:52:30,2024-11-14 19:19:30,2024-11-14 19:46:30,DELIVERED,5.13,425.06
999,23,116,46,2024-04-11 14:28:40,2024-04-11 15:19:40,,ACCEPTED,4.57,80.0
1000,214,9,118,2024-05-04 02:43:12,2024-05-04 03:21:12,,ACCEPTED,6.19,140.42
1001,207,4,137,2024-05-19 00:53:45,2024-05-19 01:46:45,2024-05-19 02:00:45,DELIVERED,7.88,309.69
1002,145,38,127,2024-08-29 06:03:51,2024-08-29 06:52:51,,ACCEPTED,4.04,194.72
1003,28,28,127,2024-06-03 00:47:55,2024-06-03 01:28:55,,PICKED,6.04,80.0
1004,72,49,128,2024-08-22 12:24:11,2024-08-22 13:12:11,,PLACED,3.71,473.4
1005,110,65,117,2024-08-16 07:48:56,2024-08-16 08:22:56,,PICKED,4.05,80.0
1006,57,47,71,2024-08-30 12:49:23,2024-08-30 13:41:23,,CANCELLED,0.5,574.59
1007,124,62,43,2024-11-22 10:30:34,2024-11-22 10:58:34,2024-11-22 11:05:34,DELIVERED,5.38,80.0
1008,164,26,87,2024-04-19 10:34:42,2024-04-19 11:22:42,2024-04-19 11:15:42,DELIVERED,3.82,649.22
1009,75,30,72,2024-02-28 13:25:03,2024-02-28 14:07:03,2024-02-28 13:58:03,DELIVERED,5.65,469.95
1010,66,73,131,2024-11-29 23:23:11,2024-11-30 00:17:11,2024-11-30 00:31:11,DELIVERED,5.24,402.91
1011,154,70,10,2024-03-23 17:57:42,2024-03-23 18:38:42,2024-03-23 18:39:42,DELIVERED,4.16,207.61
1012,103,53,86,2024-07-08 03:25:26,2024-07-08 04:10:26,2024-07-08 04:04:26,DELIVERED,5.71,185.86
1013,5,60,66,2024-12-27 16:01:36,2024-12-27 16:42:36,2024-12-27 17:05:36,DELIVERED,4.09,398.4
1014,40,22,48,2024-06-30 20:51:40,2024-06-30 21:20:40,2024-06-30 21:28:40,DELIVERED,3.66,304.24
1015,165,26,54,2024-10-20 15:09:12,2024-10-20 15:42:12,2024-10-20 15:42:12,DELIVERED,6.44,80.0
1016,69,38,65,2024-06-12 15:26:26,2024-06-12 16:18:26,2024-06-12 16:40:26,DELIVERED,3.85,80.0
1017,183,40,108,2024-06-12 02:58:41,2024-06-12 03:51:41,2024-06-12 03:54:41,DELIVERED,6.97,393.18
1018,128,21,69,2024-12-17 17:50:49,2024-12-17 18:33:49,2024-12-17 19:07:49,DELIVERED,6.05,162.82
1019,32,58,120,2024-01-12 17:38:30,2024-01-12 18:21:30,2024-01-12 18:41:30,DELIVERED,3.24,654.76
1020,110,69,109,2024-01-12 01:49:14,2024-01-12 02:35:14,,ACCEPTED,3.53,459.61
1021,131,91,63,2024-02-26 20:56:11,2024-02-26 21:36:11,,PLACED,5.85,538.84
1022,190,78,9,2025-01-01 01:36:53,2025-01-01 02:28:53,2025-01-01 02:59:53,DELIVERED,6.48,254.61
1023,190,32,58,2024-08-16 02:01:36,2024-08-16 02:43:36,2024-08-16 03:08:36,DELIVERED,2.31,620.8
1024,126,36,116,2024-02-14 02:29:19,2024-02-14 03:01:19,2024-02-14 03:01:19,DELIVERED,5.64,504.19
1025,184,63,135,2024-01-13 23:16:07,2024-01-14 00:09:07,,PICKED,3.65,490.84
1026,13,64,18,2025-01-08 04:14:38,2025-01-08 04:48:38,2025-01-08 04:57:38,DELIVERED,7.69,234.51
1027,128,25,45,2024-09-09 02:12:32,2024-09-09 02:46:32,,PLACED,4.7,274.15
1028,44,37,124,2024-09-16 22:05:53,2024-09-16 22:50:53,2024-09-16 23:25:53,DELIVERED,8.26,245.65
1029,200,40,89,2024-06-28 08:01:20,2024-06-28 08:39:20,,PICKED,3.76,322.73
1030,108,31,32,2024-11-17 05:50:54,2024-11-17 06:30:54,2024-11-17 06:45:54,DELIVERED,5.21,473.92
1031,72,17,34,2024-04-12 02:39:24,2024-04-12 03:19:24,,ACCEPTED,2.89,420.69
1032,118,42,97,2024-06-20 14:37:00,2024-06-20 15:27:00,,ACCEPTED,5.91,97.35
1033,203,97,117,2024-05-01 20:48:43,2024-05-01 21:16:43,,CANCELLED,5.58,80.0
1034,95,10,16,2025-01-28 13:33:57,2025-01-28 14:25:57,2025-01-28 14:35:57,DELIVERED,4.15,508.28
1035,165,10,68,2024-09-26 05:23:58,2024-09-26 06:08:58,,PICKED,6.66,196.91
1036,161,16,57,2024-05-25 17:03:34,2024-05-25 17:40:34,2024-05-25 18:09:34,DELIVERED,5.43,80.0
1037,206,5,117,2024-09-17 19:50:12,2024-09-17 20:17:12,2024-09-17 20:17:12,DELIVERED,5.13,80.0
1038,136,98,1,2024-03-04 11:42:00,2024-03-04 12:33:00,,PICKED,6.91,627.44
1039,153,12,44,2024-08-14 05:38:05,2024-08-14 06:23:05,2024-08-14 06:53:05,DELIVERED,3.94,362.96
1040,16,114,25,2025-01-13 00:19:16,2025-01-13 01:01:16,,CANCELLED,2.76,585.73
1041,171,120,24,2024-12-03 15:46:11,2024-12-03 16:30:11,,PLACED,5.85,335.47
1042,99,32,39,2024-12-16 11:21:07,2024-12-16 11:54:07,,PICKED,6.66,80.0
1043,107,57,138,2024-05-29 23:22:41,2024-05-29 23:55:41,,PICKED,3.22,388.01
1044,73,77,80,2024-08-03 17:52:45,2024-08-03 18:29:45,,PICKED,3.59,276.24
1045,58,101,117,2024-03-01 01:22:35,2024-03-01 01:55:35,,PLACED,4.72,448.71
1046,167,85,40,2024-03-31 21:22:56,2024-03-31 21:57:56,,ACCEPTED,5.29,251.65
1047,45,31,95,2024-07-28 21:27:35,2024-07-28 22:01:35,2024-07-28 22:27:35,DELIVERED,6.61,86.36
1048,123,74,22,2025-01-20 13:13:59,2025-01-20 13:40:59,2025-01-20 14:13:59,DELIVERED,6.13,115.74
1049,37,55,117,2024-11-02 23:21:42,2024-11-03 00:16:42,,PICKED,6.26,604.74
1050,72,69,5,2024-09-19 01:07:55,2024-09-19 01:48:55,,PICKED,4.45,349.29
1051,184,80,65,2024-04-27 11:10:04,2024-04-27 11:36:04,,ACCEPTED,3.55,361.99
1052,151,39,98,2024-03-10 10:00:07,2024-03-10 10:48:07,2024-03-10 11:14:07,DELIVERED,1.66,581.27
1053,24,87,37,2024-10-11 20:20:53,2024-10-11 20:47:53,,ACCEPTED,3.38,528.11
1054,31,34,25,2025-01-16 19:35:46,2025-01-16 20:18:46,2025-01-16 20:38:46,DELIVERED,6.81,80.0
1055,151,29,140,2024-11-10 13:13:41,2024-11-10 13:38:41,2024-11-10 13:57:41,DELIVERED,2.88,715.89
1056,48,10,122,2024-11-24 07:38:07,2024-11-24 08:04:07,2024-11-24 08:29:07,DELIVERED,7.56,397.03
1057,202,68,7,2024-09-30 21:23:14,2024-09-30 22:01:14,2024-09-30 21:54:14,DELIVERED,4.43,173.01
1058,37,84,96,2024-06-01 21:00:50,2024-06-01 21:32:50,2024-06-01 22:04:50,DELIVERED,5.89,207.54
1059,86,32,6,2024-05-12 13:00:45,2024-05-12 13:26:45,,ACCEPTED,5.76,339.58
1060,167,64,9,2024-12-08 06:17:12,2024-12-08 07:08:12,2024-12-08 07:26:12,DELIVERED,3.5,208.15
1061,59,20,122,2024-10-13 02:39:19,2024-10-13 03:20:19,,PICKED,7.0,385.79
1062,170,64,31,2024-06-22 17:32:14,2024-06-22 18:00:14,2024-06-22 18:18:14,DELIVERED,0.5,309.16
1063,104,54,107,2024-10-16 21:24:14,2024-10-16 22:12:14,,CANCELLED,6.48,142.06
1064,58,115,76,2025-01-25 10:06:59,2025-01-25 10:42:59,2025-01-25 11:04:59,DELIVERED,5.41,367.17
1065,211,62,72,2024-03-14 09:54:37,2024-03-14 10:32:37,2024-03-14 10:56:37,DELIVERED,1.87,90.36
1066,20,44,104,2024-08-08 15:10:08,2024-08-08 15:41:08,,PICKED,4.82,299.3
1067,215,114,96,2024-03-13 00:05:46,2024-03-13 00:40:46,2024-03-13 00:44:46,DELIVERED,1.64,386.64
1068,152,76,110,2024-01-20 13:25:40,2024-01-20 13:55:40,,CANCELLED,5.49,80.0
1069,3,82,23,2024-02-25 10:09:56,2024-02-25 10:45:56,,PLACED,0.75,380.43
1070,37,20,31,2024-11-25 00:06:39,2024-11-25 01:01:39,,PICKED,6.81,165.97
1071,74,66,57,2025-01-18 09:19:43,2025-01-18 10:11:43,,ACCEPTED,3.36,333.35
1072,21,95,113,2024-02-24 10:15:50,2024-02-24 11:08:50,2024-02-24 11:34:50,DELIVERED,2.28,225.51
1073,213,13,137,2024-06-21 17:09:26,2024-06-21 18:04:26,,ACCEPTED,3.22,80.0
1074,139,112,103,2024-08-10 03:57:43,2024-08-10 04:51:43,,PLACED,6.35,505.49
1075,145,53,63,2024-09-04 01:40:55,2024-09-04 02:05:55,,PLACED,5.61,213.66
1076,160,69,38,2024-03-10 05:42:14,2024-03-10 06:09:14,2024-03-10 06:42:14,DELIVERED,3.58,479.71
1077,96,29,86,2024-04-19 11:41:06,2024-04-19 12:20:06,2024-04-19 12:46:06,DELIVERED,5.52,429.01
1078,89,99,63,2024-06-10 05:33:28,2024-06-10 06:06:28,2024-06-10 06:18:28,DELIVERED,3.78,396.62
1079,30,42,92,2024-11-12 00:25:06,2024-11-12 01:02:06,2024-11-12 01:19:06,DELIVERED,5.39,133.43
1080,163,45,45,2024-06-27 07:32:53,2024-06-27 08:07:53,,PLACED,7.41,332.07
1081,166,120,110,2024-11-04 22:10:40,2024-11-04 22:58:40,,PICKED,6.71,377.24
1082,44,33,24,2024-10-20 06:57:18,2024-10-20 07:49:18,2024-10-20 07:39:18,DELIVERED,3.95,624.87
1083,44,79,25,2024-06-11 13:17:58,2024-06-11 14:05:58,2024-06-11 14:37:58,DELIVERED,7.93,308.23
1084,147,42,120,2024-01-20 02:14:29,2024-01-20 02:54:29,2024-01-20 03:17:29,DELIVERED,2.89,80.0
1085,71,95,32,2024-05-09 07:18:27,2024-05-09 08:05:27,,PICKED,3.28,80.0
1086,177,15,13,2024-06-21 15:15:03,2024-06-21 15:57:03,,PICKED,7.84,256.29
1087,213,28,46,2024-11-28 07:31:24,2024-11-28 08:23:24,,PICKED,5.92,144.32
1088,67,45,25,2024-12-30 01:29:29,2024-12-30 02:09:29,2024-12-30 02:02:29,DELIVERED,4.95,313.06
1089,200,7,1,2024-08-30 19:47:40,2024-08-30 20:13:40,,PICKED,4.11,238.97
1090,92,14,127,2024-02-08 01:39:23,2024-02-08 02:27:23,,PLACED,3.17,351.75
1091,110,11,101,2024-09-29 15:19:38,2024-09-29 15:52:38,2024-09-29 16:10:38,DELIVERED,4.77,80.0
1092,133,51,82,2024-04-11 01:17:18,2024-04-11 01:56:18,2024-04-11 02:25:18,DELIVERED,4.77,579.54
1093,180,110,22,2024-08-31 16:08:04,2024-08-31 16:37:04,2024-08-31 16:32:04,DELIVERED,1.96,421.94
1094,70,24,60,2024-03-18 04:02:23,2024-03-18 04:45:23,2024-03-18 05:00:23,DELIVERED,7.66,542.47
1095,17,79,52,2024-01-06 19:34:37,2024-01-06 20:17:37,,ACCEPTED,6.56,212.08
1096,67,78,42,2024-10-14 07:36:31,2024-10-14 08:15:31,2024-10-14 08:48:31,DELIVERED,4.6,80.0
1097,214,5,36,2024-04-20 21:50:55,2024-04-20 22:29:55,,PLACED,3.97,160.99
1098,44,67,53,2024-01-03 03:03:45,2024-01-03 03:35:45,2024-01-03 03:32:45,DELIVERED,4.62,201.0
1099,144,116,86,2024-11-20 02:23:57,2024-11-20 02:51:57,2024-11-20 03:02:57,DELIVERED,3.24,546.03
1100,195,1,106,2024-06-20 23:33:09,2024-06-21 00:18:09,2024-06-21 00:36:09,DELIVERED,1.04,80.0
1101,37,59,75,2024-08-12 01:05:36,2024-08-12 01:49:36,,ACCEPTED,5.49,164.71
1102,149,67,22,2024-01-18 21:23:07,2024-01-18 22:13:07,2024-01-18 22:36:07,DELIVERED,4.11,207.4
1103,76,43,120,2024-08-21 18:26:10,2024-08-21 19:10:10,2024-08-21 19:19:10,DELIVERED,3.86,80.0
1104,207,58,40,2024-08-12 15:16:46,2024-08-12 15:57:46,2024-08-12 15:51:46,DELIVERED,4.28,136.06
1105,70,102,117,2024-04-17 23:27:11,2024-04-18 00:08:11,2024-04-18 00:24:11,DELIVERED,4.77,679.12
1106,72,6,63,2024-02-02 02:06:19,2024-02-02 02:34:19,2024-02-02 02:47:19,DELIVERED,6.13,321.37
1107,179,58,128,2024-08-28 13:17:07,2024-08-28 13:47:07,,PICKED,4.21,660.66
1108,219,78,78,2024-04-28 21:25:59,2024-04-28 21:52:59,2024-04-28 21:45:59,DELIVERED,8.88,435.86
1109,171,99,85,2024-09-20 03:53:30,2024-09-20 04:20:30,,ACCEPTED,5.81,525.49
1110,35,76,115,2024-10-23 13:59:31,2024-10-23 14:38:31,,PICKED,5.63,365.69
1111,217,17,30,2024-09-20 05:55:07,2024-09-20 06:33:07,,CANCELLED,4.04,228.24
1112,147,6,99,2024-06-15 11:56:20,2024-06-15 12:41:20,,PICKED,7.72,243.54
1113,201,32,132,2024-06-07 07:45:22,2024-06-07 08:11:22,,PLACED,7.37,221.59
1114,177,20,124,2024-09-26 09:16:44,2024-09-26 09:46:44,,PICKED,6.09,689.98
1115,209,75,59,2024-06-15 06:37:21,2024-06-15 07:22:21,,PICKED,5.48,371.47
1116,114,24,51,2024-08-19 18:39:13,2024-08-19 19:22:13,2024-08-19 19:53:13,DELIVERED,2.27,150.04
1117,38,78,126,2025-01-16 23:13:32,2025-01-16 23:54:32,,ACCEPTED,7.85,343.59
1118,69,94,40,2024-07-27 14:26:56,2024-07-27 15:20:56,2024-07-27 15:32:56,DELIVERED,5.41,447.66
1119,183,34,54,2024-07-02 17:43:08,2024-07-02 18:08:08,,CANCELLED,6.73,372.44
1120,102,103,25,2024-06-15 03:25:18,2024-06-15 04:18:18,2024-06-15 04:16:18,DELIVERED,4.05,88.32
1121,202,115,22,2024-11-30 18:32:05,2024-11-30 19:24:05,2024-11-30 19:55:05,DELIVERED,3.11,88.15
1122,8,100,23,2024-01-04 04:54:32,2024-01-04 05:20:32,2024-01-04 05:34:32,DELIVERED,3.54,367.84
1123,192,92,72,2024-05-12 03:53:09,2024-05-12 04:44:09,2024-05-12 05:12:09,DELIVERED,0.5,201.31
1124,36,65,123,2024-06-25 19:01:43,2024-06-25 19:48:43,,ACCEPTED,3.38,185.38
1125,93,111,12,2024-04-27 20:05:38,2024-04-27 20:43:38,,PLACED,3.36,454.97
1126,35,59,107,2024-07-12 21:12:55,2024-07-12 21:59:55,2024-07-12 21:53:55,DELIVERED,5.46,454.82
1127,123,9,122,2024-01-27 08:50:46,2024-01-27 09:42:46,2024-01-27 09:54:46,DELIVERED,4.28,227.55
1128,79,115,110,2025-02-01 14:25:15,2025-02-01 14:50:15,,PLACED,2.96,447.86
1129,55,31,92,2024-04-20 23:24:24,2024-04-20 23:55:24,2024-04-21 00:00:24,DELIVERED,4.39,263.07
1130,140,28,86,2024-01-19 01:14:13,2024-01-19 02:08:13,2024-01-19 02:40:13,DELIVERED,4.42,256.64
1131,42,78,54,2024-06-11 11:51:47,2024-06-11 12:20:47,,PICKED,5.65,406.07
1132,108,23,52,2024-01-16 22:21:06,2024-01-16 22:53:06,,CANCELLED,2.53,395.88
1133,22,8,128,2024-08-23 17:33:13,2024-08-23 18:20:13,2024-08-23 18:47:13,DELIVERED,4.25,89.71
1134,71,110,120,2024-07-02 07:02:54,2024-07-02 07:32:54,,PICKED,1.27,375.29
1135,103,16,120,2024-08-15 04:38:09,2024-08-15 05:27:09,2024-08-15 05:44:09,DELIVERED,1.55,424.83
1136,59,40,33,2024-02-24 08:21:58,2024-02-24 09:15:58,2024-02-24 09:44:58,DELIVERED,3.22,277.3
1137,44,40,69,2024-10-13 23:28:37,2024-10-14 00:23:37,,ACCEPTED,6.35,156.88
1138,61,74,22,2025-01-25 17:50:59,2025-01-25 18:23:59,2025-01-25 18:26:59,DELIVERED,0.67,403.88
1139,105,47,43,2024-10-31 15:58:38,2024-10-31 16:48:38,2024-10-31 16:56:38,DELIVERED,5.03,375.45
1140,63,71,8,2024-04-03 04:21:36,2024-04-03 05:12:36,,ACCEPTED,2.22,344.64
1141,106,120,23,2024-06-18 16:50:35,2024-06-18 17:28:35,2024-06-18 17:52:35,DELIVERED,4.19,106.64
1142,172,103,67,2024-04-08 20:37:18,2024-04-08 21:02:18,2024-04-08 21:10:18,DELIVERED,3.28,437.18
1143,17,108,138,2024-09-05 07:42:50,2024-09-05 08:19:50,2024-09-05 08:51:50,DELIVERED,4.15,318.53
1144,139,100,138,2024-03-19 02:46:49,2024-03-19 03:32:49,2024-03-19 03:41:49,DELIVERED,6.56,283.52
1145,12,7,120,2024-01-31 08:30:33,2024-01-31 09:25:33,2024-01-31 09:51:33,DELIVERED,7.26,145.8
1146,8,5,67,2024-09-08 04:21:50,2024-09-08 05:00:50,2024-09-08 05:33:50,DELIVERED,4.24,555.49
1147,107,92,108,2024-09-24 16:46:33,2024-09-24 17:24:33,2024-09-24 17:16:33,DELIVERED,1.77,452.51
1148,135,37,99,2024-07-08 16:38:45,2024-07-08 17:23:45,2024-07-08 17:19:45,DELIVERED,5.24,214.01
1149,122,61,99,2024-11-10 02:11:44,2024-11-10 02:58:44,,ACCEPTED,3.04,711.67
1150,129,45,100,2024-10-29 04:54:52,2024-10-29 05:44:52,2024-10-29 06:17:52,DELIVERED,2.07,525.34
1151,219,13,101,2025-01-30 22:42:37,2025-01-30 23:36:37,,ACCEPTED,0.81,441.75
1152,179,13,14,2024-03-29 21:05:28,2024-03-29 21:47:28,2024-03-29 21:48:28,DELIVERED,0.5,276.02
1153,196,37,110,2024-12-03 01:28:57,2024-12-03 02:18:57,,PICKED,0.64,212.2
1154,219,30,15,2024-08-13 20:15:12,2024-08-13 20:51:12,2024-08-13 21:19:12,DELIVERED,6.4,434.4
1155,4,82,24,2024-03-01 16:34:39,2024-03-01 17:08:39,2024-03-01 17:35:39,DELIVERED,3.66,243.21
1156,72,78,25,2024-03-10 06:05:38,2024-03-10 06:46:38,2024-03-10 06:43:38,DELIVERED,5.18,334.31
1157,179,102,104,2024-03-13 12:28:30,2024-03-13 13:00:30,,ACCEPTED,3.52,458.74
1158,14,40,12,2024-11-08 23:21:08,2024-11-08 23:46:08,,PICKED,5.43,137.41
1159,135,100,96,2024-02-25 21:42:59,2024-02-25 22:28:59,,ACCEPTED,3.27,80.0
1160,62,63,120,2024-05-30 08:34:07,2024-05-30 09:00:07,2024-05-30 09:24:07,DELIVERED,3.65,354.0
1161,3,88,113,2024-07-11 16:43:30,2024-07-11 17:09:30,,ACCEPTED,5.01,312.77
1162,146,41,137,2024-07-29 22:10:35,2024-07-29 22:46:35,2024-07-29 23:14:35,DELIVERED,2.1,893.87
1163,187,119,105,2024-01-08 16:12:45,2024-01-08 16:52:45,,PICKED,5.2,442.59
1164,101,57,103,2024-04-12 10:58:53,2024-04-12 11:48:53,2024-04-12 12:21:53,DELIVERED,3.18,339.04
1165,27,120,48,2025-01-19 03:09:54,2025-01-19 04:00:54,,PICKED,3.58,143.2
1166,110,110,17,2024-04-07 05:29:29,2024-04-07 06:08:29,2024-04-07 06:23:29,DELIVERED,6.09,248.99
1167,38,78,122,2024-12-10 22:07:04,2024-12-10 22:38:04,,PICKED,3.6,188.51
1168,82,21,3,2024-07-05 06:40:41,2024-07-05 07:21:41,,ACCEPTED,5.29,602.9
1169,76,55,136,2024-07-11 09:17:06,2024-07-11 09:53:06,2024-07-11 09:56:06,DELIVERED,2.81,222.24
1170,54,116,30,2024-07-29 07:20:09,2024-07-29 07:59:09,2024-07-29 07:52:09,DELIVERED,7.47,419.42
1171,108,63,53,2024-12-02 13:14:54,2024-12-02 13:41:54,2024-12-02 13:46:54,DELIVERED,4.58,367.16
1172,201,107,128,2024-06-29 23:44:32,2024-06-30 00:22:32,2024-06-30 00:17:32,DELIVERED,3.38,124.23
1173,73,99,108,2024-04-23 21:33:27,2024-04-23 22:19:27,2024-04-23 22:49:27,DELIVERED,7.52,110.41
1174,46,26,13,2024-02-10 21:25:09,2024-02-10 21:53:09,,ACCEPTED,3.46,454.27
1175,41,69,131,2025-01-12 21:33:59,2025-01-12 22:20:59,2025-01-12 22:10:59,DELIVERED,3.54,586.33
1176,75,86,37,2024-12-12 15:03:44,2024-12-12 15:32:44,,ACCEPTED,5.97,634.66
1177,74,82,83,2024-01-22 14:09:58,2024-01-22 14:59:58,,PLACED,5.05,505.28
1178,167,105,76,2024-03-22 12:50:40,2024-03-22 13:18:40,,PICKED,3.51,286.57
1179,179,48,5,2024-09-19 15:39:56,2024-09-19 16:12:56,,PICKED,2.24,244.01
1180,77,67,76,2024-06-22 20:32:44,2024-06-22 21:26:44,,PLACED,5.4,167.3
1181,9,99,22,2024-10-11 15:17:05,2024-10-11 15:48:05,2024-10-11 16:13:05,DELIVERED,4.08,747.4
1182,129,59,49,2024-09-06 11:17:11,2024-09-06 12:07:11,,ACCEPTED,7.44,165.25
1183,78,36,95,2024-12-31 09:35:44,2024-12-31 10:26:44,2024-12-31 10:30:44,DELIVERED,6.09,406.67
1184,43,1,68,2024-03-12 08:47:01,2024-03-12 09:39:01,2024-03-12 09:58:01,DELIVERED,9.05,449.43
1185,180,53,108,2024-02-07 03:00:40,2024-02-07 03:27:40,,ACCEPTED,5.1,587.59
1186,19,23,109,2024-06-07 10:05:55,2024-06-07 10:37:55,,PICKED,2.89,380.97
1187,66,27,136,2024-02-08 23:26:38,2024-02-09 00:05:38,2024-02-09 00:32:38,DELIVERED,2.46,302.72
1188,198,54,116,2024-04-22 07:34:09,2024-04-22 08:26:09,2024-04-22 08:55:09,DELIVERED,7.12,383.53
1189,38,16,18,2024-03-05 22:27:58,2024-03-05 23:20:58,2024-03-05 23:41:58,DELIVERED,5.47,360.8
1190,116,95,65,2024-08-20 21:00:22,2024-08-20 21:48:22,,PICKED,5.85,330.58
1191,160,22,79,2024-12-30 05:19:00,2024-12-30 06:03:00,,PLACED,5.7,311.33
1192,137,104,8,2024-07-30 21:05:04,2024-07-30 21:36:04,,PICKED,2.27,264.86
1193,60,80,33,2024-09-19 10:07:29,2024-09-19 10:52:29,,ACCEPTED,3.72,692.49
1194,73,29,136,2024-09-22 22:27:41,2024-09-22 23:06:41,2024-09-22 23:36:41,DELIVERED,5.12,329.01
1195,183,73,9,2024-07-26 03:21:40,2024-07-26 03:46:40,2024-07-26 03:46:40,DELIVERED,1.54,127.32
1196,52,74,90,2024-06-14 10:23:21,2024-06-14 11:10:21,,PLACED,2.38,282.43
1197,154,53,99,2024-06-20 13:33:04,2024-06-20 14:25:04,,PICKED,5.08,228.43
1198,200,120,7,2024-08-19 12:39:48,2024-08-19 13:25:48,,ACCEPTED,5.46,697.97
1199,58,77,42,2024-01-03 15:06:53,2024-01-03 15:38:53,,ACCEPTED,1.74,170.02
1200,157,102,116,2024-06-02 14:45:42,2024-06-02 15:38:42,,PICKED,5.92,257.57
1201,149,42,125,2024-07-22 00:56:28,2024-07-22 01:51:28,,CANCELLED,3.46,144.42
1202,177,76,15,2025-01-15 13:00:16,2025-01-15 13:31:16,2025-01-15 13:35:16,DELIVERED,5.29,80.0
1203,183,103,69,2024-01-27 11:34:02,2024-01-27 12:02:02,2024-01-27 12:15:02,DELIVERED,0.75,312.22
1204,206,114,70,2024-11-13 16:36:47,2024-11-13 17:24:47,2024-11-13 17:46:47,DELIVERED,4.08,192.86
1205,120,89,26,2024-08-20 05:44:45,2024-08-20 06:23:45,,PLACED,5.32,80.0
1206,65,48,104,2024-06-26 11:59:53,2024-06-26 12:47:53,,CANCELLED,6.52,295.42
1207,136,53,43,2024-03-17 05:10:16,2024-03-17 05:43:16,2024-03-17 05:57:16,DELIVERED,3.38,244.7
1208,175,36,20,2024-02-09 17:06:34,2024-02-09 17:49:34,,PLACED,4.43,225.51
1209,214,5,25,2024-09-05 05:31:37,2024-09-05 06:11:37,2024-09-05 06:11:37,DELIVERED,4.08,255.2
1210,48,44,133,2024-01-01 19:29:13,2024-01-01 20:10:13,2024-01-01 20:35:13,DELIVERED,7.61,312.35
1211,98,75,131,2024-12-30 19:47:55,2024-12-30 20:19:55,,PICKED,4.46,588.11
1212,36,94,74,2024-02-20 17:03:27,2024-02-20 17:40:27,2024-02-20 18:08:27,DELIVERED,1.95,178.98
1213,40,29,138,2024-06-13 21:12:13,2024-06-13 21:53:13,,PICKED,7.36,171.53
1214,106,86,89,2024-11-27 14:04:37,2024-11-27 14:46:37,2024-11-27 15:07:37,DELIVERED,7.05,206.31
1215,170,72,72,2024-03-02 09:15:17,2024-03-02 09:54:17,,ACCEPTED,7.96,323.36
1216,162,78,111,2024-03-28 19:24:41,2024-03-28 20:16:41,,ACCEPTED,4.38,81.7
1217,14,42,55,2024-10-18 05:07:16,2024-10-18 06:01:16,2024-10-18 05:57:16,DELIVERED,4.94,308.3
1218,19,46,25,2024-06-25 13:17:35,2024-06-25 14:09:35,,CANCELLED,5.12,276.88
1219,111,70,126,2024-12-10 02:24:48,2024-12-10 03:16:48,,ACCEPTED,1.1,307.31
1220,217,65,86,2024-08-16 12:52:14,2024-08-16 13:30:14,,ACCEPTED,4.07,382.17
1221,149,102,1,2024-10-11 15:03:57,2024-10-11 15:49:57,2024-10-11 16:23:57,DELIVERED,2.11,402.99
1222,95,101,100,2024-01-29 02:22:25,2024-01-29 02:48:25,2024-01-29 02:43:25,DELIVERED,7.16,236.94
1223,110,36,126,2024-10-06 17:17:23,2024-10-06 17:50:23,2024-10-06 17:44:23,DELIVERED,6.46,376.01
1224,84,104,31,2024-11-30 03:17:30,2024-11-30 03:52:30,2024-11-30 03:56:30,DELIVERED,4.07,195.08
1225,216,18,32,2024-12-26 13:08:40,2024-12-26 13:50:40,2024-12-26 13:42:40,DELIVERED,5.0,101.47
1226,114,82,37,2024-07-07 18:37:47,2024-07-07 19:07:47,,PLACED,6.53,654.8
1227,32,9,124,2024-01-29 18:37:48,2024-01-29 19:32:48,,PLACED,0.73,231.08
1228,161,72,48,2024-11-30 04:43:55,2024-11-30 05:23:55,,CANCELLED,6.45,173.02
1229,35,45,82,2024-12-08 22:44:35,2024-12-08 23:38:35,2024-12-08 23:42:35,DELIVERED,2.24,703.22
1230,115,74,68,2024-12-18 06:37:55,2024-12-18 07:10:55,,PICKED,1.61,138.92
1231,68,34,127,2024-06-09 06:20:14,2024-06-09 06:52:14,,PLACED,7.16,310.23
1232,202,93,112,2024-04-11 12:06:12,2024-04-11 12:32:12,2024-04-11 12:24:12,DELIVERED,5.89,680.5
1233,29,15,122,2024-10-13 09:44:43,2024-10-13 10:37:43,,CANCELLED,3.16,341.04
1234,77,102,102,2024-02-29 09:27:14,2024-02-29 09:57:14,2024-02-29 10:17:14,DELIVERED,4.34,591.16
1235,147,11,83,2024-01-29 12:25:19,2024-01-29 13:08:19,,CANCELLED,6.6,584.42
1236,19,26,4,2024-01-12 14:03:35,2024-01-12 14:39:35,,PLACED,5.26,322.55
1237,25,120,92,2024-04-22 20:55:05,2024-04-22 21:37:05,2024-04-22 22:04:05,DELIVERED,0.5,232.03
1238,181,77,63,2024-05-07 18:54:00,2024-05-07 19:21:00,,PICKED,5.81,184.25
1239,35,71,35,2024-12-24 18:43:20,2024-12-24 19:10:20,,PICKED,5.27,562.27
1240,130,118,68,2024-11-13 18:12:58,2024-11-13 19:00:58,,ACCEPTED,4.32,369.34
1241,58,80,3,2024-04-24 12:21:49,2024-04-24 12:56:49,2024-04-24 13:27:49,DELIVERED,4.35,547.41
1242,104,39,102,2024-03-09 04:24:13,2024-03-09 04:58:13,2024-03-09 05:01:13,DELIVERED,3.34,293.53
1243,220,64,53,2024-12-23 08:47:50,2024-12-23 09:33:50,,PICKED,5.72,163.02
1244,130,11,126,2024-02-20 04:48:55,2024-02-20 05:26:55,,ACCEPTED,8.22,307.01
1245,153,83,139,2024-06-14 15:03:13,2024-06-14 15:46:13,2024-06-14 15:55:13,DELIVERED,2.23,333.91
1246,174,60,130,2024-02-18 15:57:22,2024-02-18 16:50:22,2024-02-18 16:46:22,DELIVERED,5.83,227.28
1247,28,29,75,2025-01-07 07:05:37,2025-01-07 07:41:37,2025-01-07 07:58:37,DELIVERED,5.22,194.4
1248,8,66,131,2024-05-19 21:55:03,2024-05-19 22:45:03,,PICKED,9.74,582.06
1249,76,13,22,2024-04-01 10:21:11,2024-04-01 11:08:11,,PICKED,5.26,80.0
1250,201,2,67,2024-04-27 11:14:12,2024-04-27 12:09:12,,ACCEPTED,2.94,483.7
1251,92,78,136,2024-07-27 06:14:11,2024-07-27 07:03:11,2024-07-27 07:16:11,DELIVERED,4.59,121.31
1252,38,104,131,2024-04-01 07:42:18,2024-04-01 08:32:18,,CANCELLED,3.68,193.97
1253,183,50,4,2024-08-03 00:02:49,2024-08-03 00:51:49,,PLACED,5.97,382.62
1254,49,10,105,2024-12-14 03:45:21,2024-12-14 04:22:21,2024-12-14 04:35:21,DELIVERED,3.48,80.0
1255,60,69,107,2024-10-23 06:56:59,2024-10-23 07:32:59,,ACCEPTED,6.28,405.8
1256,140,52,9,2024-01-25 20:42:09,2024-01-25 21:22:09,,PLACED,5.12,253.11
1257,153,80,6,2024-06-24 07:20:30,2024-06-24 08:13:30,2024-06-24 08:41:30,DELIVERED,7.5,263.36
1258,217,109,45,2024-01-13 00:05:56,2024-01-13 01:00:56,,ACCEPTED,5.4,83.76
1259,98,14,90,2024-02-05 05:23:04,2024-02-05 05:48:04,,PICKED,2.98,343.67
1260,6,65,68,2024-11-01 21:54:42,2024-11-01 22:46:42,,PLACED,1.76,347.13
1261,207,32,84,2024-06-13 02:52:51,2024-06-13 03:18:51,,ACCEPTED,1.7,369.27
1262,120,6,72,2024-05-11 18:26:03,2024-05-11 19:21:03,,ACCEPTED,2.34,212.82
1263,132,56,119,2025-01-27 02:21:58,2025-01-27 03:08:58,2025-01-27 03:20:58,DELIVERED,2.57,319.68
1264,89,117,15,2024-10-28 11:54:39,2024-10-28 12:24:39,2024-10-28 12:40:39,DELIVERED,3.16,336.97
1265,62,66,129,2024-06-24 06:58:50,2024-06-24 07:25:50,,PLACED,2.9,560.45
1266,145,48,1,2024-01-25 05:15:20,2024-01-25 05:57:20,2024-01-25 06:19:20,DELIVERED,3.96,139.54
1267,93,29,38,2024-01-19 17:30:14,2024-01-19 18:10:14,,PLACED,5.76,101.98
1268,83,112,60,2024-06-15 00:29:06,2024-06-15 01:03:06,2024-06-15 01:22:06,DELIVERED,4.01,210.92
1269,116,100,31,2024-03-19 18:50:11,2024-03-19 19:35:11,2024-03-19 19:32:11,DELIVERED,3.91,190.1
1270,173,52,3,2024-01-05 20:45:14,2024-01-05 21:33:14,,PLACED,4.75,228.48
1271,204,103,54,2024-10-10 19:05:12,2024-10-10 19:32:12,2024-10-10 19:31:12,DELIVERED,4.73,362.86
1272,27,43,33,2024-03-25 02:35:37,2024-03-25 03:20:37,2024-03-25 03:18:37,DELIVERED,1.03,489.98
1273,165,84,66,2024-04-14 18:15:21,2024-04-14 18:52:21,,PLACED,4.19,681.11
1274,60,19,96,2024-12-31 00:00:58,2024-12-31 00:42:58,2024-12-31 01:09:58,DELIVERED,3.87,391.56
1275,33,25,72,2024-11-29 10:57:14,2024-11-29 11:34:14,2024-11-29 11:35:14,DELIVERED,1.76,441.29
1276,212,13,135,2024-09-11 22:19:05,2024-09-11 22:57:05,,ACCEPTED,6.86,257.64
1277,34,89,135,2024-09-11 01:14:43,2024-09-11 02:06:43,,CANCELLED,2.39,444.43
1278,140,83,3,2025-01-26 05:50:14,2025-01-26 06:35:14,2025-01-26 07:10:14,DELIVERED,3.92,180.58
1279,7,22,52,2024-04-09 20:30:01,2024-04-09 21:05:01,2024-04-09 21:32:01,DELIVERED,2.38,141.16
1280,113,105,90,2024-12-18 08:58:18,2024-12-18 09:39:18,,ACCEPTED,2.85,262.0
1281,85,110,83,2024-09-06 19:27:20,2024-09-06 20:11:20,2024-09-06 20:36:20,DELIVERED,7.82,289.67
1282,38,62,67,2024-04-12 17:42:22,2024-04-12 18:16:22,2024-04-12 18:44:22,DELIVERED,1.77,111.07
1283,60,17,28,2025-01-31 04:18:03,2025-01-31 04:52:03,2025-01-31 04:42:03,DELIVERED,3.16,230.67
1284,84,53,112,2024-10-07 01:35:28,2024-10-07 02:23:28,2024-10-07 02:36:28,DELIVERED,5.55,375.02
1285,76,43,62,2024-03-12 20:09:24,2024-03-12 20:34:24,2024-03-12 20:41:24,DELIVERED,2.0,276.71
1286,22,31,132,2024-06-12 10:25:43,2024-06-12 11:11:43,,ACCEPTED,7.16,134.38
1287,170,14,134,2024-06-20 08:38:09,2024-06-20 09:13:09,2024-06-20 09:43:09,DELIVERED,6.17,425.16
1288,171,85,33,2024-12-21 15:49:25,2024-12-21 16:15:25,,ACCEPTED,6.71,252.88
1289,136,113,105,2024-06-30 10:36:10,2024-06-30 11:06:10,,ACCEPTED,4.29,366.61
1290,196,44,62,2024-06-14 04:59:25,2024-06-14 05:30:25,2024-06-14 05:28:25,DELIVERED,6.32,198.88
1291,175,87,104,2024-05-01 16:38:40,2024-05-01 17:11:40,,PLACED,0.96,529.0
1292,140,17,120,2024-06-15 08:54:25,2024-06-15 09:34:25,2024-06-15 09:37:25,DELIVERED,10.11,435.89
1293,171,80,94,2024-06-21 17:33:17,2024-06-21 18:07:17,2024-06-21 18:18:17,DELIVERED,4.14,100.58
1294,6,19,33,2024-11-25 03:17:56,2024-11-25 04:11:56,,ACCEPTED,5.57,85.22
1295,14,119,99,2024-11-30 23:27:07,2024-12-01 00:06:07,,PICKED,3.44,370.05
1296,72,113,13,2024-06-06 07:55:47,2024-06-06 08:29:47,2024-06-06 08:30:47,DELIVERED,3.16,349.23
1297,107,40,19,2024-02-01 11:14:37,2024-02-01 11:52:37,2024-02-01 12:24:37,DELIVERED,7.67,360.3
1298,114,5,29,2024-06-24 15:53:42,2024-06-24 16:20:42,,PICKED,1.62,370.37
1299,45,14,38,2024-01-08 07:52:38,2024-01-08 08:28:38,2024-01-08 08:23:38,DELIVERED,3.68,348.82
1300,200,106,38,2024-02-06 05:59:05,2024-02-06 06:52:05,2024-02-06 07:06:05,DELIVERED,4.51,333.88
1301,57,76,128,2024-02-18 20:47:54,2024-02-18 21:22:54,2024-02-18 21:45:54,DELIVERED,6.98,631.08
1302,7,76,86,2024-01-06 03:40:35,2024-01-06 04:16:35,2024-01-06 04:46:35,DELIVERED,7.8,552.63
1303,188,113,65,2024-11-08 18:26:53,2024-11-08 19:00:53,2024-11-08 19:13:53,DELIVERED,3.09,357.87
1304,150,65,131,2024-08-19 04:51:25,2024-08-19 05:22:25,2024-08-19 05:54:25,DELIVERED,3.37,292.28
1305,117,42,89,2024-05-20 14:54:59,2024-05-20 15:35:59,2024-05-20 15:40:59,DELIVERED,7.46,284.88
1306,119,66,88,2024-05-28 10:49:37,2024-05-28 11:18:37,,PLACED,2.98,246.06
1307,94,14,33,2024-08-31 04:05:24,2024-08-31 04:48:24,,ACCEPTED,2.79,242.03
1308,214,36,76,2024-03-05 16:32:26,2024-03-05 16:58:26,2024-03-05 17:00:26,DELIVERED,0.5,628.61
1309,203,7,115,2024-02-07 14:11:11,2024-02-07 14:54:11,2024-02-07 15:10:11,DELIVERED,6.49,496.42
1310,50,110,138,2024-09-18 17:31:35,2024-09-18 17:57:35,,PICKED,1.29,529.56
1311,190,104,109,2024-10-03 19:09:02,2024-10-03 19:58:02,2024-10-03 19:48:02,DELIVERED,0.5,80.0
1312,42,35,71,2024-04-23 08:39:25,2024-04-23 09:34:25,,ACCEPTED,4.51,495.46
1313,140,84,59,2024-06-29 23:44:01,2024-06-30 00:35:01,2024-06-30 01:08:01,DELIVERED,3.77,431.0
1314,219,104,65,2024-01-10 17:30:46,2024-01-10 18:04:46,2024-01-10 18:08:46,DELIVERED,7.84,457.06
1315,46,100,45,2024-07-05 23:05:31,2024-07-05 23:38:31,2024-07-05 23:55:31,DELIVERED,3.58,219.42
1316,209,84,93,2024-08-19 15:48:14,2024-08-19 16:36:14,,CANCELLED,2.53,263.98
1317,219,56,6,2024-12-26 19:53:36,2024-12-26 20:42:36,2024-12-26 21:13:36,DELIVERED,5.2,593.05
1318,38,101,19,2025-01-23 23:01:25,2025-01-23 23:30:25,2025-01-23 23:52:25,DELIVERED,1.82,388.88
1319,198,119,84,2024-06-14 07:22:25,2024-06-14 07:58:25,2024-06-14 08:30:25,DELIVERED,3.7,271.62
1320,50,61,30,2024-10-18 22:54:15,2024-10-18 23:22:15,,PICKED,3.57,202.52
1321,59,83,139,2025-01-22 18:26:24,2025-01-22 19:09:24,,PICKED,5.29,256.9
1322,59,53,45,2024-07-15 04:42:57,2024-07-15 05:23:57,2024-07-15 05:54:57,DELIVERED,5.71,273.39
1323,18,118,63,2024-10-23 01:54:46,2024-10-23 02:24:46,2024-10-23 02:38:46,DELIVERED,5.42,407.09
1324,143,51,118,2024-04-19 00:47:49,2024-04-19 01:23:49,2024-04-19 01:58:49,DELIVERED,3.83,80.0
1325,189,53,130,2024-04-01 12:18:41,2024-04-01 12:54:41,2024-04-01 12:44:41,DELIVERED,3.47,576.03
1326,7,12,136,2024-02-16 02:11:33,2024-02-16 02:40:33,,PLACED,8.97,241.79
1327,51,42,114,2024-01-29 23:41:01,2024-01-30 00:12:01,2024-01-30 00:17:01,DELIVERED,4.76,194.81
1328,214,2,95,2024-11-14 23:59:16,2024-11-15 00:31:16,,PICKED,8.05,327.15
1329,142,110,96,2024-11-10 10:22:48,2024-11-10 11:09:48,,ACCEPTED,1.78,430.61
1330,56,30,100,2024-02-11 20:07:39,2024-02-11 20:41:39,,ACCEPTED,3.34,495.66
1331,131,44,91,2024-04-14 05:50:33,2024-04-14 06:45:33,2024-04-14 07:10:33,DELIVERED,1.87,383.67
1332,121,119,60,2024-02-15 02:58:10,2024-02-15 03:34:10,2024-02-15 04:04:10,DELIVERED,5.65,414.12
1333,96,3,117,2024-09-12 14:05:21,2024-09-12 14:43:21,2024-09-12 15:14:21,DELIVERED,0.7,436.09
1334,200,112,136,2024-05-20 21:16:42,2024-05-20 21:56:42,,PLACED,4.76,432.95
1335,211,112,40,2024-10-31 19:07:35,2024-10-31 19:41:35,,PICKED,4.81,83.26
1336,220,100,46,2024-11-24 06:04:52,2024-11-24 06:38:52,,ACCEPTED,7.74,285.11
1337,130,40,5,2024-02-04 00:48:34,2024-02-04 01:14:34,,PLACED,7.2,94.4
1338,6,28,38,2024-10-10 06:15:15,2024-10-10 06:54:15,2024-10-10 06:50:15,DELIVERED,2.88,302.66
1339,79,41,57,2024-11-20 00:56:57,2024-11-20 01:49:57,,PICKED,5.48,364.33
1340,54,35,89,2024-04-10 11:09:13,2024-04-10 11:59:13,2024-04-10 12:18:13,DELIVERED,2.92,175.23
1341,175,97,7,2024-12-08 18:59:24,2024-12-08 19:29:24,,CANCELLED,5.08,324.02
1342,74,11,57,2024-11-28 23:18:06,2024-11-28 23:47:06,2024-11-29 00:11:06,DELIVERED,4.48,386.38
1343,9,79,31,2024-11-03 18:51:24,2024-11-03 19:45:24,2024-11-03 19:47:24,DELIVERED,2.36,357.82
1344,180,107,95,2024-08-26 02:53:09,2024-08-26 03:39:09,2024-08-26 03:53:09,DELIVERED,3.47,178.82
1345,149,89,125,2024-11-05 01:17:58,2024-11-05 01:52:58,,PICKED,4.62,509.1
1346,131,51,43,2024-11-23 12:47:32,2024-11-23 13:17:32,,ACCEPTED,7.66,515.36
1347,112,51,125,2024-04-16 03:26:40,2024-04-16 04:05:40,,PLACED,2.36,135.29
1348,115,95,24,2024-04-19 02:15:01,2024-04-19 03:05:01,,CANCELLED,2.05,80.0
1349,24,46,90,2024-03-26 08:21:50,2024-03-26 09:12:50,2024-03-26 09:24:50,DELIVERED,5.98,269.85
1350,163,107,41,2024-08-02 13:24:18,2024-08-02 14:01:18,,PICKED,6.5,263.46
1351,29,73,121,2025-01-10 22:57:09,2025-01-10 23:48:09,2025-01-11 00:18:09,DELIVERED,5.07,592.48
1352,170,58,22,2024-01-03 16:31:34,2024-01-03 17:20:34,,PICKED,2.25,714.36
1353,13,96,102,2024-05-05 07:54:25,2024-05-05 08:35:25,,CANCELLED,6.23,231.46
1354,77,86,126,2024-07-04 11:33:51,2024-07-04 12:06:51,2024-07-04 12:38:51,DELIVERED,8.22,310.03
1355,191,21,51,2025-01-20 10:51:21,2025-01-20 11:39:21,2025-01-20 12:04:21,DELIVERED,6.16,377.84
1356,49,61,59,2024-06-03 11:21:40,2024-06-03 11:48:40,2024-06-03 11:38:40,DELIVERED,5.51,268.13
1357,89,13,64,2024-12-20 17:12:52,2024-12-20 17:50:52,2024-12-20 17:58:52,DELIVERED,5.81,80.0
1358,28,94,105,2024-06-03 16:25:57,2024-06-03 17:13:57,2024-06-03 17:23:57,DELIVERED,3.42,260.52
1359,49,113,61,2024-04-14 03:41:22,2024-04-14 04:23:22,2024-04-14 04:15:22,DELIVERED,3.61,585.95
1360,29,73,102,2024-03-29 20:31:05,2024-03-29 21:00:05,,ACCEPTED,4.74,606.45
1361,44,116,44,2024-02-04 22:39:06,2024-02-04 23:27:06,,ACCEPTED,1.9,152.16
1362,54,66,73,2024-07-14 15:33:00,2024-07-14 16:24:00,2024-07-14 16:18:00,DELIVERED,3.43,429.04
1363,58,14,42,2024-09-25 11:23:00,2024-09-25 11:48:00,2024-09-25 12:13:00,DELIVERED,2.12,96.95
1364,148,26,43,2024-11-11 03:23:10,2024-11-11 04:02:10,2024-11-11 04:36:10,DELIVERED,9.13,80.0
1365,99,5,38,2024-04-23 12:29:20,2024-04-23 13:09:20,2024-04-23 13:26:20,DELIVERED,6.65,80.0
1366,101,27,50,2024-10-23 20:16:08,2024-10-23 20:57:08,,PLACED,2.43,300.36
1367,5,28,75,2024-09-04 14:45:29,2024-09-04 15:27:29,,PICKED,3.19,196.54
1368,217,47,126,2024-06-11 13:02:45,2024-06-11 13:38:45,,ACCEPTED,4.15,360.41
1369,194,37,115,2024-09-14 01:09:49,2024-09-14 01:55:49,,PICKED,2.86,235.4
1370,88,36,91,2024-01-29 02:03:12,2024-01-29 02:48:12,,PLACED,5.85,356.64
1371,82,118,52,2024-06-10 18:13:37,2024-06-10 19:02:37,2024-06-10 19:03:37,DELIVERED,2.7,356.47
1372,159,21,106,2024-08-19 11:33:57,2024-08-19 12:13:57,2024-08-19 12:36:57,DELIVERED,4.85,282.43
1373,217,39,34,2024-11-15 19:05:46,2024-11-15 19:44:46,,ACCEPTED,2.24,249.05
1374,59,1,104,2024-12-22 13:07:30,2024-12-22 13:38:30,,ACCEPTED,4.1,591.75
1375,65,112,131,2024-09-16 01:46:37,2024-09-16 02:13:37,2024-09-16 02:20:37,DELIVERED,1.92,509.84
1376,207,99,29,2024-11-10 04:13:01,2024-11-10 04:55:01,2024-11-10 05:23:01,DELIVERED,3.71,325.9
1377,18,116,2,2024-11-30 21:39:21,2024-11-30 22:28:21,,CANCELLED,3.77,152.92
1378,91,46,49,2024-01-09 19:12:06,2024-01-09 20:02:06,2024-01-09 20:34:06,DELIVERED,5.48,160.79
1379,61,83,126,2024-08-12 06:44:05,2024-08-12 07:17:05,2024-08-12 07:26:05,DELIVERED,3.61,390.71
1380,72,12,78,2024-12-17 13:53:08,2024-12-17 14:27:08,,ACCEPTED,0.5,522.26
1381,71,57,23,2025-01-26 04:08:16,2025-01-26 05:01:16,2025-01-26 05:26:16,DELIVERED,4.78,617.34
1382,60,48,10,2024-01-02 04:04:29,2024-01-02 04:58:29,,ACCEPTED,1.49,92.83
1383,68,35,96,2024-08-19 02:44:19,2024-08-19 03:22:19,2024-08-19 03:26:19,DELIVERED,1.69,197.79
1384,87,17,21,2024-10-24 06:39:22,2024-10-24 07:28:22,,ACCEPTED,3.41,80.0
1385,132,43,103,2024-07-01 11:02:44,2024-07-01 11:56:44,,PICKED,5.26,235.61
1386,43,65,56,2024-10-13 17:46:31,2024-10-13 18:18:31,2024-10-13 18:29:31,DELIVERED,4.03,80.0
1387,180,11,125,2024-09-11 02:29:35,2024-09-11 02:56:35,,ACCEPTED,1.05,447.03
1388,214,47,122,2024-12-17 12:48:19,2024-12-17 13:26:19,2024-12-17 13:56:19,DELIVERED,2.87,238.63
1389,87,76,96,2024-03-19 12:44:11,2024-03-19 13:32:11,2024-03-19 14:03:11,DELIVERED,1.17,448.49
1390,46,29,121,2024-11-28 08:21:49,2024-11-28 09:15:49,2024-11-28 09:19:49,DELIVERED,5.61,222.3
1391,173,45,99,2024-12-17 12:26:17,2024-12-17 12:52:17,2024-12-17 13:06:17,DELIVERED,4.68,88.21
1392,173,51,70,2024-04-15 17:23:31,2024-04-15 18:12:31,2024-04-15 18:02:31,DELIVERED,0.5,80.0
1393,187,9,4,2024-08-29 03:14:23,2024-08-29 04:06:23,2024-08-29 04:39:23,DELIVERED,2.07,80.0
1394,110,47,17,2024-03-16 13:18:17,2024-03-16 14:11:17,2024-03-16 14:07:17,DELIVERED,3.78,397.92
1395,92,52,98,2024-12-09 06:17:24,2024-12-09 07:12:24,,ACCEPTED,6.25,220.35
1396,37,13,135,2024-10-18 18:39:35,2024-10-18 19:18:35,2024-10-18 19:38:35,DELIVERED,7.7,290.74
1397,53,80,131,2024-11-01 09:14:48,2024-11-01 09:49:48,,ACCEPTED,3.22,391.7
1398,179,52,8,2024-11-24 22:56:34,2024-11-24 23:31:34,2024-11-24 23:58:34,DELIVERED,7.53,406.69
1399,24,35,47,2025-02-01 23:17:14,2025-02-01 23:47:14,,PICKED,4.04,339.26
1400,93,19,102,2024-10-25 14:30:13,2024-10-25 14:57:13,,ACCEPTED,3.89,94.64
1401,175,63,116,2024-07-29 16:12:58,2024-07-29 16:46:58,2024-07-29 17:20:58,DELIVERED,4.09,276.32
1402,89,98,126,2024-10-09 14:56:22,2024-10-09 15:44:22,2024-10-09 15:40:22,DELIVERED,3.67,480.33
1403,117,84,116,2024-02-18 09:13:05,2024-02-18 09:58:05,,PLACED,5.81,533.31
1404,47,96,120,2024-11-03 21:39:33,2024-11-03 22:23:33,,PLACED,4.64,460.81
1405,182,120,63,2025-01-26 05:13:16,2025-01-26 05:49:16,,CANCELLED,7.72,216.67
1406,165,108,51,2024-12-19 18:02:43,2024-12-19 18:47:43,2024-12-19 18:54:43,DELIVERED,6.98,883.41
1407,102,79,51,2024-02-22 00:15:46,2024-02-22 00:48:46,2024-02-22 01:23:46,DELIVERED,7.65,742.35
1408,8,90,43,2024-08-09 12:47:38,2024-08-09 13:13:38,,PICKED,8.96,241.78
1409,112,38,48,2025-01-11 12:24:13,2025-01-11 13:13:13,,ACCEPTED,5.01,316.18
1410,29,68,46,2024-04-26 21:28:29,2024-04-26 21:58:29,2024-04-26 22:17:29,DELIVERED,4.78,550.55
1411,167,40,62,2024-08-21 23:59:48,2024-08-22 00:38:48,,ACCEPTED,1.82,228.79
1412,105,118,101,2024-01-02 21:04:18,2024-01-02 21:51:18,2024-01-02 21:47:18,DELIVERED,2.01,80.0
1413,213,97,68,2024-01-04 07:34:11,2024-01-04 08:02:11,2024-01-04 08:12:11,DELIVERED,8.96,182.98
1414,27,76,105,2024-08-09 20:22:55,2024-08-09 21:05:55,2024-08-09 20:58:55,DELIVERED,0.5,307.75
1415,170,101,5,2025-02-01 12:09:36,2025-02-01 12:58:36,2025-02-01 13:33:36,DELIVERED,2.59,567.89
1416,142,90,63,2024-08-15 07:38:28,2024-08-15 08:07:28,,ACCEPTED,4.77,451.86
1417,70,56,22,2025-01-25 23:53:20,2025-01-26 00:35:20,2025-01-26 00:28:20,DELIVERED,0.93,96.54
1418,178,38,92,2024-09-03 12:08:44,2024-09-03 12:50:44,2024-09-03 13:07:44,DELIVERED,2.12,273.4
1419,83,55,12,2024-04-13 09:30:20,2024-04-13 10:03:20,,PLACED,5.1,80.0
1420,215,113,86,2024-06-03 00:16:22,2024-06-03 00:52:22,,PICKED,7.08,375.5
1421,33,63,90,2024-02-29 04:20:50,2024-02-29 05:01:50,,ACCEPTED,5.25,289.41
1422,94,15,52,2024-04-10 17:32:32,2024-04-10 18:23:32,2024-04-10 18:54:32,DELIVERED,1.87,538.29
1423,7,46,112,2024-11-30 21:45:52,2024-11-30 22:40:52,2024-11-30 22:42:52,DELIVERED,4.62,253.03
1424,62,119,88,2024-05-06 19:21:28,2024-05-06 19:54:28,2024-05-06 20:06:28,DELIVERED,4.76,265.07
1425,217,76,92,2024-01-09 01:21:13,2024-01-09 02:10:13,,ACCEPTED,8.67,368.74
1426,61,69,114,2024-10-13 22:21:39,2024-10-13 22:47:39,2024-10-13 23:19:39,DELIVERED,4.49,695.18
1427,15,109,124,2024-01-13 08:50:54,2024-01-13 09:33:54,2024-01-13 09:34:54,DELIVERED,1.66,273.53
1428,179,105,5,2024-11-18 09:14:44,2024-11-18 09:49:44,2024-11-18 09:45:44,DELIVERED,3.24,401.0
1429,209,92,17,2024-03-18 10:47:32,2024-03-18 11:40:32,,CANCELLED,5.0,537.41
1430,114,62,117,2024-03-06 20:06:29,2024-03-06 20:58:29,2024-03-06 21:17:29,DELIVERED,2.5,275.68
1431,120,38,23,2024-11-11 14:56:41,2024-11-11 15:24:41,2024-11-11 15:38:41,DELIVERED,5.85,256.79
1432,207,93,83,2025-01-10 19:59:44,2025-01-10 20:30:44,2025-01-10 20:47:44,DELIVERED,1.37,529.09
1433,199,3,132,2024-09-23 12:53:55,2024-09-23 13:27:55,2024-09-23 13:18:55,DELIVERED,4.02,331.75
1434,3,115,119,2024-01-13 00:54:27,2024-01-13 01:35:27,2024-01-13 01:51:27,DELIVERED,2.03,550.45
1435,63,115,57,2024-11-05 02:16:02,2024-11-05 02:46:02,,PICKED,3.78,446.78
1436,77,72,7,2024-01-09 11:27:57,2024-01-09 12:17:57,2024-01-09 12:10:57,DELIVERED,2.4,246.53
1437,99,70,86,2024-11-05 09:29:31,2024-11-05 10:03:31,,PICKED,1.83,241.34
1438,16,71,2,2024-09-25 00:42:02,2024-09-25 01:30:02,2024-09-25 01:48:02,DELIVERED,3.62,201.08
1439,113,72,116,2024-04-05 17:37:07,2024-04-05 18:22:07,2024-04-05 18:45:07,DELIVERED,3.79,391.87
1440,4,39,50,2024-04-30 07:51:18,2024-04-30 08:22:18,2024-04-30 08:25:18,DELIVERED,2.81,80.0
1441,72,34,21,2024-01-27 17:49:41,2024-01-27 18:44:41,2024-01-27 19:01:41,DELIVERED,2.48,200.85
1442,31,31,131,2024-01-14 23:29:22,2024-01-15 00:24:22,,PLACED,6.1,594.44
1443,88,88,100,2024-04-28 06:51:16,2024-04-28 07:27:16,,PLACED,2.68,641.57
1444,152,61,44,2024-05-25 17:15:01,2024-05-25 17:48:01,,CANCELLED,6.02,256.82
1445,54,65,62,2025-02-01 16:12:00,2025-02-01 16:57:00,2025-02-01 17:12:00,DELIVERED,0.85,421.23
1446,58,105,20,2024-10-12 07:21:58,2024-10-12 08:04:58,,PICKED,1.18,284.73
1447,167,40,77,2024-05-21 13:37:18,2024-05-21 14:03:18,,ACCEPTED,5.11,125.95
1448,35,26,117,2024-06-08 14:29:23,2024-06-08 14:56:23,2024-06-08 14:50:23,DELIVERED,3.46,561.59
1449,105,44,104,2024-06-03 03:15:02,2024-06-03 03:49:02,,ACCEPTED,5.77,395.47
1450,20,8,71,2024-04-04 03:40:45,2024-04-04 04:35:45,2024-04-04 04:55:45,DELIVERED,8.87,368.37
1451,119,21,109,2024-09-12 12:19:34,2024-09-12 12:47:34,2024-09-12 12:44:34,DELIVERED,1.36,478.01
1452,59,78,31,2024-05-13 09:20:01,2024-05-13 10:00:01,,PICKED,3.38,582.4
1453,214,84,97,2024-11-16 17:51:30,2024-11-16 18:40:30,2024-11-16 18:50:30,DELIVERED,6.84,391.75
1454,206,88,68,2024-09-10 05:19:18,2024-09-10 06:14:18,2024-09-10 06:14:18,DELIVERED,4.12,478.98
1455,54,118,109,2024-05-20 11:40:08,2024-05-20 12:28:08,2024-05-20 12:44:08,DELIVERED,3.42,521.76
1456,135,116,51,2024-01-29 22:55:17,2024-01-29 23:39:17,2024-01-30 00:10:17,DELIVERED,1.75,328.42
1457,205,109,114,2024-08-26 21:16:24,2024-08-26 21:54:24,2024-08-26 22:24:24,DELIVERED,5.03,151.75
1458,49,114,111,2024-11-02 06:43:56,2024-11-02 07:35:56,2024-11-02 07:50:56,DELIVERED,5.5,114.19
1459,189,69,62,2024-10-21 08:39:24,2024-10-21 09:09:24,2024-10-21 09:33:24,DELIVERED,3.01,330.36
1460,46,31,105,2024-08-28 17:41:57,2024-08-28 18:11:57,,PLACED,5.6,722.0
1461,145,66,34,2024-10-21 07:54:19,2024-10-21 08:26:19,,PICKED,5.28,601.0
1462,115,18,19,2024-12-18 16:36:55,2024-12-18 17:13:55,,PICKED,5.82,80.0
1463,118,72,53,2024-01-22 05:03:39,2024-01-22 05:30:39,2024-01-22 05:22:39,DELIVERED,3.8,212.53
1464,78,88,137,2024-09-15 14:54:20,2024-09-15 15:30:20,2024-09-15 15:20:20,DELIVERED,7.18,591.97
1465,110,46,48,2025-02-01 11:46:51,2025-02-01 12:37:51,2025-02-01 12:52:51,DELIVERED,4.21,369.08
1466,126,37,55,2025-01-08 05:45:27,2025-01-08 06:13:27,,ACCEPTED,4.99,371.11
1467,7,24,117,2024-03-10 22:24:30,2024-03-10 23:01:30,2024-03-10 23:09:30,DELIVERED,2.01,458.66
1468,47,109,26,2024-06-11 20:57:31,2024-06-11 21:39:31,2024-06-11 21:50:31,DELIVERED,7.47,148.54
1469,142,76,42,2024-07-03 06:17:15,2024-07-03 06:51:15,,PICKED,0.5,387.01
1470,33,51,73,2025-01-03 23:50:36,2025-01-04 00:18:36,2025-01-04 00:43:36,DELIVERED,4.4,276.76
1471,40,35,58,2024-10-13 19:38:46,2024-10-13 20:13:46,2024-10-13 20:27:46,DELIVERED,3.09,314.89
1472,34,89,97,2024-11-03 07:02:18,2024-11-03 07:27:18,,PICKED,5.91,547.88
1473,66,96,46,2024-09-07 06:26:55,2024-09-07 07:07:55,2024-09-07 07:08:55,DELIVERED,6.62,80.0
1474,164,85,67,2024-07-06 08:11:50,2024-07-06 08:40:50,,PLACED,4.75,496.29
1475,17,26,3,2024-09-04 09:55:09,2024-09-04 10:40:09,2024-09-04 10:32:09,DELIVERED,5.6,310.89
1476,133,114,4,2024-11-09 15:35:12,2024-11-09 16:06:12,,ACCEPTED,4.01,423.73
1477,74,79,121,2024-03-24 07:53:36,2024-03-24 08:45:36,,PICKED,3.85,225.16
1478,161,82,18,2024-07-02 01:34:00,2024-07-02 02:08:00,,ACCEPTED,5.11,334.16
1479,111,44,34,2024-03-16 15:51:08,2024-03-16 16:43:08,2024-03-16 16:43:08,DELIVERED,4.46,80.0
1480,92,51,58,2024-05-22 13:56:13,2024-05-22 14:41:13,2024-05-22 14:49:13,DELIVERED,8.15,80.0
1481,162,70,37,2025-01-06 12:48:05,2025-01-06 13:23:05,,PICKED,4.69,389.78
1482,179,1,103,2024-09-06 14:32:40,2024-09-06 15:12:40,,ACCEPTED,4.94,486.56
1483,189,96,137,2024-09-09 17:39:39,2024-09-09 18:12:39,,PICKED,6.38,336.27
1484,76,108,82,2024-12-14 09:45:08,2024-12-14 10:24:08,2024-12-14 10:20:08,DELIVERED,5.98,588.45
1485,124,78,14,2025-01-19 06:30:03,2025-01-19 07:18:03,2025-01-19 07:14:03,DELIVERED,8.73,224.67
1486,10,103,16,2024-08-01 22:52:13,2024-08-01 23:19:13,2024-08-01 23:29:13,DELIVERED,5.08,369.44
1487,180,53,113,2024-07-22 01:51:21,2024-07-22 02:46:21,,CANCELLED,2.77,302.95
1488,166,11,33,2024-08-09 11:32:36,2024-08-09 11:58:36,2024-08-09 12:00:36,DELIVERED,3.96,495.04
1489,179,54,9,2024-04-09 00:19:33,2024-04-09 00:47:33,2024-04-09 01:22:33,DELIVERED,0.5,334.03
1490,207,101,90,2024-06-22 18:35:14,2024-06-22 19:19:14,,PLACED,1.11,566.12
1491,143,60,75,2024-06-05 04:14:35,2024-06-05 04:45:35,2024-06-05 04:56:35,DELIVERED,3.94,450.09
1492,12,6,107,2024-06-06 13:48:23,2024-06-06 14:33:23,2024-06-06 14:25:23,DELIVERED,4.49,400.46
1493,132,35,81,2024-09-09 03:58:32,2024-09-09 04:23:32,2024-09-09 04:49:32,DELIVERED,3.48,355.86
1494,142,37,89,2024-10-13 17:39:35,2024-10-13 18:08:35,,PICKED,4.98,233.64
1495,139,81,92,2024-11-09 02:49:04,2024-11-09 03:41:04,2024-11-09 03:32:04,DELIVERED,2.44,80.0
1496,54,36,37,2024-05-03 01:06:07,2024-05-03 01:58:07,,ACCEPTED,4.89,414.65
1497,60,11,56,2024-01-22 08:01:44,2024-01-22 08:40:44,2024-01-22 09:15:44,DELIVERED,4.78,429.17
1498,62,51,69,2024-03-27 01:41:29,2024-03-27 02:27:29,,PLACED,1.26,80.0
1499,37,17,109,2024-06-07 18:34:32,2024-06-07 19:03:32,2024-06-07 19:16:32,DELIVERED,2.01,484.62
1500,200,10,57,2024-07-03 19:09:15,2024-07-03 19:38:15,,PICKED,4.24,489.84
1501,213,62,132,2024-03-13 19:44:36,2024-03-13 20:21:36,2024-03-13 20:19:36,DELIVERED,5.16,433.5
1502,209,108,123,2024-11-10 03:00:43,2024-11-10 03:36:43,,PLACED,7.38,387.89
1503,15,87,35,2024-01-20 21:17:09,2024-01-20 22:03:09,2024-01-20 22:22:09,DELIVERED,7.73,504.64
1504,10,67,30,2024-03-21 08:28:50,2024-03-21 09:00:50,2024-03-21 09:24:50,DELIVERED,3.29,80.0
1505,153,108,64,2024-02-27 10:34:12,2024-02-27 11:01:12,,ACCEPTED,3.58,382.11
1506,31,16,78,2024-08-06 11:33:55,2024-08-06 11:58:55,,CANCELLED,5.12,334.51
1507,40,27,85,2024-09-13 07:29:38,2024-09-13 08:20:38,2024-09-13 08:30:38,DELIVERED,2.44,833.7
1508,83,90,101,2024-11-30 17:01:56,2024-11-30 17:49:56,2024-11-30 18:07:56,DELIVERED,7.66,154.54
1509,170,21,127,2024-11-05 21:41:00,2024-11-05 22:31:00,,CANCELLED,5.67,80.0
1510,130,99,72,2024-01-12 16:11:42,2024-01-12 16:52:42,2024-01-12 16:44:42,DELIVERED,3.74,231.77
1511,72,91,18,2024-09-14 02:19:36,2024-09-14 03:00:36,,ACCEPTED,0.5,95.73
1512,95,50,100,2024-08-18 09:10:43,2024-08-18 09:52:43,,PICKED,3.96,186.13
1513,201,85,43,2024-06-27 11:33:18,2024-06-27 12:19:18,,ACCEPTED,3.25,296.58
1514,146,46,53,2024-03-19 17:39:43,2024-03-19 18:21:43,,PICKED,4.85,284.2
1515,120,92,3,2024-03-03 10:34:00,2024-03-03 11:04:00,2024-03-03 11:36:00,DELIVERED,4.66,277.16
1516,146,1,115,2024-05-10 22:23:07,2024-05-10 23:03:07,2024-05-10 23:21:07,DELIVERED,5.13,392.11
1517,195,55,24,2025-01-02 06:15:58,2025-01-02 07:02:58,,PICKED,3.47,166.14
1518,168,34,46,2024-11-08 17:04:28,2024-11-08 17:59:28,2024-11-08 18:10:28,DELIVERED,3.57,316.47
1519,63,75,81,2024-10-02 16:55:10,2024-10-02 17:46:10,,ACCEPTED,6.13,318.13
1520,143,70,112,2025-01-30 16:58:45,2025-01-30 17:31:45,,ACCEPTED,4.59,279.64
1521,122,96,131,2024-07-08 17:42:43,2024-07-08 18:31:43,2024-07-08 18:31:43,DELIVERED,6.15,130.97
1522,78,48,70,2024-05-27 18:36:36,2024-05-27 19:12:36,,ACCEPTED,4.75,94.9
1523,8,92,89,2024-07-08 18:58:21,2024-07-08 19:25:21,,PICKED,7.24,332.5
1524,113,26,56,2024-05-01 16:09:39,2024-05-01 16:45:39,2024-05-01 16:44:39,DELIVERED,7.04,604.99
1525,139,18,10,2024-06-07 19:20:18,2024-06-07 19:51:18,,PLACED,8.55,186.43
1526,166,100,15,2024-06-10 15:56:49,2024-06-10 16:45:49,2024-06-10 16:55:49,DELIVERED,7.46,794.77
1527,108,62,99,2024-03-25 11:51:09,2024-03-25 12:35:09,2024-03-25 12:53:09,DELIVERED,7.64,267.18
1528,33,82,128,2025-01-16 22:14:22,2025-01-16 22:54:22,2025-01-16 23:22:22,DELIVERED,4.41,192.15
1529,213,26,127,2024-05-22 01:41:45,2024-05-22 02:23:45,2024-05-22 02:15:45,DELIVERED,8.34,203.13
1530,73,65,94,2024-10-26 02:38:45,2024-10-26 03:17:45,2024-10-26 03:20:45,DELIVERED,0.53,206.8
1531,27,44,128,2024-02-20 16:34:39,2024-02-20 17:03:39,2024-02-20 16:56:39,DELIVERED,6.92,289.54
1532,126,84,3,2024-11-10 03:31:01,2024-11-10 04:16:01,,PICKED,5.27,218.61
1533,140,104,23,2025-01-21 10:40:07,2025-01-21 11:10:07,2025-01-21 11:44:07,DELIVERED,4.65,354.72
1534,203,108,38,2024-11-19 00:22:37,2024-11-19 01:01:37,2024-11-19 01:25:37,DELIVERED,3.24,426.35
1535,131,25,31,2024-03-27 07:01:43,2024-03-27 07:43:43,,ACCEPTED,4.42,459.94
1536,174,116,33,2024-07-11 03:49:39,2024-07-11 04:16:39,2024-07-11 04:07:39,DELIVERED,1.26,80.0
1537,219,112,50,2024-03-22 17:50:07,2024-03-22 18:28:07,,CANCELLED,5.87,80.0
1538,67,7,32,2025-01-13 11:45:20,2025-01-13 12:30:20,,PICKED,5.99,481.0
1539,35,14,65,2024-01-18 12:38:02,2024-01-18 13:26:02,2024-01-18 13:42:02,DELIVERED,0.82,371.51
1540,201,107,137,2024-05-23 14:34:40,2024-05-23 15:17:40,,PICKED,5.17,398.13
1541,1,64,133,2024-06-28 16:35:58,2024-06-28 17:21:58,,CANCELLED,5.93,80.0
1542,108,81,59,2025-01-25 17:43:29,2025-01-25 18:25:29,2025-01-25 19:00:29,DELIVERED,3.67,533.02
1543,4,65,63,2024-11-30 05:54:53,2024-11-30 06:27:53,,ACCEPTED,6.74,502.22
1544,12,23,93,2025-01-09 16:33:09,2025-01-09 17:15:09,2025-01-09 17:11:09,DELIVERED,4.8,486.4
1545,157,117,43,2024-06-08 21:50:29,2024-06-08 22:29:29,2024-06-08 22:31:29,DELIVERED,6.11,406.08
1546,64,56,81,2024-06-22 20:35:19,2024-06-22 21:30:19,2024-06-22 21:26:19,DELIVERED,1.38,663.11
1547,119,5,93,2024-06-01 21:18:04,2024-06-01 22:01:04,,PICKED,1.59,214.42
1548,71,78,72,2024-07-22 08:33:43,2024-07-22 09:13:43,,ACCEPTED,2.25,422.94
1549,146,27,54,2024-01-13 04:06:17,2024-01-13 05:00:17,,CANCELLED,3.51,414.1
1550,84,77,2,2024-05-24 05:37:21,2024-05-24 06:27:21,,PLACED,3.58,394.75
1551,149,3,49,2024-07-14 06:28:44,2024-07-14 07:06:44,2024-07-14 07:17:44,DELIVERED,4.56,350.2
1552,53,41,120,2024-04-29 21:42:38,2024-04-29 22:11:38,,ACCEPTED,4.66,570.19
1553,69,22,109,2024-10-07 21:47:32,2024-10-07 22:17:32,2024-10-07 22:08:32,DELIVERED,4.44,323.43
1554,88,40,77,2024-10-09 15:27:35,2024-10-09 15:59:35,2024-10-09 16:14:35,DELIVERED,3.85,293.23
1555,112,54,107,2024-11-12 16:32:11,2024-11-12 17:26:11,,PLACED,3.33,231.4
1556,55,36,100,2024-06-05 18:31:24,2024-06-05 18:57:24,,CANCELLED,4.05,117.74
1557,14,46,55,2024-10-22 05:04:55,2024-10-22 05:55:55,,ACCEPTED,5.03,568.33
1558,36,73,20,2024-05-30 02:43:05,2024-05-30 03:30:05,,ACCEPTED,7.81,397.11
1559,180,51,136,2024-11-10 13:51:18,2024-11-10 14:31:18,,ACCEPTED,4.03,285.68
1560,220,8,123,2024-10-08 06:40:42,2024-10-08 07:10:42,,PICKED,2.43,341.53
1561,148,41,120,2024-12-30 05:47:00,2024-12-30 06:31:00,,PICKED,6.88,341.93
1562,168,21,134,2024-01-29 04:32:02,2024-01-29 05:18:02,,PICKED,3.96,88.25
1563,149,90,66,2024-02-09 19:15:12,2024-02-09 20:03:12,2024-02-09 20:33:12,DELIVERED,5.12,327.25
1564,144,44,91,2024-10-27 05:40:48,2024-10-27 06:34:48,,PLACED,10.57,380.8
1565,164,98,77,2024-08-07 23:29:50,2024-08-08 00:16:50,2024-08-08 00:16:50,DELIVERED,6.01,393.78
1566,110,114,57,2024-08-22 03:22:28,2024-08-22 04:13:28,2024-08-22 04:30:28,DELIVERED,6.05,293.17
1567,108,10,30,2024-05-24 14:09:31,2024-05-24 14:49:31,,PICKED,3.02,287.81
1568,192,62,18,2024-11-29 00:59:49,2024-11-29 01:41:49,2024-11-29 02:13:49,DELIVERED,5.19,505.5
1569,4,14,3,2024-09-03 12:45:50,2024-09-03 13:27:50,2024-09-03 13:45:50,DELIVERED,4.25,262.46
1570,205,79,139,2024-09-09 10:09:22,2024-09-09 10:50:22,2024-09-09 10:54:22,DELIVERED,1.27,457.5
1571,220,87,135,2024-06-04 20:16:12,2024-06-04 21:04:12,2024-06-04 20:57:12,DELIVERED,4.52,298.95
1572,90,78,95,2024-08-13 21:06:09,2024-08-13 21:35:09,2024-08-13 21:28:09,DELIVERED,2.14,172.07
1573,206,73,132,2024-09-23 08:55:46,2024-09-23 09:23:46,,PLACED,5.33,525.33
1574,187,77,79,2024-10-07 14:28:32,2024-10-07 15:11:32,2024-10-07 15:22:32,DELIVERED,2.22,329.36
1575,219,56,15,2024-05-14 22:11:49,2024-05-14 23:06:49,,PICKED,1.66,356.49
1576,122,50,92,2024-04-09 18:16:02,2024-04-09 18:46:02,2024-04-09 19:10:02,DELIVERED,4.66,475.43
1577,58,7,55,2024-03-16 07:59:12,2024-03-16 08:40:12,,PICKED,4.56,80.0
1578,144,78,125,2024-05-19 03:17:06,2024-05-19 03:54:06,2024-05-19 03:47:06,DELIVERED,5.09,255.65
1579,211,116,26,2024-12-30 13:45:07,2024-12-30 14:35:07,2024-12-30 14:39:07,DELIVERED,6.5,405.52
1580,170,18,30,2024-02-06 07:09:59,2024-02-06 08:01:59,2024-02-06 08:16:59,DELIVERED,5.87,395.16
1581,127,29,110,2024-02-03 22:57:16,2024-02-03 23:52:16,2024-02-04 00:21:16,DELIVERED,4.61,127.42
1582,126,77,112,2024-04-25 03:00:46,2024-04-25 03:45:46,,PICKED,4.35,180.8
1583,116,107,8,2024-10-16 13:02:28,2024-10-16 13:29:28,2024-10-16 13:26:28,DELIVERED,5.62,405.39
1584,89,3,125,2024-11-19 17:06:04,2024-11-19 17:35:04,,CANCELLED,4.44,236.55
1585,165,79,55,2024-01-19 17:39:16,2024-01-19 18:23:16,2024-01-19 18:37:16,DELIVERED,4.95,703.88
1586,55,116,128,2025-01-18 15:02:00,2025-01-18 15:44:00,2025-01-18 15:51:00,DELIVERED,6.05,285.46
1587,188,80,37,2024-09-24 02:57:51,2024-09-24 03:43:51,,CANCELLED,4.58,310.97
1588,90,92,63,2024-11-13 20:06:58,2024-11-13 20:54:58,2024-11-13 21:28:58,DELIVERED,0.71,378.67
1589,138,65,55,2024-04-02 22:17:39,2024-04-02 23:04:39,2024-04-02 22:54:39,DELIVERED,2.24,400.94
1590,78,9,92,2024-10-05 18:18:13,2024-10-05 18:55:13,,PICKED,7.61,328.63
1591,144,19,6,2024-10-27 14:27:35,2024-10-27 15:08:35,2024-10-27 15:40:35,DELIVERED,8.3,416.18
1592,9,23,19,2024-07-30 08:26:37,2024-07-30 09:17:37,2024-07-30 09:37:37,DELIVERED,4.86,416.59
1593,169,111,3,2024-08-27 14:04:58,2024-08-27 14:44:58,2024-08-27 15:01:58,DELIVERED,7.4,238.91
1594,210,99,10,2024-05-25 14:32:17,2024-05-25 15:19:17,,PICKED,4.11,80.0
1595,15,100,45,2024-11-22 17:58:34,2024-11-22 18:38:34,2024-11-22 18:49:34,DELIVERED,3.28,80.0
1596,207,4,40,2024-05-12 15:06:57,2024-05-12 15:56:57,,ACCEPTED,6.14,572.35
1597,132,30,19,2024-09-18 06:22:00,2024-09-18 07:11:00,2024-09-18 07:27:00,DELIVERED,3.32,340.78
1598,135,5,78,2024-02-18 15:32:30,2024-02-18 16:05:30,2024-02-18 15:55:30,DELIVERED,0.5,246.88
1599,99,72,114,2025-01-19 12:33:04,2025-01-19 13:13:04,,ACCEPTED,4.13,294.53
1600,57,1,103,2024-09-25 07:22:52,2024-09-25 07:59:52,2024-09-25 08:12:52,DELIVERED,4.25,414.91
1601,58,89,108,2024-06-19 22:37:35,2024-06-19 23:11:35,,CANCELLED,1.27,618.66
1602,173,112,6,2024-02-12 06:19:48,2024-02-12 07:07:48,,ACCEPTED,5.82,693.66
1603,120,30,127,2024-07-29 14:02:17,2024-07-29 14:42:17,,PLACED,3.31,487.96
1604,41,120,80,2024-07-04 14:18:01,2024-07-04 14:47:01,2024-07-04 15:22:01,DELIVERED,0.5,433.24
1605,164,10,127,2024-02-17 09:56:02,2024-02-17 10:30:02,2024-02-17 10:48:02,DELIVERED,2.48,241.59
1606,84,97,50,2024-01-28 14:05:41,2024-01-28 14:59:41,,PICKED,1.76,476.69
1607,170,46,92,2025-01-29 02:50:19,2025-01-29 03:24:19,,PICKED,3.66,350.55
1608,98,24,1,2024-10-31 15:36:43,2024-10-31 16:21:43,,CANCELLED,8.3,159.8
1609,162,89,73,2024-02-19 15:07:54,2024-02-19 15:48:54,2024-02-19 15:41:54,DELIVERED,3.67,460.75
1610,136,49,23,2024-03-09 04:38:55,2024-03-09 05:20:55,2024-03-09 05:50:55,DELIVERED,3.8,582.01
1611,190,70,110,2024-12-15 20:06:38,2024-12-15 20:44:38,,ACCEPTED,5.23,80.0
1612,63,103,101,2024-01-31 03:50:55,2024-01-31 04:17:55,2024-01-31 04:09:55,DELIVERED,3.36,480.83
1613,57,20,102,2024-04-22 09:08:36,2024-04-22 09:57:36,2024-04-22 10:03:36,DELIVERED,4.71,430.55
1614,76,67,28,2024-07-30 21:23:38,2024-07-30 21:58:38,2024-07-30 22:16:38,DELIVERED,8.34,261.64
1615,45,79,13,2024-08-13 00:05:54,2024-08-13 00:49:54,2024-08-13 01:01:54,DELIVERED,3.99,431.99
1616,40,62,39,2024-02-15 23:00:22,2024-02-15 23:31:22,2024-02-15 23:29:22,DELIVERED,3.26,162.54
1617,171,4,29,2024-11-14 20:47:50,2024-11-14 21:36:50,,PICKED,7.4,397.64
1618,9,87,77,2024-07-08 19:58:24,2024-07-08 20:37:24,2024-07-08 20:27:24,DELIVERED,1.39,475.52
1619,79,49,81,2024-08-14 16:09:16,2024-08-14 16:42:16,2024-08-14 16:55:16,DELIVERED,3.24,494.6
1620,115,27,119,2024-02-21 01:14:21,2024-02-21 01:57:21,,ACCEPTED,3.24,230.86
1621,198,70,70,2024-01-19 08:56:43,2024-01-19 09:29:43,,PICKED,4.48,124.05
1622,157,66,22,2024-09-28 16:04:52,2024-09-28 16:34:52,,ACCEPTED,5.43,139.24
1623,58,14,26,2025-01-14 04:29:18,2025-01-14 05:14:18,,ACCEPTED,4.17,262.85
1624,118,53,116,2024-05-03 18:48:43,2024-05-03 19:17:43,,ACCEPTED,3.36,307.87
1625,208,14,11,2024-03-22 19:00:17,2024-03-22 19:31:17,2024-03-22 20:06:17,DELIVERED,0.5,256.99
1626,66,37,129,2024-11-23 10:12:52,2024-11-23 11:05:52,2024-11-23 11:25:52,DELIVERED,7.3,354.84
1627,146,48,7,2024-01-13 08:26:16,2024-01-13 09:01:16,,CANCELLED,7.2,322.92
1628,14,52,45,2025-01-23 23:50:28,2025-01-24 00:39:28,,PICKED,3.42,339.94
1629,54,75,84,2024-03-30 12:05:05,2024-03-30 12:59:05,,ACCEPTED,4.81,285.47
1630,196,79,40,2025-01-22 18:44:09,2025-01-22 19:34:09,,ACCEPTED,6.34,535.22
1631,108,11,36,2024-11-24 07:36:22,2024-11-24 08:28:22,,PICKED,4.39,382.27
1632,209,20,137,2024-03-28 10:06:41,2024-03-28 10:48:41,2024-03-28 11:16:41,DELIVERED,5.25,326.1
1633,33,89,9,2024-12-25 15:36:07,2024-12-25 16:05:07,2024-12-25 16:04:07,DELIVERED,5.03,85.97
1634,72,104,18,2024-07-21 11:04:11,2024-07-21 11:59:11,2024-07-21 12:30:11,DELIVERED,7.3,241.01
1635,117,103,81,2024-02-07 01:17:36,2024-02-07 02:01:36,,PICKED,3.06,80.0
1636,102,21,120,2024-06-21 03:16:40,2024-06-21 04:08:40,,PLACED,5.4,232.68
1637,51,36,128,2024-08-27 13:06:59,2024-08-27 13:49:59,2024-08-27 14:18:59,DELIVERED,2.95,307.65
1638,7,78,46,2025-01-07 01:00:09,2025-01-07 01:33:09,,ACCEPTED,7.0,145.67
1639,153,72,42,2024-11-16 08:44:00,2024-11-16 09:31:00,2024-11-16 09:36:00,DELIVERED,6.18,604.31
1640,127,79,25,2024-05-10 08:54:37,2024-05-10 09:24:37,,PICKED,6.37,664.87
1641,25,84,82,2024-09-09 01:54:21,2024-09-09 02:39:21,2024-09-09 02:54:21,DELIVERED,5.92,369.58
1642,22,14,95,2024-05-20 00:04:41,2024-05-20 00:50:41,2024-05-20 00:54:41,DELIVERED,3.56,348.25
1643,10,22,139,2024-06-10 16:42:36,2024-06-10 17:36:36,2024-06-10 17:45:36,DELIVERED,9.92,597.12
1644,58,23,115,2024-12-09 09:12:25,2024-12-09 10:05:25,2024-12-09 10:35:25,DELIVERED,5.65,80.0
1645,5,108,98,2025-01-05 04:39:41,2025-01-05 05:04:41,2025-01-05 05:13:41,DELIVERED,5.78,365.38
1646,140,65,40,2024-02-09 08:22:45,2024-02-09 09:17:45,,PICKED,5.93,592.43
1647,116,95,117,2024-03-14 22:27:44,2024-03-14 23:15:44,2024-03-14 23:21:44,DELIVERED,4.77,410.17
1648,207,34,104,2024-05-16 01:37:27,2024-05-16 02:08:27,,PICKED,9.88,351.47
1649,5,83,40,2024-01-23 12:16:02,2024-01-23 13:11:02,2024-01-23 13:23:02,DELIVERED,6.92,323.02
1650,93,65,40,2024-05-07 04:05:56,2024-05-07 04:31:56,2024-05-07 04:54:56,DELIVERED,4.43,80.0
1651,92,120,101,2024-06-16 03:43:02,2024-06-16 04:28:02,,PICKED,5.87,344.2
1652,54,44,8,2024-09-20 18:21:43,2024-09-20 19:11:43,2024-09-20 19:35:43,DELIVERED,9.29,310.77
1653,181,91,82,2024-08-23 11:58:52,2024-08-23 12:53:52,,CANCELLED,6.41,247.85
1654,124,49,105,2024-06-11 14:26:46,2024-06-11 15:13:46,2024-06-11 15:12:46,DELIVERED,4.62,113.76
1655,65,1,38,2024-10-08 11:09:42,2024-10-08 11:41:42,,PICKED,5.24,303.34
1656,117,64,66,2024-05-26 19:55:18,2024-05-26 20:47:18,,CANCELLED,2.58,622.93
1657,78,37,66,2024-07-03 06:57:13,2024-07-03 07:48:13,2024-07-03 08:22:13,DELIVERED,7.08,83.78
1658,153,27,129,2024-04-16 23:44:21,2024-04-17 00:28:21,2024-04-17 00:56:21,DELIVERED,5.96,242.26
1659,63,117,54,2025-01-01 10:42:01,2025-01-01 11:31:01,2025-01-01 11:37:01,DELIVERED,7.4,492.17
1660,129,87,127,2024-12-13 17:37:14,2024-12-13 18:21:14,,PICKED,5.24,636.25
1661,126,110,127,2024-03-03 23:28:22,2024-03-03 23:54:22,,ACCEPTED,1.5,255.61
1662,110,65,117,2025-01-05 16:08:23,2025-01-05 16:39:23,,PLACED,4.19,401.47
1663,177,12,12,2024-12-14 19:07:50,2024-12-14 19:54:50,2024-12-14 19:48:50,DELIVERED,0.5,224.56
1664,110,83,10,2024-01-14 23:41:13,2024-01-15 00:35:13,,ACCEPTED,4.71,379.88
1665,179,119,117,2024-09-14 14:20:34,2024-09-14 15:01:34,,CANCELLED,4.35,310.5
1666,1,33,21,2024-10-14 13:15:30,2024-10-14 13:53:30,2024-10-14 13:44:30,DELIVERED,3.01,207.15
1667,164,66,64,2024-01-21 13:05:59,2024-01-21 13:37:59,2024-01-21 13:33:59,DELIVERED,5.3,403.73
1668,100,11,31,2024-04-13 04:27:37,2024-04-13 05:21:37,2024-04-13 05:46:37,DELIVERED,5.42,271.37
1669,178,111,94,2024-09-29 13:18:03,2024-09-29 13:47:03,2024-09-29 13:43:03,DELIVERED,4.82,459.81
1670,90,42,58,2024-06-23 22:42:26,2024-06-23 23:18:26,,PICKED,5.39,207.28
1671,95,51,17,2024-01-06 16:14:02,2024-01-06 16:59:02,,ACCEPTED,2.74,479.95
1672,45,75,1,2024-08-22 10:52:22,2024-08-22 11:47:22,,PICKED,4.05,269.58
1673,103,107,42,2024-01-26 02:15:02,2024-01-26 03:07:02,,ACCEPTED,4.45,187.48
1674,134,6,111,2024-05-18 22:39:58,2024-05-18 23:22:58,,PLACED,3.39,376.0
1675,183,73,132,2024-04-06 08:03:11,2024-04-06 08:32:11,2024-04-06 08:27:11,DELIVERED,1.54,343.31
1676,203,29,81,2024-10-29 22:11:40,2024-10-29 22:49:40,2024-10-29 22:46:40,DELIVERED,5.3,249.44
1677,180,44,32,2024-11-19 20:37:46,2024-11-19 21:31:46,2024-11-19 21:57:46,DELIVERED,5.0,440.11
1678,109,61,61,2024-05-29 16:51:16,2024-05-29 17:31:16,2024-05-29 17:32:16,DELIVERED,5.73,134.09
1679,166,68,97,2024-10-20 13:31:34,2024-10-20 14:06:34,2024-10-20 14:03:34,DELIVERED,6.81,260.69
1680,209,35,120,2024-06-20 21:01:57,2024-06-20 21:56:57,,CANCELLED,6.26,279.45
1681,6,89,126,2024-06-22 12:08:37,2024-06-22 12:38:37,2024-06-22 12:47:37,DELIVERED,4.16,135.69
1682,209,61,92,2024-06-27 10:23:12,2024-06-27 11:01:12,,ACCEPTED,8.24,355.77
1683,158,117,11,2024-10-23 18:13:21,2024-10-23 18:57:21,2024-10-23 19:02:21,DELIVERED,4.78,284.92
1684,203,44,62,2025-02-01 21:52:28,2025-02-01 22:38:28,,PLACED,4.98,182.02
1685,66,3,54,2024-11-15 20:46:33,2024-11-15 21:16:33,,CANCELLED,3.1,80.0
1686,89,87,45,2024-11-02 00:13:52,2024-11-02 01:05:52,,PICKED,4.39,457.85
1687,109,7,54,2024-11-17 10:38:48,2024-11-17 11:06:48,,PICKED,4.76,108.71
1688,200,100,139,2024-02-26 14:31:43,2024-02-26 15:03:43,2024-02-26 15:03:43,DELIVERED,8.1,298.98
1689,96,39,67,2024-09-19 23:14:35,2024-09-20 00:08:35,2024-09-20 00:08:35,DELIVERED,5.19,273.41
1690,157,46,26,2024-05-30 12:29:21,2024-05-30 13:21:21,,PICKED,5.86,236.91
1691,172,58,72,2024-07-07 03:38:25,2024-07-07 04:23:25,2024-07-07 04:52:25,DELIVERED,5.05,319.46
1692,144,77,51,2024-06-22 02:49:23,2024-06-22 03:25:23,,CANCELLED,5.38,447.06
1693,1,67,100,2024-11-01 01:10:27,2024-11-01 01:43:27,2024-11-01 02:06:27,DELIVERED,5.44,253.69
1694,208,19,140,2024-01-18 05:09:11,2024-01-18 05:55:11,,PICKED,3.64,470.36
1695,151,16,24,2024-02-13 02:25:07,2024-02-13 03:12:07,2024-02-13 03:45:07,DELIVERED,3.54,95.76
1696,117,74,62,2024-03-17 20:54:06,2024-03-17 21:25:06,,PICKED,5.3,260.78
1697,18,35,28,2024-08-20 22:24:45,2024-08-20 22:53:45,,PLACED,3.8,396.95
1698,157,97,52,2024-06-29 12:47:27,2024-06-29 13:21:27,,PICKED,4.02,607.58
1699,164,34,98,2024-01-10 01:04:21,2024-01-10 01:46:21,2024-01-10 01:36:21,DELIVERED,3.92,683.34
1700,89,65,130,2025-01-05 02:16:21,2025-01-05 02:59:21,,ACCEPTED,5.46,261.9
1701,33,50,108,2024-08-19 08:36:58,2024-08-19 09:01:58,,PICKED,5.09,247.85
1702,139,98,96,2024-02-28 17:34:44,2024-02-28 18:18:44,,PLACED,3.59,244.29
1703,5,39,129,2024-07-03 02:04:39,2024-07-03 02:56:39,,ACCEPTED,5.07,204.91
1704,199,78,12,2024-07-15 15:58:18,2024-07-15 16:50:18,2024-07-15 17:24:18,DELIVERED,5.74,388.26
1705,153,108,85,2024-01-26 20:11:24,2024-01-26 20:55:24,2024-01-26 20:48:24,DELIVERED,3.63,435.12
1706,73,21,93,2024-08-31 04:49:19,2024-08-31 05:39:19,2024-08-31 05:37:19,DELIVERED,6.28,237.04
1707,56,62,69,2025-01-19 06:27:56,2025-01-19 06:53:56,2025-01-19 07:03:56,DELIVERED,5.81,189.86
1708,213,105,29,2024-03-16 04:30:07,2024-03-16 05:01:07,2024-03-16 05:29:07,DELIVERED,1.87,125.83
1709,34,95,19,2024-05-18 15:50:33,2024-05-18 16:37:33,2024-05-18 17:02:33,DELIVERED,4.26,464.61
1710,57,77,111,2024-01-17 13:10:50,2024-01-17 13:55:50,2024-01-17 14:05:50,DELIVERED,5.56,305.94
1711,5,42,38,2024-05-30 19:01:03,2024-05-30 19:50:03,,PICKED,3.96,530.02
1712,154,112,52,2024-03-31 15:29:57,2024-03-31 16:24:57,,ACCEPTED,4.08,367.92
1713,45,7,61,2024-04-27 20:11:39,2024-04-27 21:01:39,2024-04-27 21:11:39,DELIVERED,3.03,80.0
1714,71,46,104,2024-06-26 21:30:19,2024-06-26 21:55:19,2024-06-26 22:30:19,DELIVERED,6.06,164.99
1715,6,92,78,2024-05-07 02:24:01,2024-05-07 02:57:01,,CANCELLED,2.22,495.26
1716,124,59,116,2025-01-31 02:37:54,2025-01-31 03:29:54,2025-01-31 03:29:54,DELIVERED,1.67,210.13
1717,25,97,9,2024-06-10 07:09:02,2024-06-10 07:41:02,,PLACED,2.66,535.72
1718,8,10,83,2024-04-02 06:49:56,2024-04-02 07:25:56,2024-04-02 07:21:56,DELIVERED,2.64,154.62
1719,95,117,13,2024-11-15 05:10:11,2024-11-15 05:58:11,,PLACED,3.64,389.65
1720,61,53,32,2024-03-05 04:44:29,2024-03-05 05:20:29,2024-03-05 05:30:29,DELIVERED,3.88,335.15
1721,25,71,70,2024-05-20 23:07:13,2024-05-20 23:47:13,2024-05-20 23:43:13,DELIVERED,5.34,285.78
1722,190,23,77,2024-09-03 02:44:58,2024-09-03 03:11:58,2024-09-03 03:28:58,DELIVERED,4.56,360.13
1723,215,106,85,2024-07-14 13:01:50,2024-07-14 13:30:50,,CANCELLED,5.27,410.74
1724,59,20,47,2024-01-27 22:17:49,2024-01-27 22:47:49,,ACCEPTED,5.3,727.97
1725,155,30,77,2024-10-15 18:17:48,2024-10-15 19:02:48,2024-10-15 19:11:48,DELIVERED,1.67,395.88
1726,193,54,117,2024-09-16 16:11:25,2024-09-16 17:02:25,2024-09-16 17:02:25,DELIVERED,5.4,294.7
1727,143,96,120,2024-09-26 03:01:16,2024-09-26 03:43:16,2024-09-26 04:18:16,DELIVERED,2.68,394.17
1728,182,31,16,2024-04-09 04:52:35,2024-04-09 05:17:35,2024-04-09 05:17:35,DELIVERED,3.1,241.51
1729,58,111,33,2024-08-14 03:30:05,2024-08-14 04:06:05,2024-08-14 04:24:05,DELIVERED,5.68,469.07
1730,195,4,57,2024-05-11 01:00:55,2024-05-11 01:48:55,,ACCEPTED,1.47,358.71
1731,92,23,21,2024-07-14 05:01:54,2024-07-14 05:55:54,2024-07-14 05:53:54,DELIVERED,5.45,80.0
1732,199,84,130,2025-01-28 19:41:20,2025-01-28 20:18:20,2025-01-28 20:50:20,DELIVERED,4.26,352.69
1733,141,14,7,2024-12-01 18:20:29,2024-12-01 18:57:29,,PLACED,5.6,502.39
1734,66,120,60,2024-06-08 02:24:42,2024-06-08 02:51:42,2024-06-08 03:12:42,DELIVERED,4.71,484.12
1735,71,46,124,2024-05-11 22:43:35,2024-05-11 23:32:35,,PLACED,2.34,404.3
1736,91,14,114,2024-11-09 22:06:45,2024-11-09 23:00:45,2024-11-09 23:11:45,DELIVERED,5.01,80.0
1737,83,53,75,2024-04-22 11:50:08,2024-04-22 12:17:08,,PLACED,1.16,109.81
1738,117,14,114,2024-01-02 19:56:29,2024-01-02 20:22:29,,PLACED,4.08,404.51
1739,91,21,124,2024-07-03 02:28:18,2024-07-03 03:05:18,2024-07-03 03:36:18,DELIVERED,7.93,299.6
1740,212,114,125,2024-01-07 20:08:31,2024-01-07 20:42:31,2024-01-07 20:46:31,DELIVERED,6.76,320.74
1741,183,3,35,2025-01-17 14:20:48,2025-01-17 15:06:48,,PICKED,6.41,306.42
1742,156,68,77,2024-05-27 12:16:09,2024-05-27 12:47:09,2024-05-27 13:14:09,DELIVERED,5.93,120.14
1743,125,52,103,2024-06-16 09:48:43,2024-06-16 10:21:43,,PLACED,0.5,107.57
1744,49,98,75,2024-02-03 08:44:26,2024-02-03 09:36:26,,PICKED,5.57,667.13
1745,16,27,97,2024-07-24 22:12:15,2024-07-24 22:45:15,2024-07-24 22:59:15,DELIVERED,3.65,317.14
1746,188,64,18,2024-09-01 05:28:48,2024-09-01 05:56:48,2024-09-01 05:52:48,DELIVERED,4.18,445.67
1747,67,110,54,2024-10-24 22:28:51,2024-10-24 22:54:51,2024-10-24 23:03:51,DELIVERED,3.96,80.0
1748,123,110,99,2024-11-29 16:19:32,2024-11-29 16:55:32,2024-11-29 17:26:32,DELIVERED,6.75,169.7
1749,219,30,48,2024-10-03 10:46:59,2024-10-03 11:18:59,,ACCEPTED,2.53,224.05
1750,203,49,72,2024-04-12 10:11:23,2024-04-12 10:48:23,2024-04-12 10:56:23,DELIVERED,6.64,153.89
1751,104,19,45,2024-04-08 23:16:51,2024-04-08 23:52:51,2024-04-08 23:56:51,DELIVERED,3.46,116.65
1752,28,25,71,2025-01-13 13:52:35,2025-01-13 14:24:35,,PICKED,1.17,81.34
1753,110,84,37,2024-03-27 20:59:23,2024-03-27 21:38:23,2024-03-27 21:45:23,DELIVERED,2.84,80.0
1754,128,17,28,2024-11-01 19:26:29,2024-11-01 20:07:29,,PICKED,5.04,457.22
1755,117,72,133,2024-07-01 13:30:03,2024-07-01 13:59:03,,ACCEPTED,4.47,391.13
1756,57,20,47,2024-09-29 08:47:53,2024-09-29 09:29:53,2024-09-29 09:25:53,DELIVERED,3.75,334.57
1757,206,110,29,2024-10-30 09:24:10,2024-10-30 10:06:10,,ACCEPTED,4.83,346.18
1758,150,82,91,2024-07-18 13:00:12,2024-07-18 13:41:12,,PLACED,5.89,216.59
1759,191,19,22,2024-03-30 18:02:27,2024-03-30 18:47:27,2024-03-30 19:04:27,DELIVERED,4.01,168.42
1760,211,92,100,2024-05-01 19:56:13,2024-05-01 20:49:13,2024-05-01 21:00:13,DELIVERED,2.93,251.04
1761,69,7,86,2024-01-21 05:20:21,2024-01-21 05:47:21,,PICKED,5.3,206.05
1762,95,94,96,2024-02-05 01:33:49,2024-02-05 02:28:49,2024-02-05 02:37:49,DELIVERED,3.77,163.71
1763,8,48,32,2024-10-15 05:15:06,2024-10-15 06:08:06,2024-10-15 06:23:06,DELIVERED,2.55,205.58
1764,155,118,56,2024-11-02 16:39:10,2024-11-02 17:14:10,,ACCEPTED,6.81,358.06
1765,163,35,79,2024-01-06 09:00:56,2024-01-06 09:51:56,,ACCEPTED,8.21,417.68
1766,85,26,139,2024-01-21 13:15:42,2024-01-21 14:00:42,,ACCEPTED,4.96,331.4
1767,83,47,105,2024-08-06 14:19:11,2024-08-06 14:53:11,2024-08-06 15:15:11,DELIVERED,2.9,442.42
1768,111,90,87,2024-04-08 05:36:05,2024-04-08 06:06:05,,CANCELLED,4.87,193.6
1769,129,68,94,2024-07-15 16:22:40,2024-07-15 16:54:40,2024-07-15 17:16:40,DELIVERED,5.1,147.56
1770,98,25,4,2024-10-03 13:10:33,2024-10-03 13:39:33,,PICKED,3.07,254.18
1771,133,54,88,2024-05-12 12:19:23,2024-05-12 13:01:23,,ACCEPTED,5.42,401.78
1772,46,57,54,2024-07-07 10:13:23,2024-07-07 10:45:23,2024-07-07 11:02:23,DELIVERED,3.48,397.09
1773,148,15,27,2024-08-12 23:57:25,2024-08-13 00:40:25,2024-08-13 00:41:25,DELIVERED,3.92,375.27
1774,84,74,70,2024-05-12 13:21:20,2024-05-12 13:52:20,,PICKED,2.46,573.54
1775,48,115,4,2024-03-23 14:32:03,2024-03-23 15:08:03,2024-03-23 15:20:03,DELIVERED,4.08,326.68
1776,188,66,137,2024-04-29 06:38:29,2024-04-29 07:04:29,,PICKED,3.57,358.53
1777,114,105,41,2024-04-18 06:23:00,2024-04-18 07:08:00,2024-04-18 07:09:00,DELIVERED,2.92,183.51
1778,186,62,57,2024-12-03 05:23:22,2024-12-03 06:01:22,,PICKED,5.38,180.12
1779,16,97,19,2024-10-05 02:07:39,2024-10-05 02:41:39,2024-10-05 02:35:39,DELIVERED,3.54,269.2
1780,187,96,101,2024-01-28 10:50:36,2024-01-28 11:36:36,2024-01-28 11:38:36,DELIVERED,3.1,203.0
1781,202,84,120,2024-09-21 17:43:04,2024-09-21 18:21:04,2024-09-21 18:12:04,DELIVERED,3.74,231.05
1782,135,32,51,2024-02-02 05:49:05,2024-02-02 06:37:05,2024-02-02 07:00:05,DELIVERED,2.22,610.87
1783,62,102,63,2024-11-06 08:45:41,2024-11-06 09:13:41,,CANCELLED,3.45,346.81
1784,70,57,6,2024-09-09 00:03:42,2024-09-09 00:33:42,,ACCEPTED,7.95,307.44
1785,97,64,138,2024-09-13 11:17:59,2024-09-13 12:08:59,,PICKED,6.42,382.14
1786,78,95,97,2024-10-27 09:30:01,2024-10-27 09:56:01,,ACCEPTED,4.46,293.24
1787,20,47,41,2024-10-21 13:30:09,2024-10-21 14:02:09,,ACCEPTED,4.6,122.54
1788,219,107,103,2024-06-01 15:15:38,2024-06-01 15:48:38,2024-06-01 16:02:38,DELIVERED,5.71,216.74
1789,47,46,75,2024-12-02 18:48:31,2024-12-02 19:37:31,,PLACED,7.76,203.31
1790,6,45,37,2024-09-01 23:59:04,2024-09-02 00:51:04,,PLACED,5.53,488.92
1791,57,104,38,2024-10-30 07:03:44,2024-10-30 07:39:44,,ACCEPTED,1.85,465.62
1792,212,61,94,2024-04-17 17:07:02,2024-04-17 17:45:02,,PICKED,4.71,80.0
1793,113,119,24,2024-03-14 04:56:18,2024-03-14 05:35:18,2024-03-14 06:02:18,DELIVERED,4.7,80.0
1794,98,119,124,2024-10-02 03:59:07,2024-10-02 04:24:07,,ACCEPTED,5.13,85.63
1795,142,93,102,2024-09-11 19:24:35,2024-09-11 20:04:35,2024-09-11 19:55:35,DELIVERED,7.18,491.59
1796,17,111,61,2024-07-12 13:17:13,2024-07-12 13:51:13,,ACCEPTED,6.2,248.46
1797,110,67,30,2024-02-14 09:14:05,2024-02-14 09:45:05,,PLACED,4.89,426.67
1798,71,69,75,2024-09-25 09:54:21,2024-09-25 10:36:21,2024-09-25 10:33:21,DELIVERED,2.41,80.0
1799,53,77,34,2024-05-31 20:11:32,2024-05-31 20:40:32,,PICKED,1.95,355.67
1800,42,25,4,2025-01-17 09:03:26,2025-01-17 09:39:26,2025-01-17 10:06:26,DELIVERED,9.17,479.44
71,60,44,85,2024-03-17 04:55:01,2024-03-17 05:35:01,,ACCEPTED,5.34,313.36
