txn_id,user_id,merchant_id,txn_ts,amount,txn_status,channel,device_id
1,20,22,2024-12-02 16:36:39,3614.54,SUCCESS,CARD,DEV0373
2,11,28,2024-08-11 03:54:06,460.99,SUCCESS,WALLET,DEV0330
3,51,26,2025-01-25 22:50:02,0.0,SUCCESS,WALLET,DEV0245
4,102,80,2024-12-14 08:52:25,965.66,SUCCESS,CARD,DEV0441
5,14,76,2024-09-01 19:07:27,0.0,SUCCESS,UPI,DEV0318
6,200,59,2024-12-31 10:37:17,-500.0,SUCCESS,CARD,DEV0027
7,109,11,2024-07-22 11:43:38,1771.15,SUCCESS,CARD,DEV0178
8,134,68,2024-09-16 07:05:20,2852.2,SUCCESS,WALLET,DEV0291
9,12,76,2024-03-09 17:45:37,4126.69,SUCCESS,UPI,DEV0389
10,71,53,2024-04-05 20:12:39,4329.41,SUCCESS,CARD,DEV0061
11,4,43,2024-02-07 13:25:42,0.0,SUCCESS,UPI,DEV0093
12,119,33,2024-03-30 05:17:19,2098.0,DONE,WALLET,DEV0362
13,7,48,2024-12-19 21:22:06,0.0,SUCCESS,UPI,DEV0447
14,154,55,2024-06-11 15:19:44,1790.55,SUCCESS,WALLET,DEV0238
15,107,20,2025-01-25 20:31:16,2672.26,SUCCESS,WALLET,DEV0354
16,39,35,2025-01-11 11:25:05,3486.97,SUCCESS,WALLET,DEV0045
17,189,48,2024-05-12 16:41:00,451.53,FAILED,UPI,DEV0094
18,56,55,2024-09-23 05:16:54,2566.81,PENDING,UPI,DEV0149
19,4,7,2024-10-18 22:34:48,0.0,SUCCESS,WALLET,DEV0350
20,22,61,2024-06-17 00:46:16,1456.04,SUCCESS,WALLET,DEV0436
21,92,9999,2024-02-25 21:42:02,2296.3,SUCCESS,UPI,DEV0290
22,52,52,2024-06-29 17:44:27,2676.39,SUCCESS,CARD,DEV0396
23,85,68,2024-10-02 11:16:09,4621.91,SUCCESS,WALLET,DEV0006
24,105,49,2024-11-11 14:46:35,3656.42,FAILED,CARD,DEV0227
25,26,74,2024-02-14 00:41:03,319.42,SUCCESS,UPI,DEV0208
26,21,29,2024-01-07 08:18:19,2651.62,SUCCESS,WALLET,DEV0028
27,39,2,2024-10-21 10:27:42,2159.68,SUCCESS,CARD,DEV0207
28,45,54,2024-10-28 06:35:20,5379.69,SUCCESS,CARD,DEV0225
29,129,31,2025-01-24 15:37:37,942.26,SUCCESS,UPI,DEV0179
30,146,7,2024-04-28 14:06:51,4326.84,SUCCESS,UPI,DEV0187
31,31,24,,5188.4,SUCCESS,WALLET,DEV0280
32,50,53,2024-11-16 07:20:47,2941.25,FAILED,CARD,DEV0412
33,16,41,2024-04-12 02:41:47,3151.53,SUCCESS,CARD,DEV0238
34,83,73,2024-12-19 20:40:46,0.0,SUCCESS,CARD,DEV0083
35,103,44,2024-12-09 23:51:23,0.0,SUCCESS,WALLET,DEV0377
36,85,61,2024-12-21 02:34:18,1931.89,SUCCESS,UPI,DEV0216
37,69,68,2025-01-05 14:32:59,163.56,SUCCESS,UPI,DEV0176
38,46,33,2024-12-09 15:57:11,0.0,SUCCESS,CARD,DEV0440
39,8,30,2024-01-13 14:44:08,0.0,SUCCESS,WALLET,DEV0259
40,144,1,2024-06-05 14:35:46,2233.83,SUCCESS,CARD,DEV0028
41,11,20,2024-03-17 03:47:55,0.0,SUCCESS,CARD,DEV0434
42,75,57,2024-03-28 16:03:41,430.97,SUCCESS,WALLET,DEV0391
43,21,2,2024-08-04 03:52:18,1466.87,SUCCESS,WALLET,DEV0252
44,89,13,2024-02-22 20:54:21,1094.31,SUCCESS,CARD,DEV0278
45,91,9,2024-08-15 13:40:52,3827.53,SUCCESS,UPI,DEV0108
46,92,29,2024-05-24 15:48:42,0.0,SUCCESS,WALLET,DEV0328
47,27,6,2024-11-27 04:38:48,814.62,SUCCESS,CARD,DEV0135
48,11,68,2024-06-25 12:35:17,300.89,SUCCESS,CARD,DEV0201
49,95,45,2024-04-30 22:34:17,0.0,SUCCESS,CARD,DEV0258
50,94,67,2025-01-08 13:22:10,0.0,SUCCESS,WALLET,DEV0091
51,110,70,2024-08-16 09:49:08,4626.54,SUCCESS,UPI,DEV0291
52,97,44,2024-04-12 20:03:42,1072.83,SUCCESS,WALLET,DEV0115
53,58,73,2024-07-21 22:30:56,1783.12,SUCCESS,WALLET,DEV0332
54,12,39,2024-08-10 08:29:16,1848.73,SUCCESS,CARD,DEV0189
55,130,16,2025-01-31 01:46:26,0.0,FAILED,WALLET,DEV0347
56,112,77,2024-09-13 10:52:28,4505.84,SUCCESS,UPI,DEV0426
57,89,77,2024-11-19 16:57:55,250.74,SUCCESS,CARD,DEV0222
58,156,80,2024-06-30 10:47:48,1694.0,SUCCESS,CARD,DEV0211
59,1,15,2024-03-06 00:28:33,0.0,SUCCESS,CARD,DEV0016
60,27,1,2024-09-02 01:43:29,1969.68,SUCCESS,WALLET,DEV0243
61,16,74,2024-09-21 08:05:37,1133.58,SUCCESS,CARD,DEV0048
62,76,14,2024-08-10 10:32:42,0.0,SUCCESS,UPI,DEV0346
63,72,36,2025-01-16 17:05:52,2592.61,SUCCESS,WALLET,DEV0028
64,119,78,2024-09-21 15:29:31,0.0,SUCCESS,UPI,DEV0274
65,20,46,2024-06-16 18:03:13,1590.11,FAILED,UPI,DEV0428
66,120,4,2024-01-06 06:24:50,0.0,SUCCESS,CARD,DEV0068
67,130,60,2024-12-15 19:26:57,176.2,SUCCESS,UPI,DEV0086
68,154,6,2024-09-25 10:32:44,1692.87,SUCCESS,UPI,DEV0259
69,10,43,2024-04-04 19:46:37,0.0,SUCCESS,CARD,DEV0423
70,113,15,2024-08-27 03:54:27,3346.94,SUCCESS,UPI,DEV0375
71,93,43,2025-01-02 08:03:50,1830.3,SUCCESS,UPI,DEV0098
72,113,15,2024-04-12 02:28:05,2012.7,SUCCESS,UPI,DEV0063
73,150,11,2024-03-12 09:43:21,0.0,SUCCESS,WALLET,DEV0424
74,130,32,2024-05-28 20:34:20,0.0,SUCCESS,WALLET,DEV0388
75,171,66,2024-02-26 16:34:13,0.0,SUCCESS,WALLET,DEV0155
76,140,56,2024-09-21 05:39:33,5570.39,SUCCESS,UPI,DEV0251
77,100,37,2024-05-08 15:48:20,2557.31,SUCCESS,WALLET,DEV0120
78,79,36,2024-09-17 14:53:43,943.78,SUCCESS,UPI,DEV0165
79,177,48,2024-05-30 05:47:28,0.0,SUCCESS,WALLET,DEV0415
80,136,32,2024-12-15 09:30:41,2308.31,SUCCESS,UPI,DEV0034
81,101,53,2025-01-19 12:38:21,682.62,SUCCESS,WALLET,DEV0057
82,155,56,2024-05-16 08:20:28,2370.32,SUCCESS,WALLET,DEV0215
83,133,57,2025-01-24 04:46:17,566.44,PENDING,CARD,DEV0268
84,139,5,2024-11-27 12:11:30,3288.57,SUCCESS,CARD,DEV0216
85,86,72,2024-07-14 20:52:03,0.0,SUCCESS,CARD,DEV0187
86,115,42,2024-12-28 00:31:25,0.0,SUCCESS,CARD,DEV0269
87,123,26,2024-12-26 00:45:02,2147.27,SUCCESS,UPI,DEV0375
88,115,66,2024-08-07 11:31:32,1620.46,FAILED,CARD,DEV0216
89,88,68,2024-08-10 13:16:02,1470.31,SUCCESS,UPI,DEV0384
90,93,66,2024-07-01 19:33:46,0.0,SUCCESS,WALLET,DEV0119
91,108,59,2024-10-17 23:53:56,329.44,SUCCESS,UPI,DEV0391
92,199,30,2024-05-10 23:54:06,864.04,SUCCESS,CARD,DEV0144
93,153,68,2025-01-31 01:10:32,2677.54,SUCCESS,CARD,DEV0158
94,142,24,2025-01-14 18:26:28,1410.17,SUCCESS,UPI,DEV0091
95,60,45,2024-07-25 03:12:50,1460.51,SUCCESS,WALLET,DEV0095
96,38,55,2024-11-07 08:23:09,0.0,SUCCESS,UPI,DEV0394
97,171,31,2024-03-12 00:29:45,3680.6,FAILED,WALLET,DEV0247
98,55,30,2025-01-09 07:40:06,757.09,SUCCESS,CARD,DEV0054
99,178,72,2024-12-14 07:56:32,429.86,SUCCESS,UPI,DEV0118
100,134,45,2024-09-08 06:57:37,0.0,SUCCESS,UPI,DEV0251
101,114,19,2024-05-27 08:38:20,4253.91,SUCCESS,UPI,DEV0209
102,182,52,2024-05-12 14:34:30,1751.01,SUCCESS,UPI,DEV0074
103,5,14,2024-06-14 13:20:40,1675.63,SUCCESS,CARD,DEV0278
104,57,18,2024-02-06 14:59:25,0.0,SUCCESS,WALLET,DEV0423
105,71,54,2024-04-28 07:01:02,2199.31,SUCCESS,WALLET,DEV0272
106,95,30,2024-12-30 00:59:13,1541.94,SUCCESS,WALLET,DEV0231
107,107,7,2024-03-12 23:13:24,1404.65,SUCCESS,WALLET,DEV0224
108,117,8,2024-04-14 21:42:36,0.0,SUCCESS,WALLET,DEV0235
109,95,4,2024-10-15 01:33:41,136.95,SUCCESS,CARD,DEV0222
110,166,20,2024-01-16 05:36:38,2360.27,SUCCESS,UPI,DEV0081
111,144,60,2024-03-05 01:07:43,2441.14,SUCCESS,CARD,DEV0216
112,190,56,2024-06-19 03:25:05,4119.25,SUCCESS,WALLET,DEV0446
113,56,37,2024-05-22 02:10:58,3455.46,SUCCESS,CARD,DEV0092
114,195,40,2024-05-16 08:54:41,0.0,SUCCESS,WALLET,DEV0274
115,187,71,2024-02-23 07:42:30,0.0,SUCCESS,UPI,DEV0403
116,121,43,2024-08-03 04:44:30,2993.66,SUCCESS,WALLET,DEV0152
117,178,14,2024-02-12 20:21:47,0.0,SUCCESS,CARD,DEV0040
118,91,79,2024-10-26 23:51:44,2551.56,SUCCESS,CARD,DEV0298
119,11,40,2024-12-14 22:01:29,3836.84,PENDING,CARD,DEV0213
120,38,70,2024-09-10 21:35:50,2971.85,FAILED,CARD,DEV0166
121,156,53,2024-02-29 04:16:11,4416.84,SUCCESS,CARD,DEV0282
122,79,56,2024-03-23 21:56:53,0.0,SUCCESS,WALLET,DEV0407
123,108,75,2024-09-22 12:42:42,930.49,SUCCESS,WALLET,DEV0213
124,198,30,2024-09-15 00:55:09,1479.83,SUCCESS,WALLET,DEV0098
125,175,24,2024-10-16 11:54:49,2795.12,SUCCESS,UPI,DEV0212
126,15,54,2024-03-17 08:58:29,3028.38,SUCCESS,WALLET,DEV0195
127,155,23,2024-04-13 01:40:33,0.0,SUCCESS,WALLET,DEV0203
128,92,37,2024-10-23 21:25:21,4111.68,SUCCESS,CARD,DEV0252
129,66,61,2024-06-02 01:06:33,2296.3,SUCCESS,CARD,DEV0327
130,31,12,2024-10-31 19:15:18,4107.5,SUCCESS,WALLET,DEV0028
131,168,1,2024-02-27 01:39:44,371.83,SUCCESS,WALLET,DEV0115
132,163,55,2024-08-31 02:30:21,2581.54,SUCCESS,CARD,DEV0047
133,2,8,2024-11-04 16:17:55,417.74,SUCCESS,WALLET,DEV0060
134,71,18,2025-01-30 22:26:59,0.0,FAILED,UPI,DEV0201
135,118,74,2024-06-24 15:46:59,343.5,SUCCESS,WALLET,DEV0448
136,71,34,2024-03-30 02:38:05,2536.39,SUCCESS,CARD,DEV0164
137,1,69,2024-03-01 21:48:05,3579.76,FAILED,CARD,DEV0298
138,113,67,2024-07-07 10:38:06,0.0,SUCCESS,WALLET,DEV0153
139,74,14,2024-06-22 06:39:33,3705.23,FAILED,CARD,DEV0162
140,56,48,2024-10-04 00:06:50,3064.26,SUCCESS,WALLET,DEV0283
141,8,24,2024-10-12 15:16:09,3422.37,SUCCESS,WALLET,DEV0242
142,56,63,2024-08-22 05:57:12,1560.7,SUCCESS,CARD,DEV0189
143,22,70,2024-04-23 15:03:57,1236.75,SUCCESS,CARD,DEV0231
144,140,25,2024-06-20 12:06:59,362.32,SUCCESS,CARD,DEV0407
145,180,13,2025-01-30 18:53:01,2289.87,SUCCESS,WALLET,DEV0311
146,97,19,2024-10-16 15:07:53,5710.39,SUCCESS,WALLET,DEV0164
147,187,47,2024-12-14 15:32:23,306.53,SUCCESS,CARD,DEV0190
148,60,67,2024-02-21 02:36:36,0.0,SUCCESS,UPI,DEV0169
149,73,36,2024-06-01 02:19:28,0.0,PENDING,WALLET,DEV0282
150,145,52,2024-01-06 19:56:16,2696.33,SUCCESS,WALLET,DEV0268
151,167,66,2024-11-06 12:46:57,3744.19,SUCCESS,UPI,DEV0146
152,9,6,2024-10-06 15:07:59,2944.7,SUCCESS,UPI,DEV0124
153,194,65,2024-08-19 10:34:33,0.0,SUCCESS,WALLET,DEV0319
154,31,71,2025-02-01 09:38:18,0.0,SUCCESS,CARD,DEV0190
155,58,47,2024-01-18 16:18:26,2315.25,FAILED,UPI,DEV0436
156,106,39,2024-08-09 11:33:32,2235.71,SUCCESS,UPI,DEV0248
157,82,11,2024-04-25 07:50:34,53.73,SUCCESS,UPI,DEV0082
158,26,32,2024-05-17 12:32:46,3367.23,FAILED,WALLET,DEV0212
159,103,72,2024-02-06 06:01:05,2513.64,SUCCESS,UPI,DEV0414
160,129,76,2024-11-07 00:05:08,1684.36,SUCCESS,UPI,DEV0212
161,151,79,2024-06-24 17:41:34,0.0,SUCCESS,CARD,DEV0326
162,142,68,2024-02-06 21:19:10,1930.81,SUCCESS,CARD,DEV0247
163,127,77,2024-04-30 11:06:50,0.0,SUCCESS,UPI,DEV0284
164,78,38,2024-04-01 23:29:32,3447.5,SUCCESS,CARD,DEV0089
165,111,17,2024-05-11 17:29:48,405.4,PENDING,WALLET,DEV0393
166,50,32,2024-01-30 01:23:31,876.07,SUCCESS,UPI,DEV0346
167,129,53,2024-01-11 21:26:28,5530.06,SUCCESS,WALLET,DEV0290
168,91,74,2024-08-16 09:27:14,3285.62,SUCCESS,WALLET,DEV0331
169,177,77,2024-07-20 12:11:20,2585.06,SUCCESS,UPI,DEV0205
170,62,34,2024-07-18 06:04:24,2022.89,SUCCESS,UPI,DEV0200
171,137,30,2024-02-14 14:39:56,746.02,SUCCESS,UPI,DEV0022
172,43,68,2024-07-11 09:36:35,3152.2,SUCCESS,UPI,DEV0293
173,167,69,2024-09-18 02:04:44,1828.57,SUCCESS,WALLET,DEV0112
174,91,9,2024-03-22 12:10:27,2520.48,SUCCESS,CARD,DEV0130
175,121,19,2024-01-06 22:54:11,3501.92,SUCCESS,UPI,DEV0160
176,99,65,2024-04-12 11:42:16,3413.09,SUCCESS,CARD,DEV0262
177,144,63,2024-09-16 18:14:14,2977.77,FAILED,CARD,DEV0262
178,93,22,2024-04-20 09:19:07,38.85,SUCCESS,UPI,DEV0055
179,167,38,2024-09-19 11:37:47,0.0,SUCCESS,CARD,DEV0254
180,134,66,2024-03-06 13:14:05,1118.37,SUCCESS,CARD,DEV0068
181,92,40,2024-05-03 05:57:25,1515.2,SUCCESS,UPI,DEV0399
182,133,25,2024-04-21 17:45:47,5263.08,FAILED,UPI,DEV0413
183,17,30,2024-09-04 21:27:01,3069.56,SUCCESS,WALLET,DEV0342
184,140,58,2024-05-21 20:47:27,0.0,SUCCESS,CARD,DEV0114
185,22,5,2025-01-14 15:16:18,1501.89,SUCCESS,CARD,DEV0355
186,82,30,2024-01-21 07:21:15,0.0,FAILED,CARD,DEV0399
187,147,13,2024-10-27 03:14:45,1199.47,SUCCESS,CARD,DEV0140
188,190,46,2024-06-01 15:28:07,0.0,SUCCESS,UPI,DEV0408
189,137,78,2024-02-29 10:53:51,0.0,SUCCESS,CARD,DEV0227
190,152,73,2024-05-26 04:59:04,0.0,SUCCESS,WALLET,DEV0419
191,23,37,2024-12-17 19:18:21,0.0,SUCCESS,WALLET,DEV0118
192,1,36,2024-07-15 22:57:00,1139.39,SUCCESS,UPI,DEV0400
193,85,55,2024-01-13 14:21:24,2590.9,FAILED,UPI,DEV0142
194,25,41,2025-01-23 13:40:10,3222.13,SUCCESS,UPI,DEV0068
195,173,75,2024-10-05 18:45:33,0.0,SUCCESS,UPI,DEV0175
196,32,54,2024-03-19 03:42:52,1470.0,SUCCESS,CARD,DEV0335
197,55,61,2024-05-01 15:12:25,0.0,SUCCESS,UPI,DEV0238
198,54,37,2024-12-19 06:30:27,53.43,SUCCESS,UPI,DEV0311
199,99,58,2024-05-09 14:30:49,0.0,PENDING,WALLET,DEV0174
200,118,51,2024-04-23 08:12:08,2540.56,SUCCESS,CARD,DEV0242
201,57,66,2024-02-24 17:20:46,3145.49,SUCCESS,CARD,DEV0341
202,23,79,2024-07-26 11:57:02,2818.61,SUCCESS,UPI,DEV0230
203,55,80,2024-06-24 22:55:57,4721.01,FAILED,CARD,DEV0218
204,139,70,2024-06-17 13:20:16,5382.18,FAILED,CARD,DEV0249
205,157,56,2024-07-26 20:29:25,900.63,SUCCESS,WALLET,DEV0086
206,21,68,2024-12-08 18:43:07,1304.29,SUCCESS,CARD,DEV0245
207,172,79,2024-08-03 07:47:37,1673.97,FAILED,WALLET,DEV0196
208,93,52,2024-08-26 12:28:56,4354.41,SUCCESS,UPI,DEV0406
209,88,6,2024-05-22 14:33:37,0.0,SUCCESS,WALLET,DEV0321
210,137,37,2024-06-13 13:44:51,324.4,FAILED,CARD,DEV0177
211,29,42,2024-02-14 03:56:31,2041.0,SUCCESS,CARD,DEV0028
212,130,12,2024-02-20 11:02:54,0.0,SUCCESS,CARD,DEV0381
213,154,29,2024-03-11 04:24:19,0.0,SUCCESS,UPI,DEV0189
214,78,45,2024-05-19 06:52:38,2671.76,SUCCESS,CARD,DEV0195
215,162,72,2024-01-24 22:14:36,3938.69,FAILED,CARD,DEV0169
216,157,20,2024-11-24 01:08:15,5316.77,SUCCESS,WALLET,DEV0358
217,37,70,2024-12-11 02:12:05,4092.42,SUCCESS,WALLET,DEV0002
218,38,12,2024-03-04 18:11:22,0.0,PENDING,WALLET,DEV0037
219,163,57,2024-08-08 08:08:17,3692.01,FAILED,CARD,DEV0010
220,185,40,2024-04-29 10:02:56,2016.7,SUCCESS,CARD,DEV0231
221,156,58,2024-07-16 11:03:17,961.68,SUCCESS,CARD,DEV0373
222,163,54,2024-03-12 01:33:41,790.67,SUCCESS,WALLET,DEV0096
223,73,8,2024-03-27 03:07:09,1322.98,SUCCESS,CARD,DEV0337
224,75,37,2024-09-20 11:46:45,5181.11,SUCCESS,WALLET,DEV0218
225,28,80,2024-01-01 07:37:10,35.08,SUCCESS,UPI,DEV0136
226,165,30,2024-03-04 20:47:37,2230.83,PENDING,CARD,DEV0422
227,141,56,2024-06-28 18:39:40,633.77,PENDING,UPI,DEV0265
228,192,50,2024-06-14 04:34:02,3514.19,SUCCESS,CARD,DEV0365
229,185,11,2024-09-11 11:17:24,1361.04,FAILED,UPI,DEV0121
230,22,51,2024-12-08 01:58:21,4104.2,SUCCESS,WALLET,DEV0106
231,88,56,2024-11-06 21:20:27,103.49,FAILED,WALLET,DEV0163
232,181,76,2024-12-14 04:39:38,1749.5,SUCCESS,UPI,DEV0261
233,11,8,2025-01-27 03:07:55,3265.07,SUCCESS,UPI,DEV0345
234,32,80,2025-01-10 22:04:51,2743.24,SUCCESS,CARD,DEV0447
235,120,9,2024-07-12 03:48:07,1722.66,SUCCESS,WALLET,DEV0120
236,170,35,2024-03-24 20:52:17,3843.29,SUCCESS,CARD,DEV0387
237,96,7,2025-01-10 05:24:42,0.0,SUCCESS,CARD,DEV0038
238,23,18,2024-07-04 00:53:18,1481.33,SUCCESS,CARD,DEV0336
239,79,38,2024-03-07 15:47:30,0.0,SUCCESS,CARD,DEV0121
240,37,55,2024-11-14 22:33:40,474.37,SUCCESS,CARD,DEV0089
241,175,48,2024-07-09 07:48:13,1084.11,FAILED,UPI,DEV0305
242,65,38,2024-09-04 06:44:59,3642.63,PENDING,UPI,DEV0062
243,165,6,2024-03-11 07:32:10,0.0,SUCCESS,UPI,DEV0006
244,95,48,2024-12-18 23:23:15,0.0,SUCCESS,UPI,DEV0141
245,34,66,2024-12-19 18:45:37,2811.95,SUCCESS,WALLET,DEV0249
246,137,40,2024-08-31 04:51:49,787.19,SUCCESS,CARD,DEV0308
247,31,44,2025-01-15 16:51:24,0.0,SUCCESS,WALLET,DEV0434
248,167,31,2024-09-07 23:24:07,1918.43,SUCCESS,CARD,DEV0251
249,61,51,2024-07-16 08:00:25,3691.73,SUCCESS,WALLET,DEV0083
250,180,55,2024-05-09 00:02:07,4114.02,PENDING,WALLET,DEV0077
251,93,22,2024-08-12 10:00:50,437.93,SUCCESS,UPI,DEV0221
252,118,23,2024-09-15 03:41:03,0.0,SUCCESS,UPI,DEV0179
253,120,65,2024-06-06 03:55:49,0.0,SUCCESS,UPI,DEV0257
254,97,49,2024-10-29 04:42:14,3452.02,SUCCESS,CARD,DEV0043
255,22,19,2024-01-05 11:14:34,0.0,SUCCESS,UPI,DEV0099
256,38,28,2024-12-11 05:57:31,962.27,SUCCESS,CARD,DEV0126
257,150,9,2024-06-19 03:50:54,2471.24,SUCCESS,WALLET,DEV0340
258,37,62,2024-06-13 06:40:45,0.0,SUCCESS,WALLET,DEV0336
259,166,42,2024-02-16 01:59:27,5721.41,SUCCESS,WALLET,DEV0201
260,197,20,2024-11-22 06:51:56,2967.43,FAILED,WALLET,DEV0254
261,188,19,2024-04-11 09:38:08,0.0,SUCCESS,WALLET,DEV0170
262,44,1,2024-12-02 19:17:07,0.0,SUCCESS,CARD,DEV0260
263,71,52,2025-01-28 23:48:47,2229.99,SUCCESS,WALLET,DEV0016
264,181,3,2024-06-08 22:18:05,1074.65,FAILED,UPI,DEV0383
265,163,15,2024-01-21 00:52:23,3333.15,FAILED,UPI,DEV0108
266,113,30,2024-07-09 09:39:51,2560.98,SUCCESS,UPI,DEV0330
267,54,57,2025-01-16 16:24:28,1177.86,SUCCESS,UPI,DEV0301
268,107,56,2024-03-12 15:02:59,5390.63,FAILED,UPI,DEV0285
269,107,15,2024-07-12 16:23:57,2575.57,PENDING,CARD,DEV0216
270,4,29,2024-09-22 05:30:55,1538.62,SUCCESS,WALLET,DEV0435
271,184,2,2024-11-03 21:53:16,3016.96,SUCCESS,CARD,DEV0100
272,195,37,2024-09-04 14:14:48,5072.71,SUCCESS,CARD,DEV0125
273,42,50,2024-12-02 19:50:31,2680.37,SUCCESS,CARD,DEV0054
274,179,8,2024-11-20 20:07:03,386.71,SUCCESS,WALLET,DEV0169
275,67,46,2024-01-22 13:21:22,710.86,SUCCESS,UPI,DEV0246
276,197,52,2024-04-10 12:22:32,2596.61,SUCCESS,CARD,DEV0065
277,192,75,2024-05-20 08:31:38,1227.7,SUCCESS,CARD,DEV0169
278,142,4,2024-04-30 20:33:08,455.34,SUCCESS,WALLET,DEV0338
279,16,66,2025-01-15 16:09:27,219.37,FAILED,WALLET,DEV0003
280,90,24,2024-02-06 23:38:06,2111.41,SUCCESS,UPI,DEV0146
281,13,23,2024-03-09 20:20:53,557.74,SUCCESS,WALLET,DEV0377
282,42,64,2024-11-05 13:14:12,7017.57,SUCCESS,WALLET,DEV0292
283,136,77,2024-04-05 09:14:23,2518.63,PENDING,CARD,DEV0287
284,72,68,2024-01-18 12:24:40,1991.45,SUCCESS,UPI,DEV0212
285,101,56,2024-04-17 17:54:51,3944.44,SUCCESS,WALLET,DEV0282
286,48,43,2024-11-01 23:10:28,387.46,SUCCESS,WALLET,DEV0110
287,105,64,2024-01-08 07:03:18,608.8,FAILED,WALLET,DEV0402
288,116,8,2024-10-10 05:48:57,330.64,SUCCESS,CARD,DEV0247
289,40,43,2024-02-06 12:14:25,1197.44,SUCCESS,UPI,DEV0146
290,109,78,2025-01-05 03:49:05,0.0,SUCCESS,UPI,DEV0362
291,45,28,2024-10-22 21:39:39,0.0,SUCCESS,UPI,DEV0255
292,191,1,2025-01-07 12:49:26,0.0,SUCCESS,CARD,DEV0346
293,86,28,2024-08-13 16:05:38,1142.43,SUCCESS,WALLET,DEV0205
294,13,14,2024-03-13 23:44:54,1371.7,SUCCESS,UPI,DEV0349
295,194,10,2024-12-06 10:15:19,2614.56,SUCCESS,UPI,DEV0167
296,61,78,2024-02-13 20:18:44,0.0,SUCCESS,CARD,DEV0292
297,75,73,2024-08-08 11:10:51,698.03,SUCCESS,UPI,DEV0302
298,3,26,2024-08-27 02:21:31,5410.89,SUCCESS,UPI,DEV0334
299,2,64,2024-01-14 21:10:09,2608.84,FAILED,UPI,DEV0032
300,7,5,2024-04-15 13:38:27,0.0,SUCCESS,UPI,DEV0359
301,55,68,2024-02-16 11:59:27,2873.0,PENDING,UPI,DEV0020
302,46,29,2024-11-12 19:06:30,1618.27,SUCCESS,UPI,DEV0251
303,84,65,2024-08-19 09:36:23,0.0,SUCCESS,UPI,DEV0281
304,138,69,2024-10-19 12:37:45,0.0,SUCCESS,CARD,DEV0401
305,130,33,2024-06-02 17:36:52,0.0,SUCCESS,WALLET,DEV0282
306,132,29,2024-09-14 12:51:35,963.78,SUCCESS,CARD,DEV0091
307,63,13,2024-12-24 14:14:03,0.0,SUCCESS,WALLET,DEV0089
308,58,16,2024-08-03 19:00:59,0.0,SUCCESS,WALLET,DEV0445
309,200,4,2024-09-03 15:26:13,0.0,SUCCESS,CARD,DEV0245
310,16,40,2024-05-11 07:15:56,82.23,SUCCESS,CARD,DEV0116
311,161,39,2024-03-03 04:09:26,2373.42,SUCCESS,UPI,DEV0313
312,45,32,2024-09-13 00:31:04,869.35,SUCCESS,WALLET,DEV0364
313,162,22,2024-08-18 02:00:38,3560.46,SUCCESS,UPI,DEV0205
314,180,33,2024-05-06 00:49:33,4565.76,SUCCESS,UPI,DEV0317
315,32,52,2024-06-17 03:27:57,5271.56,SUCCESS,CARD,DEV0094
316,15,47,2024-05-30 08:55:01,4267.44,SUCCESS,UPI,DEV0367
317,70,35,2024-03-11 11:51:33,0.0,SUCCESS,WALLET,DEV0443
318,58,60,2024-03-08 06:36:20,843.55,SUCCESS,CARD,DEV0229
319,95,22,2024-10-07 04:27:59,1665.09,SUCCESS,WALLET,DEV0327
320,144,66,2024-02-25 07:09:21,1038.12,SUCCESS,WALLET,DEV0235
321,111,34,2024-03-26 13:43:27,3230.06,SUCCESS,UPI,DEV0064
322,183,77,2024-01-02 09:53:44,0.0,SUCCESS,CARD,DEV0156
323,8,51,2025-01-23 23:26:06,519.86,FAILED,UPI,DEV0438
324,162,56,2024-09-28 14:22:22,1763.18,SUCCESS,UPI,DEV0375
325,163,74,2025-01-04 19:01:28,2916.4,SUCCESS,WALLET,DEV0019
326,90,39,2024-08-30 11:44:44,2260.3,SUCCESS,UPI,DEV0223
327,64,53,2025-01-24 07:22:29,2145.24,SUCCESS,CARD,DEV0214
328,142,50,2024-08-23 01:17:07,2385.19,SUCCESS,CARD,DEV0261
329,31,7,2024-08-14 17:31:46,268.79,FAILED,CARD,DEV0253
330,154,3,2024-01-31 20:58:44,0.0,SUCCESS,CARD,DEV0145
331,34,58,2025-01-23 19:37:30,1162.58,SUCCESS,UPI,DEV0294
332,167,8,2024-09-20 02:45:37,4694.03,SUCCESS,CARD,DEV0434
333,107,45,2024-05-19 16:03:33,0.0,SUCCESS,UPI,DEV0009
334,136,7,2024-10-16 13:51:26,2183.83,SUCCESS,UPI,DEV0421
335,36,70,2024-06-13 23:46:15,0.0,SUCCESS,CARD,DEV0407
336,13,15,2024-03-16 19:18:16,0.0,SUCCESS,CARD,DEV0105
337,42,51,2024-11-23 13:08:49,2566.73,PENDING,WALLET,DEV0109
338,54,24,2024-12-20 19:18:52,555.05,FAILED,UPI,DEV0122
339,140,19,2024-11-20 07:35:23,1483.07,SUCCESS,CARD,DEV0340
340,40,31,2024-09-02 09:41:47,5507.16,SUCCESS,UPI,DEV0087
341,90,7,2024-06-13 03:17:36,0.0,SUCCESS,CARD,DEV0246
342,52,79,2025-01-14 11:08:55,1417.38,SUCCESS,WALLET,DEV0219
343,152,42,2024-09-25 01:57:21,476.96,SUCCESS,CARD,DEV0170
344,100,14,2024-11-11 06:01:58,2239.29,SUCCESS,WALLET,DEV0247
345,178,64,2024-12-13 21:16:28,1610.05,SUCCESS,UPI,DEV0082
346,178,47,2024-07-07 10:35:23,0.0,SUCCESS,UPI,DEV0093
347,154,33,2024-08-29 08:30:23,3411.63,SUCCESS,UPI,DEV0088
348,61,5,2024-11-02 16:57:26,0.0,SUCCESS,UPI,DEV0216
349,168,36,2024-04-24 01:44:58,169.51,SUCCESS,WALLET,DEV0072
350,61,52,2024-05-20 06:31:21,2091.64,SUCCESS,UPI,DEV0380
351,91,62,2024-08-13 06:45:46,2621.56,SUCCESS,UPI,DEV0381
352,132,70,2024-03-31 22:19:26,0.0,SUCCESS,WALLET,DEV0101
353,187,65,2024-04-21 08:09:24,0.0,SUCCESS,CARD,DEV0368
354,177,49,2024-12-20 17:45:43,0.0,SUCCESS,WALLET,DEV0319
355,182,49,2024-05-08 13:22:37,249.47,FAILED,WALLET,DEV0124
356,100,60,2024-07-11 09:19:38,0.0,SUCCESS,CARD,DEV0364
357,139,1,2024-05-13 03:56:56,1635.65,SUCCESS,CARD,DEV0113
358,21,49,2024-10-26 14:40:53,0.0,SUCCESS,CARD,DEV0228
359,70,45,2024-06-04 08:27:38,811.81,SUCCESS,WALLET,DEV0282
360,59,38,2024-05-23 00:17:12,0.0,FAILED,WALLET,DEV0079
361,194,34,2024-05-29 03:36:36,1411.29,FAILED,CARD,DEV0303
362,146,19,2024-07-11 05:13:44,1472.74,FAILED,UPI,DEV0295
363,129,23,2024-12-07 10:03:10,0.0,PENDING,CARD,DEV0165
364,77,14,2025-01-24 12:10:54,0.0,SUCCESS,WALLET,DEV0151
365,163,29,2024-01-25 01:13:49,1153.61,FAILED,WALLET,DEV0334
366,173,36,2024-05-27 14:37:28,757.28,FAILED,CARD,DEV0382
367,102,73,2024-12-17 19:41:03,3331.35,FAILED,WALLET,DEV0413
368,65,32,2024-12-10 04:16:53,0.0,SUCCESS,UPI,DEV0278
369,88,28,2024-06-05 10:43:26,4465.09,SUCCESS,UPI,DEV0388
370,156,46,2024-04-11 02:23:06,1685.6,SUCCESS,CARD,DEV0033
371,196,43,2024-06-21 08:46:56,5355.04,FAILED,WALLET,DEV0250
372,153,48,2024-03-26 12:21:24,0.0,SUCCESS,UPI,DEV0233
373,8,77,2024-10-11 03:33:38,2400.83,FAILED,UPI,DEV0034
374,53,11,2024-10-11 09:02:44,661.35,SUCCESS,UPI,DEV0155
375,180,26,2024-04-01 07:11:20,6113.99,SUCCESS,UPI,DEV0283
376,48,78,2024-12-03 17:20:29,3865.46,SUCCESS,CARD,DEV0264
377,39,44,2024-02-16 06:04:05,0.0,SUCCESS,UPI,DEV0153
378,91,10,2024-08-23 20:07:12,1445.11,SUCCESS,WALLET,DEV0170
379,115,78,2024-10-10 07:20:23,1331.03,PENDING,WALLET,DEV0430
380,25,45,2024-12-27 07:19:35,0.0,SUCCESS,CARD,DEV0436
381,153,22,2024-09-24 07:10:38,4198.56,SUCCESS,UPI,DEV0331
382,7,74,2024-08-07 07:21:36,3609.6,SUCCESS,UPI,DEV0052
383,151,61,2024-06-23 20:20:01,2528.76,PENDING,CARD,DEV0099
384,46,65,2024-11-05 05:20:31,5056.73,SUCCESS,UPI,DEV0061
385,34,15,2024-03-03 08:46:02,0.0,SUCCESS,CARD,DEV0075
386,149,33,2024-07-29 13:56:17,2780.11,SUCCESS,UPI,DEV0003
387,100,33,2025-01-12 10:31:45,2121.56,SUCCESS,CARD,DEV0381
388,49,32,2024-10-11 21:23:38,0.0,SUCCESS,CARD,DEV0274
389,48,64,2024-07-27 10:42:07,1696.26,SUCCESS,CARD,DEV0148
390,117,48,2024-04-23 22:03:34,900.23,FAILED,UPI,DEV0255
391,124,73,2024-01-07 19:32:28,0.0,SUCCESS,UPI,DEV0083
392,128,61,2024-12-01 11:02:45,1741.5,SUCCESS,CARD,DEV0047
393,90,14,2024-03-06 21:49:40,2117.38,SUCCESS,UPI,DEV0008
394,128,48,2024-11-22 14:36:10,2141.65,SUCCESS,UPI,DEV0340
395,58,80,2024-08-26 09:15:29,0.0,SUCCESS,UPI,DEV0183
396,174,70,2024-10-13 06:05:10,1576.66,FAILED,UPI,DEV0008
397,163,5,2024-02-16 21:18:48,1601.49,SUCCESS,WALLET,DEV0402
398,73,35,2024-09-12 16:51:57,3271.4,SUCCESS,WALLET,DEV0364
399,182,50,2024-10-20 21:16:36,99.78,SUCCESS,WALLET,DEV0086
400,56,60,2024-01-24 08:58:07,0.0,SUCCESS,WALLET,DEV0234
401,147,32,2024-11-27 13:13:29,0.0,FAILED,CARD,DEV0405
402,105,41,2024-06-28 17:48:36,0.0,SUCCESS,WALLET,DEV0332
403,77,50,2024-09-17 21:43:50,3679.47,SUCCESS,UPI,DEV0187
404,118,46,2024-02-29 00:46:02,3400.58,PENDING,UPI,DEV0218
405,163,17,2024-10-05 04:33:29,1371.38,SUCCESS,UPI,DEV0135
406,129,20,2024-07-25 11:51:43,0.0,SUCCESS,UPI,DEV0104
407,58,64,2024-12-19 14:13:05,2949.13,SUCCESS,WALLET,DEV0345
408,176,41,2024-05-09 07:31:30,768.86,SUCCESS,CARD,DEV0187
409,98,51,2024-08-23 08:44:33,3998.98,SUCCESS,CARD,DEV0020
410,194,51,2025-02-01 11:30:22,199.3,FAILED,UPI,DEV0236
411,153,27,2024-10-23 16:56:40,3569.54,SUCCESS,UPI,DEV0437
412,48,77,2024-12-08 06:17:08,0.0,SUCCESS,WALLET,DEV0408
413,105,38,2025-01-30 02:18:53,906.61,SUCCESS,UPI,DEV0296
414,69,21,2024-04-18 18:40:48,5371.12,SUCCESS,WALLET,DEV0136
415,194,22,2024-03-19 16:57:54,4109.0,SUCCESS,UPI,DEV0197
416,30,70,2024-04-09 04:57:12,2607.34,SUCCESS,WALLET,DEV0103
417,50,62,2024-10-14 12:36:21,6735.25,SUCCESS,UPI,DEV0060
418,61,61,2024-11-11 12:47:24,0.0,SUCCESS,WALLET,DEV0324
419,17,7,2024-09-26 16:15:29,0.0,SUCCESS,CARD,DEV0089
420,184,51,2024-07-24 19:15:31,0.0,SUCCESS,WALLET,DEV0323
421,127,62,2024-05-11 00:06:11,1812.26,SUCCESS,UPI,DEV0296
422,180,33,2024-08-26 18:58:48,874.86,SUCCESS,WALLET,DEV0038
423,108,58,2024-06-14 13:58:03,3224.32,SUCCESS,CARD,DEV0079
424,31,27,2024-09-16 23:12:04,3028.59,SUCCESS,CARD,DEV0028
425,162,34,2024-05-25 20:28:28,938.08,SUCCESS,UPI,DEV0308
426,57,70,2024-04-26 21:56:30,1377.24,SUCCESS,CARD,DEV0374
427,28,72,2024-08-05 08:05:54,0.0,SUCCESS,CARD,DEV0154
428,50,74,2024-07-08 11:44:03,273.38,SUCCESS,WALLET,DEV0317
429,26,8,2024-06-07 03:50:44,2980.6,SUCCESS,CARD,DEV0064
430,173,57,2024-02-05 09:25:07,2707.43,SUCCESS,UPI,DEV0274
431,61,6,2024-01-15 17:35:39,3562.76,SUCCESS,WALLET,DEV0047
432,60,56,2024-01-11 13:43:02,457.01,SUCCESS,WALLET,DEV0197
433,197,48,2024-09-11 10:13:42,0.0,SUCCESS,WALLET,DEV0128
434,49,57,2024-09-28 05:54:55,1843.05,SUCCESS,CARD,DEV0162
435,172,3,2024-03-18 22:56:04,139.33,FAILED,UPI,DEV0066
436,52,37,2024-12-14 12:51:38,1045.95,SUCCESS,WALLET,DEV0355
437,7,5,2024-01-08 05:02:21,0.0,PENDING,CARD,DEV0404
438,115,42,2024-01-05 05:55:41,2876.32,SUCCESS,WALLET,DEV0424
439,100,67,2024-02-08 01:37:11,3760.87,PENDING,WALLET,DEV0318
440,108,17,2024-05-21 17:20:11,0.0,SUCCESS,UPI,DEV0287
441,164,80,2024-08-23 13:02:19,0.0,SUCCESS,WALLET,DEV0047
442,183,7,2024-01-08 02:40:34,0.0,SUCCESS,WALLET,DEV0108
443,36,49,2024-10-13 19:37:10,1328.72,SUCCESS,UPI,DEV0269
444,67,2,2025-01-07 15:12:57,2880.86,SUCCESS,CARD,DEV0048
445,121,75,2024-10-30 15:28:05,3447.31,FAILED,CARD,DEV0229
446,8,25,2024-06-14 08:54:01,0.0,SUCCESS,UPI,DEV0338
447,113,36,2024-02-29 10:52:33,745.35,FAILED,UPI,DEV0114
448,151,63,2025-01-12 01:57:07,5326.67,SUCCESS,WALLET,DEV0079
449,109,73,2024-05-28 02:24:16,2275.1,SUCCESS,CARD,DEV0291
450,109,10,2024-11-11 18:57:33,0.0,SUCCESS,CARD,DEV0062
451,181,48,2024-04-01 20:12:43,1234.62,FAILED,CARD,DEV0449
452,90,17,2024-12-01 01:51:36,0.0,SUCCESS,CARD,DEV0194
453,72,38,2024-11-16 07:55:20,2148.68,SUCCESS,WALLET,DEV0192
454,164,67,2024-07-23 00:22:53,286.54,SUCCESS,WALLET,DEV0267
455,29,26,2024-12-02 08:00:30,138.01,SUCCESS,UPI,DEV0258
456,66,63,2024-01-05 16:30:40,0.0,SUCCESS,CARD,DEV0278
457,131,16,2025-01-20 02:19:09,0.0,SUCCESS,CARD,DEV0271
458,40,38,2024-09-07 13:16:42,2147.15,SUCCESS,CARD,DEV0130
459,190,18,2024-08-10 06:09:58,1020.54,SUCCESS,UPI,DEV0146
460,25,48,2024-12-31 20:04:31,0.0,SUCCESS,CARD,DEV0226
461,193,56,2024-08-25 00:18:15,1777.45,SUCCESS,UPI,DEV0122
462,86,18,2024-11-08 20:56:16,0.0,SUCCESS,CARD,DEV0135
463,172,31,2024-12-15 03:45:22,1802.15,SUCCESS,WALLET,DEV0004
464,62,65,2024-09-16 05:45:38,1293.53,SUCCESS,WALLET,DEV0107
465,123,8,2024-03-27 07:19:03,861.21,SUCCESS,UPI,DEV0289
466,34,41,2024-10-07 13:38:29,2023.6,SUCCESS,WALLET,DEV0386
467,31,10,2024-08-28 03:11:23,3601.66,SUCCESS,WALLET,DEV0095
468,191,58,2024-11-19 14:31:09,3376.19,SUCCESS,CARD,DEV0237
469,162,27,2024-10-28 11:27:48,0.0,SUCCESS,UPI,DEV0047
470,52,50,2024-05-16 03:34:59,4923.45,SUCCESS,WALLET,DEV0315
471,167,25,2024-04-14 11:39:47,4208.36,SUCCESS,UPI,DEV0103
472,20,19,2024-11-01 03:27:58,0.0,SUCCESS,WALLET,DEV0433
473,74,19,2024-06-17 18:40:41,3143.9,SUCCESS,CARD,DEV0064
474,97,12,2024-03-25 22:59:42,0.0,SUCCESS,WALLET,DEV0154
475,40,47,2025-01-06 12:15:47,0.0,SUCCESS,CARD,DEV0038
476,141,54,2024-08-15 09:17:13,988.36,FAILED,WALLET,DEV0377
477,79,54,2024-02-08 13:20:25,1602.47,SUCCESS,WALLET,DEV0287
478,200,49,2024-06-01 18:36:09,3519.72,SUCCESS,CARD,DEV0060
479,85,55,2024-10-02 20:28:12,1681.49,SUCCESS,CARD,DEV0160
480,135,74,2024-01-17 01:45:46,0.0,SUCCESS,WALLET,DEV0385
481,83,28,2024-03-05 21:09:30,672.01,SUCCESS,UPI,DEV0115
482,50,71,2024-06-12 17:39:49,0.0,SUCCESS,UPI,DEV0062
483,69,8,2024-05-15 18:09:06,43.28,SUCCESS,CARD,DEV0298
484,87,56,2024-02-02 00:37:09,0.0,SUCCESS,UPI,DEV0337
485,130,26,2024-12-21 23:05:27,2047.38,SUCCESS,WALLET,DEV0092
486,148,51,2024-06-27 02:18:25,2439.81,SUCCESS,CARD,DEV0165
487,139,52,2024-09-20 06:23:45,3222.41,SUCCESS,UPI,DEV0194
488,51,16,2024-12-24 12:41:03,3779.24,SUCCESS,CARD,DEV0034
489,111,25,2024-12-12 19:15:31,0.0,SUCCESS,CARD,DEV0078
490,184,7,2024-08-08 06:05:50,1073.65,SUCCESS,WALLET,DEV0010
491,46,6,2024-10-04 02:52:46,2878.47,SUCCESS,WALLET,DEV0056
492,190,71,2024-05-30 05:25:00,0.0,SUCCESS,UPI,DEV0067
493,199,21,2024-08-04 16:52:26,3957.91,SUCCESS,WALLET,DEV0418
494,137,77,2025-01-13 08:15:26,4869.29,SUCCESS,WALLET,DEV0138
495,119,33,2024-01-28 14:38:56,784.0,SUCCESS,CARD,DEV0287
496,86,41,2024-03-30 04:16:18,0.0,SUCCESS,UPI,DEV0053
497,55,13,2024-10-03 02:31:15,2795.96,SUCCESS,WALLET,DEV0393
498,91,49,2024-07-07 09:03:01,2198.65,FAILED,UPI,DEV0248
499,59,23,2024-08-13 09:29:22,328.46,SUCCESS,WALLET,DEV0166
500,183,75,2024-06-30 11:28:09,489.4,SUCCESS,WALLET,DEV0087
501,40,42,2024-02-16 08:30:46,2565.79,PENDING,WALLET,DEV0008
502,110,30,2024-07-09 17:16:07,0.0,SUCCESS,CARD,DEV0195
503,54,42,2024-03-15 13:36:03,850.91,SUCCESS,CARD,DEV0332
504,138,60,2024-11-23 04:11:42,968.77,PENDING,UPI,DEV0285
505,109,70,2024-04-11 17:01:05,1268.19,SUCCESS,WALLET,DEV0204
506,5,79,2024-04-27 11:58:56,0.0,SUCCESS,CARD,DEV0331
507,5,28,2024-12-30 03:59:57,1800.16,FAILED,WALLET,DEV0380
508,182,73,2024-04-01 19:16:50,1506.23,SUCCESS,CARD,DEV0241
509,91,56,2024-05-16 07:20:31,3514.6,SUCCESS,UPI,DEV0025
510,159,11,2024-04-05 19:27:21,2479.24,SUCCESS,WALLET,DEV0132
511,184,35,2024-08-27 07:04:28,3728.11,FAILED,CARD,DEV0138
512,14,45,2024-12-12 17:44:02,5075.23,SUCCESS,CARD,DEV0298
513,97,80,2024-05-20 05:06:50,2870.9,SUCCESS,UPI,DEV0385
514,163,65,2024-06-03 05:53:31,1578.59,FAILED,UPI,DEV0287
515,163,59,2025-01-16 11:05:41,0.0,SUCCESS,CARD,DEV0304
516,33,70,2024-11-16 07:38:17,3862.74,SUCCESS,WALLET,DEV0419
517,20,14,2024-10-29 16:15:11,1247.73,FAILED,CARD,DEV0220
518,124,76,2024-10-08 01:18:50,2876.15,SUCCESS,UPI,DEV0040
519,52,30,2024-11-10 03:10:58,0.0,SUCCESS,UPI,DEV0410
520,161,76,2024-09-07 03:02:18,2848.66,SUCCESS,UPI,DEV0398
521,197,67,2025-01-01 01:31:11,540.47,PENDING,WALLET,DEV0165
522,143,41,2024-10-18 02:04:30,0.0,SUCCESS,WALLET,DEV0281
523,26,65,2024-07-22 06:53:33,1224.46,SUCCESS,CARD,DEV0083
524,187,37,2024-01-18 22:52:47,0.0,SUCCESS,WALLET,DEV0313
525,49,32,2024-02-07 08:56:11,668.4,SUCCESS,WALLET,DEV0349
526,18,14,2024-03-14 23:29:44,382.52,SUCCESS,UPI,DEV0306
527,6,75,2025-01-09 00:05:16,2337.59,SUCCESS,CARD,DEV0027
528,83,25,2024-03-30 22:07:03,1292.9,SUCCESS,WALLET,DEV0186
529,37,8,2024-03-07 07:10:16,645.72,PENDING,UPI,DEV0339
530,6,71,2024-12-16 04:14:06,0.0,SUCCESS,WALLET,DEV0350
531,111,75,2024-07-16 14:31:24,1507.71,SUCCESS,WALLET,DEV0172
532,189,31,2024-01-12 13:56:43,545.98,SUCCESS,CARD,DEV0195
533,43,9,2024-12-23 16:40:02,145.88,SUCCESS,UPI,DEV0350
534,16,18,2024-03-29 20:30:58,1510.67,SUCCESS,CARD,DEV0394
535,152,37,2024-02-24 02:13:43,1675.94,SUCCESS,CARD,DEV0258
536,154,26,2024-10-19 21:31:15,0.0,FAILED,WALLET,DEV0123
537,39,75,2024-02-24 15:29:48,3816.75,SUCCESS,CARD,DEV0284
538,49,27,2024-01-13 21:17:52,1355.44,SUCCESS,CARD,DEV0294
539,130,60,2024-07-09 02:12:34,2179.06,SUCCESS,CARD,DEV0097
540,164,50,2024-08-14 05:47:22,5649.27,FAILED,UPI,DEV0154
541,158,39,2024-02-06 13:26:19,58.64,SUCCESS,CARD,DEV0317
542,53,55,2025-01-31 01:35:02,0.0,SUCCESS,UPI,DEV0300
543,58,54,2024-11-25 02:06:19,754.08,SUCCESS,WALLET,DEV0239
544,86,54,2024-02-01 21:28:20,2524.84,SUCCESS,WALLET,DEV0211
545,86,49,2024-10-21 15:44:58,0.0,PENDING,CARD,DEV0246
546,107,34,2024-03-30 08:13:58,3551.72,SUCCESS,UPI,DEV0153
547,185,46,2024-07-04 19:06:03,3182.58,FAILED,UPI,DEV0068
548,104,31,2024-01-18 16:57:19,17.66,FAILED,CARD,DEV0249
549,67,60,2024-12-12 14:04:32,1421.23,SUCCESS,WALLET,DEV0411
550,110,68,2024-07-05 01:51:55,1918.55,SUCCESS,WALLET,DEV0431
551,28,55,2024-11-28 01:46:53,0.0,SUCCESS,UPI,DEV0306
552,58,66,2024-08-07 04:08:22,1524.54,SUCCESS,UPI,DEV0258
553,178,5,2024-05-16 05:52:30,0.0,SUCCESS,UPI,DEV0192
554,76,80,2024-04-09 03:20:43,1429.31,PENDING,CARD,DEV0098
555,168,72,2024-05-28 22:03:56,2307.24,SUCCESS,CARD,DEV0122
556,171,6,2024-12-15 21:51:06,809.66,SUCCESS,CARD,DEV0138
557,148,1,2024-11-09 18:36:03,0.0,SUCCESS,UPI,DEV0131
558,117,79,2024-10-05 21:45:07,743.92,FAILED,UPI,DEV0234
559,94,25,2024-12-26 14:36:43,1860.53,SUCCESS,UPI,DEV0249
560,27,6,2024-09-01 10:53:11,3299.16,SUCCESS,WALLET,DEV0073
561,51,22,2024-10-24 12:51:39,2568.26,SUCCESS,CARD,DEV0081
562,9,70,2024-01-01 09:54:27,0.0,SUCCESS,UPI,DEV0060
563,127,66,2024-04-03 00:36:38,1355.32,SUCCESS,UPI,DEV0344
564,62,39,2024-03-29 17:47:17,312.29,FAILED,UPI,DEV0308
565,94,9,2024-01-25 06:42:18,422.8,SUCCESS,WALLET,DEV0025
566,66,26,2024-02-13 15:21:52,3066.55,SUCCESS,CARD,DEV0369
567,185,72,2024-01-07 09:52:15,459.08,PENDING,CARD,DEV0387
568,181,4,2024-10-26 22:27:35,0.0,SUCCESS,UPI,DEV0331
569,66,62,2024-12-26 14:21:32,3633.18,SUCCESS,WALLET,DEV0075
570,4,33,2024-01-30 21:10:35,0.0,SUCCESS,WALLET,DEV0215
571,75,48,2024-06-20 23:31:16,717.89,SUCCESS,WALLET,DEV0278
572,29,25,2024-01-05 16:05:50,2317.0,SUCCESS,CARD,DEV0292
573,47,37,2024-01-29 00:55:58,0.0,PENDING,CARD,DEV0342
574,156,57,2024-12-04 15:59:08,1988.4,SUCCESS,CARD,DEV0100
575,137,73,2024-08-23 01:43:58,0.0,SUCCESS,WALLET,DEV0369
576,102,47,2024-05-31 02:46:26,589.64,SUCCESS,WALLET,DEV0284
577,18,77,2024-04-21 22:04:45,3379.84,SUCCESS,CARD,DEV0293
578,61,30,2024-03-22 14:10:45,4963.05,SUCCESS,WALLET,DEV0416
579,101,6,2024-06-13 11:39:53,182.9,SUCCESS,UPI,DEV0131
580,122,39,2024-07-10 06:55:28,0.06,FAILED,UPI,DEV0433
581,121,8,2024-07-23 08:33:11,1808.7,SUCCESS,UPI,DEV0164
582,13,38,2024-07-14 08:48:06,978.51,SUCCESS,UPI,DEV0436
583,169,2,2024-10-31 19:46:16,0.0,SUCCESS,UPI,DEV0052
584,48,74,2024-08-27 23:07:19,2917.64,FAILED,CARD,DEV0016
585,82,24,2024-01-18 16:56:14,0.0,SUCCESS,CARD,DEV0290
586,177,16,2024-11-13 19:24:23,425.15,SUCCESS,UPI,DEV0244
587,191,21,2024-01-29 11:41:24,667.64,SUCCESS,WALLET,DEV0305
588,30,4,2024-01-28 14:36:30,2803.34,SUCCESS,WALLET,DEV0030
589,7,54,2024-06-17 23:56:24,2381.47,SUCCESS,UPI,DEV0385
590,24,11,2024-01-17 15:13:56,0.0,SUCCESS,WALLET,DEV0355
591,56,26,2024-01-09 04:16:55,0.0,FAILED,WALLET,DEV0418
592,172,23,2024-06-01 14:53:49,0.0,SUCCESS,CARD,DEV0380
593,24,77,2024-11-10 10:08:11,3716.73,SUCCESS,WALLET,DEV0309
594,189,79,2024-06-25 06:50:27,0.0,PENDING,CARD,DEV0404
595,173,78,2024-07-25 19:02:25,321.86,SUCCESS,WALLET,DEV0381
596,129,21,2024-12-29 07:12:00,0.0,SUCCESS,CARD,DEV0024
597,33,3,2024-08-22 16:06:48,0.0,SUCCESS,WALLET,DEV0265
598,24,51,2024-01-03 02:57:20,0.0,SUCCESS,UPI,DEV0447
599,190,25,2024-09-27 10:23:33,3359.54,SUCCESS,UPI,DEV0159
600,88,59,2024-01-07 15:34:28,340.25,SUCCESS,CARD,DEV0158
601,75,27,2024-11-03 17:58:01,0.0,SUCCESS,CARD,DEV0098
602,136,41,2024-06-16 00:32:37,271.11,SUCCESS,WALLET,DEV0031
603,49,53,2024-12-16 10:40:05,1568.56,SUCCESS,CARD,DEV0353
604,44,34,2024-05-01 13:48:46,4303.22,SUCCESS,UPI,DEV0325
605,27,58,2024-06-13 07:43:30,0.0,SUCCESS,CARD,DEV0436
606,124,48,2024-11-05 17:25:55,4277.94,SUCCESS,UPI,DEV0125
607,138,31,2024-12-09 07:22:49,3617.93,SUCCESS,UPI,DEV0411
608,78,29,2024-10-24 07:04:52,0.0,PENDING,CARD,DEV0264
609,68,76,2024-06-08 19:04:01,0.0,SUCCESS,UPI,DEV0296
610,79,39,2024-03-19 05:38:33,1854.87,SUCCESS,UPI,DEV0303
611,172,3,2024-12-16 06:49:31,3872.34,SUCCESS,CARD,DEV0215
612,19,24,2025-01-16 06:20:52,2455.31,FAILED,CARD,DEV0080
613,162,75,2024-12-16 09:41:32,1976.29,SUCCESS,WALLET,DEV0433
614,83,80,2024-12-22 15:25:38,0.0,SUCCESS,WALLET,DEV0228
615,38,57,2024-03-20 11:34:41,5978.49,SUCCESS,CARD,DEV0062
616,47,25,2024-10-31 10:06:23,158.08,FAILED,UPI,DEV0368
617,195,30,2024-07-22 03:06:57,2235.93,SUCCESS,WALLET,DEV0367
618,127,17,2024-07-02 13:11:02,1949.18,PENDING,CARD,DEV0014
619,74,19,2024-09-05 09:51:57,4252.77,FAILED,CARD,DEV0190
620,33,6,2025-01-11 11:11:22,8803.19,SUCCESS,WALLET,DEV0003
621,197,5,2024-06-22 11:17:10,346.46,SUCCESS,UPI,DEV0159
622,158,72,2024-08-07 22:27:10,1333.49,SUCCESS,CARD,DEV0134
623,23,33,2024-04-14 22:26:03,0.0,FAILED,WALLET,DEV0300
624,112,4,2024-08-13 14:15:46,1734.69,SUCCESS,UPI,DEV0153
625,93,78,2024-03-18 17:31:50,94.79,FAILED,CARD,DEV0115
626,43,48,2024-01-18 13:22:24,386.22,SUCCESS,UPI,DEV0149
627,72,73,2024-01-27 08:50:17,1194.97,SUCCESS,WALLET,DEV0171
628,199,18,2024-06-22 15:54:23,983.6,SUCCESS,UPI,DEV0349
629,52,56,2024-11-08 14:24:42,1731.39,SUCCESS,UPI,DEV0058
630,17,74,2024-04-03 14:58:10,2219.33,SUCCESS,CARD,DEV0092
631,167,3,2024-02-03 16:43:55,790.26,FAILED,UPI,DEV0319
632,34,61,2024-07-08 11:24:16,3003.1,SUCCESS,UPI,DEV0299
633,130,48,2024-07-31 01:35:50,2374.02,SUCCESS,UPI,DEV0032
634,150,32,2024-01-29 08:15:27,2524.88,SUCCESS,WALLET,DEV0163
635,41,39,2025-01-03 01:40:08,2278.0,SUCCESS,WALLET,DEV0404
636,59,23,2024-12-11 02:44:27,1510.84,SUCCESS,CARD,DEV0114
637,83,60,2024-01-25 08:25:02,5176.3,SUCCESS,WALLET,DEV0102
638,92,44,2024-12-15 12:38:49,0.0,SUCCESS,CARD,DEV0276
639,22,11,2024-02-17 15:31:02,0.0,SUCCESS,CARD,DEV0277
640,200,63,2024-09-28 06:43:12,2002.12,SUCCESS,WALLET,DEV0389
641,182,48,2024-06-02 14:16:20,4919.61,FAILED,UPI,DEV0152
642,40,19,2024-02-12 11:37:14,0.0,SUCCESS,WALLET,DEV0325
643,13,33,2024-08-25 12:55:37,693.13,SUCCESS,CARD,DEV0186
644,76,23,2024-07-25 06:59:52,1744.61,SUCCESS,CARD,DEV0121
645,165,29,2024-08-28 15:46:38,2751.36,SUCCESS,WALLET,DEV0348
646,197,58,2024-12-24 13:55:32,3229.48,SUCCESS,UPI,DEV0431
647,90,8,2024-01-06 06:18:31,3089.55,SUCCESS,UPI,DEV0304
648,67,4,2024-07-20 16:23:04,0.0,SUCCESS,CARD,DEV0370
649,161,52,2024-09-20 03:57:30,0.0,SUCCESS,UPI,DEV0022
650,14,39,2025-01-18 13:24:28,0.0,SUCCESS,UPI,DEV0033
651,84,29,2024-07-18 20:14:37,0.0,SUCCESS,CARD,DEV0284
652,143,30,2024-07-16 09:12:35,0.0,SUCCESS,UPI,DEV0286
653,80,30,2024-12-27 15:48:27,0.0,SUCCESS,UPI,DEV0011
654,137,37,2024-05-22 20:41:27,389.45,SUCCESS,CARD,DEV0172
655,31,33,2024-05-13 15:20:23,3133.36,SUCCESS,WALLET,DEV0214
656,95,71,2025-01-10 15:37:46,553.25,SUCCESS,CARD,DEV0051
657,10,67,2024-01-02 19:45:34,2610.66,FAILED,UPI,DEV0210
658,94,5,2024-04-06 19:49:34,1709.69,SUCCESS,CARD,DEV0014
659,157,77,2024-05-12 21:53:59,0.0,SUCCESS,CARD,DEV0215
660,149,74,2024-07-27 07:33:10,1417.2,SUCCESS,UPI,DEV0103
661,73,55,2025-01-19 12:03:06,1541.53,FAILED,CARD,DEV0218
662,104,15,2024-07-10 20:54:35,1855.35,SUCCESS,CARD,DEV0104
663,23,5,2024-08-28 17:10:09,3283.84,SUCCESS,UPI,DEV0239
664,149,25,2024-02-09 21:39:32,752.99,SUCCESS,WALLET,DEV0398
665,135,62,2024-06-22 01:46:07,842.87,SUCCESS,CARD,DEV0206
666,134,67,2024-07-25 05:55:09,1316.63,FAILED,WALLET,DEV0008
667,6,7,2024-02-10 11:44:49,2587.57,SUCCESS,UPI,DEV0121
668,177,1,2024-03-12 13:22:35,1491.38,SUCCESS,UPI,DEV0145
669,99,70,2024-06-04 04:30:49,0.0,PENDING,WALLET,DEV0161
670,80,11,2024-09-26 18:44:54,3267.23,SUCCESS,UPI,DEV0396
671,132,16,2024-01-12 05:06:12,39.08,FAILED,CARD,DEV0107
672,135,64,2024-05-14 00:18:08,861.89,FAILED,WALLET,DEV0116
673,192,33,2024-07-09 01:51:13,713.76,SUCCESS,UPI,DEV0078
674,37,67,2024-10-21 04:24:36,2116.47,SUCCESS,UPI,DEV0151
675,134,57,2024-09-03 14:57:09,673.96,SUCCESS,UPI,DEV0432
676,180,22,2024-03-19 12:01:53,231.15,SUCCESS,UPI,DEV0212
677,119,11,2024-01-22 08:11:38,0.0,SUCCESS,WALLET,DEV0422
678,32,20,2024-12-03 08:15:58,538.65,SUCCESS,CARD,DEV0216
679,38,79,2024-09-15 10:15:42,1880.66,SUCCESS,WALLET,DEV0190
680,104,61,2024-07-22 23:05:41,1646.0,SUCCESS,WALLET,DEV0107
681,107,72,2024-03-28 17:21:15,2513.43,SUCCESS,WALLET,DEV0371
682,160,62,2024-02-21 18:43:45,1543.22,FAILED,UPI,DEV0352
683,89,10,2024-03-15 09:50:14,251.66,SUCCESS,UPI,DEV0317
684,132,77,2024-02-26 07:22:54,3661.16,SUCCESS,UPI,DEV0051
685,150,1,2024-01-31 14:10:09,0.0,FAILED,CARD,DEV0017
686,67,47,2024-08-19 13:40:45,3715.55,SUCCESS,CARD,DEV0334
687,31,50,2025-01-11 19:30:30,1711.81,SUCCESS,CARD,DEV0142
688,178,68,2024-08-14 14:57:35,0.0,SUCCESS,UPI,DEV0311
689,6,10,2024-12-25 08:00:51,1416.8,SUCCESS,UPI,DEV0038
690,197,7,2024-10-05 19:52:33,1243.05,SUCCESS,UPI,DEV0386
691,51,50,2024-08-28 16:25:59,1186.54,SUCCESS,CARD,DEV0148
692,147,29,2024-06-26 10:19:21,0.0,SUCCESS,UPI,DEV0336
693,17,17,2024-02-11 12:59:43,1855.97,FAILED,CARD,DEV0200
694,185,37,2024-08-23 20:01:35,3041.94,SUCCESS,CARD,DEV0328
695,147,35,2024-03-06 17:42:45,0.0,SUCCESS,CARD,DEV0438
696,46,11,2024-05-23 14:56:30,0.0,SUCCESS,UPI,DEV0303
697,200,58,2024-02-15 12:44:51,0.0,SUCCESS,CARD,DEV0355
698,57,50,2024-09-23 14:09:51,1909.33,SUCCESS,CARD,DEV0093
699,128,32,2024-04-17 09:07:06,400.03,SUCCESS,UPI,DEV0216
700,134,29,2024-03-05 05:47:07,4649.98,SUCCESS,CARD,DEV0165
701,92,32,2024-01-17 21:52:47,4494.66,SUCCESS,UPI,DEV0299
702,61,72,2024-12-07 08:03:17,0.0,SUCCESS,WALLET,DEV0315
703,78,50,2024-04-19 06:59:04,3367.79,SUCCESS,CARD,DEV0005
704,60,8,2024-01-09 09:58:13,3021.12,SUCCESS,UPI,DEV0152
705,58,1,2025-01-09 04:22:35,2897.61,FAILED,UPI,DEV0326
706,67,22,2024-12-19 00:28:04,0.0,SUCCESS,WALLET,DEV0418
707,113,65,2025-01-13 14:30:11,0.0,SUCCESS,CARD,DEV0307
708,183,34,2024-02-21 18:13:47,256.68,PENDING,UPI,DEV0177
709,108,54,2024-04-12 03:13:00,3409.31,SUCCESS,WALLET,DEV0125
710,89,28,2024-05-31 23:06:38,944.1,SUCCESS,UPI,DEV0220
711,195,80,2024-07-24 03:19:04,1614.99,SUCCESS,UPI,DEV0044
712,166,57,2024-07-08 02:57:40,1969.01,SUCCESS,CARD,DEV0284
713,138,20,2024-06-13 07:59:31,1278.93,SUCCESS,UPI,DEV0191
714,1,6,2024-02-29 00:39:48,1908.86,SUCCESS,CARD,DEV0393
715,128,63,2024-01-30 03:09:51,0.0,SUCCESS,CARD,DEV0384
716,157,31,2024-09-05 12:34:41,6054.88,SUCCESS,WALLET,DEV0222
717,83,37,2024-08-21 05:37:45,3296.69,SUCCESS,WALLET,DEV0095
718,98,13,2024-12-17 22:25:51,1109.01,SUCCESS,UPI,DEV0272
719,1,13,2024-06-19 06:39:12,1924.16,SUCCESS,CARD,DEV0277
720,51,16,2024-08-17 21:15:58,0.0,FAILED,CARD,DEV0328
721,78,18,2024-03-06 16:07:54,0.0,SUCCESS,CARD,DEV0237
722,39,54,2024-07-30 13:47:33,0.0,FAILED,WALLET,DEV0128
723,132,13,2024-11-12 23:50:05,685.43,SUCCESS,WALLET,DEV0123
724,87,27,2024-09-07 00:37:57,1945.18,SUCCESS,WALLET,DEV0142
725,12,61,2024-09-11 10:32:19,2290.39,SUCCESS,UPI,DEV0196
726,123,58,2024-11-07 11:19:13,0.0,FAILED,UPI,DEV0118
727,33,63,2024-01-15 02:45:51,0.0,SUCCESS,UPI,DEV0128
728,19,64,2024-09-18 19:35:39,3351.26,SUCCESS,CARD,DEV0206
729,2,47,2024-11-03 00:49:37,4276.97,SUCCESS,WALLET,DEV0066
730,65,39,2024-04-20 11:40:07,2788.7,SUCCESS,WALLET,DEV0026
731,124,7,2024-03-16 12:56:58,1085.25,SUCCESS,WALLET,DEV0258
732,153,39,2024-07-04 11:34:22,1667.9,FAILED,WALLET,DEV0309
733,133,60,2024-11-08 04:32:16,0.0,SUCCESS,WALLET,DEV0320
734,136,63,2024-07-17 18:04:48,3956.33,SUCCESS,UPI,DEV0104
735,19,76,2024-09-13 14:53:22,503.97,SUCCESS,WALLET,DEV0127
736,30,58,2024-10-04 02:01:33,3440.1,SUCCESS,CARD,DEV0050
737,118,45,2024-01-10 10:52:58,1193.98,SUCCESS,CARD,DEV0343
738,86,32,2024-12-04 11:06:50,0.0,SUCCESS,CARD,DEV0047
739,152,67,2024-04-24 09:38:33,5575.74,SUCCESS,UPI,DEV0082
740,199,54,2024-07-10 16:21:32,0.0,SUCCESS,UPI,DEV0283
741,63,19,2024-11-10 17:08:14,2618.08,SUCCESS,UPI,DEV0195
742,112,54,2024-07-27 10:51:29,611.67,SUCCESS,WALLET,DEV0428
743,33,43,2024-12-17 10:09:16,1798.07,PENDING,UPI,DEV0186
744,151,4,2024-05-13 14:00:24,0.0,SUCCESS,CARD,DEV0215
745,166,45,2025-01-10 18:05:20,1918.33,SUCCESS,WALLET,DEV0381
746,15,7,2024-12-19 10:18:30,0.0,SUCCESS,CARD,DEV0187
747,117,66,2024-05-09 09:46:40,2097.72,SUCCESS,UPI,DEV0407
748,115,54,2024-08-17 10:08:48,1916.73,SUCCESS,CARD,DEV0307
749,29,69,2024-08-08 04:56:01,630.43,SUCCESS,WALLET,DEV0198
750,196,52,2024-01-13 14:44:52,0.0,SUCCESS,UPI,DEV0275
751,1,21,2024-11-09 20:32:36,566.55,SUCCESS,UPI,DEV0248
752,94,57,2024-11-20 23:39:32,2159.62,SUCCESS,WALLET,DEV0406
753,11,80,2024-08-11 15:31:40,3010.99,SUCCESS,UPI,DEV0280
754,6,28,2024-12-22 20:15:08,2958.91,FAILED,CARD,DEV0401
755,179,55,2024-08-28 17:45:29,265.84,SUCCESS,WALLET,DEV0343
756,154,69,2024-05-12 15:36:05,3469.84,SUCCESS,WALLET,DEV0130
757,43,68,2024-01-09 18:33:58,641.07,SUCCESS,WALLET,DEV0293
758,84,52,2024-03-29 18:00:47,919.79,SUCCESS,WALLET,DEV0047
759,90,40,2024-08-06 05:51:28,0.0,SUCCESS,UPI,DEV0266
760,180,6,2024-11-24 08:49:27,0.0,SUCCESS,UPI,DEV0256
761,27,13,2024-10-06 15:35:58,0.0,SUCCESS,UPI,DEV0012
762,8,26,2024-10-06 17:08:55,189.37,SUCCESS,CARD,DEV0158
763,148,67,2024-05-21 19:11:43,3672.73,SUCCESS,WALLET,DEV0409
764,125,65,2024-03-29 12:42:54,613.77,SUCCESS,UPI,DEV0008
765,52,77,2025-01-17 14:32:35,0.0,SUCCESS,UPI,DEV0195
766,122,26,2024-02-16 09:03:06,1108.1,SUCCESS,CARD,DEV0217
767,165,70,2024-04-05 23:49:47,1101.83,SUCCESS,CARD,DEV0268
768,68,52,2024-05-03 09:25:15,1884.57,SUCCESS,UPI,DEV0086
769,69,36,2024-05-28 01:46:41,930.8,SUCCESS,WALLET,DEV0168
770,99,27,2024-12-15 20:46:48,3043.74,SUCCESS,UPI,DEV0174
771,2,67,2024-06-19 23:08:49,2603.37,SUCCESS,UPI,DEV0364
772,199,3,2024-05-04 14:15:03,4960.41,SUCCESS,WALLET,DEV0230
773,2,65,2024-09-10 23:48:16,3606.41,SUCCESS,UPI,DEV0358
774,119,2,2024-03-07 10:36:46,3295.66,SUCCESS,UPI,DEV0101
775,114,28,2024-03-11 09:41:38,2570.48,SUCCESS,WALLET,DEV0273
776,173,17,2024-07-11 23:39:51,1166.64,SUCCESS,UPI,DEV0325
777,111,80,2024-01-19 13:08:48,279.09,SUCCESS,UPI,DEV0215
778,104,69,2024-07-15 06:45:40,0.0,SUCCESS,CARD,DEV0062
779,61,22,2024-03-07 15:13:19,1149.75,SUCCESS,WALLET,DEV0448
780,166,19,2024-10-25 05:22:56,1374.56,SUCCESS,UPI,DEV0449
781,178,1,2024-01-20 04:29:23,4000.65,SUCCESS,CARD,DEV0222
782,83,18,2024-11-15 16:55:32,1775.77,SUCCESS,CARD,DEV0343
783,143,65,2024-08-15 00:19:53,0.0,SUCCESS,CARD,DEV0182
784,29,34,2025-02-01 10:07:22,3101.57,SUCCESS,WALLET,DEV0075
785,165,20,2024-03-24 08:32:13,667.5,FAILED,UPI,DEV0313
786,56,42,2024-09-30 13:32:44,541.2,SUCCESS,UPI,DEV0047
787,188,60,2024-04-30 20:08:13,1433.33,SUCCESS,WALLET,DEV0049
788,38,47,2025-01-11 21:06:30,2565.69,SUCCESS,UPI,DEV0303
789,72,24,2024-04-25 05:50:52,545.99,SUCCESS,UPI,DEV0394
790,89,57,2024-10-29 20:28:50,2555.57,SUCCESS,CARD,DEV0144
791,92,4,2024-10-19 23:32:56,671.71,SUCCESS,WALLET,DEV0307
792,157,79,2024-01-23 18:41:58,2467.55,SUCCESS,WALLET,DEV0158
793,112,7,2025-01-03 00:35:41,2046.51,SUCCESS,WALLET,DEV0195
794,192,11,2024-01-31 23:33:10,1696.24,SUCCESS,UPI,DEV0218
795,41,17,2024-09-10 10:58:26,0.0,SUCCESS,CARD,DEV0125
796,153,8,2024-05-30 03:18:19,0.0,SUCCESS,CARD,DEV0326
797,90,32,2025-01-24 06:46:41,0.0,SUCCESS,UPI,DEV0152
798,23,30,2024-11-22 16:26:48,1780.17,SUCCESS,UPI,DEV0197
799,198,36,2024-03-06 18:14:11,722.21,SUCCESS,UPI,DEV0075
800,182,70,2024-09-16 18:59:45,2298.61,SUCCESS,WALLET,DEV0409
801,141,56,2024-06-01 09:30:57,2398.14,SUCCESS,UPI,DEV0253
802,186,2,2024-05-08 00:51:40,4187.81,SUCCESS,CARD,DEV0019
803,160,18,2025-02-01 16:02:30,4237.52,SUCCESS,UPI,DEV0243
804,150,67,2024-06-23 00:45:24,1582.26,SUCCESS,CARD,DEV0152
805,157,5,2024-12-02 10:11:05,0.0,SUCCESS,UPI,DEV0386
806,200,27,2024-04-01 01:54:25,2797.24,SUCCESS,CARD,DEV0439
807,71,23,2024-06-14 14:59:47,2287.48,SUCCESS,WALLET,DEV0130
808,32,78,2024-07-17 08:19:35,746.58,SUCCESS,CARD,DEV0309
809,22,74,2024-11-17 22:40:33,70.83,SUCCESS,CARD,DEV0343
810,32,16,2024-10-30 05:38:02,1914.9,SUCCESS,WALLET,DEV0185
811,61,28,2024-07-21 13:30:31,0.0,SUCCESS,WALLET,DEV0182
812,163,58,2024-11-27 02:45:33,4329.69,FAILED,CARD,DEV0240
813,27,15,2024-01-04 03:54:00,822.27,FAILED,CARD,DEV0313
814,52,19,2024-10-20 00:46:29,0.0,SUCCESS,UPI,DEV0038
815,175,39,2025-01-26 16:04:08,2489.32,SUCCESS,CARD,DEV0280
816,187,61,2024-10-01 20:48:05,5.88,SUCCESS,WALLET,DEV0423
817,36,32,2024-02-03 13:03:22,136.67,FAILED,CARD,DEV0411
818,48,18,2024-02-29 10:04:30,275.84,FAILED,CARD,DEV0381
819,189,51,2024-10-27 17:29:56,0.0,SUCCESS,UPI,DEV0213
820,139,41,2024-05-18 10:23:24,1486.19,SUCCESS,UPI,DEV0015
821,188,3,2024-08-09 15:02:39,1768.58,SUCCESS,CARD,DEV0265
822,184,68,2024-05-09 17:52:33,2310.63,SUCCESS,WALLET,DEV0091
823,176,48,2024-04-02 16:01:39,788.58,SUCCESS,WALLET,DEV0222
824,69,10,2024-06-23 20:47:14,714.79,SUCCESS,CARD,DEV0003
825,83,48,2025-01-09 02:41:58,0.0,FAILED,WALLET,DEV0113
826,9,36,2024-12-12 13:37:45,4318.13,SUCCESS,UPI,DEV0294
827,140,24,2024-04-23 18:26:10,3208.45,SUCCESS,UPI,DEV0076
828,5,30,2024-08-01 18:29:00,1481.04,SUCCESS,UPI,DEV0022
829,40,70,2024-12-01 08:41:12,1672.22,SUCCESS,CARD,DEV0184
830,128,66,2024-01-02 23:52:54,2509.14,SUCCESS,WALLET,DEV0252
831,192,57,2025-01-19 15:47:49,1469.7,SUCCESS,CARD,DEV0288
832,16,40,2024-05-06 05:22:07,3502.34,PENDING,UPI,DEV0422
833,108,9,2024-09-18 12:59:28,0.0,SUCCESS,CARD,DEV0328
834,151,73,2024-10-30 12:01:26,710.29,SUCCESS,UPI,DEV0353
835,16,3,2024-04-27 15:22:28,2265.58,SUCCESS,UPI,DEV0181
836,38,13,2024-07-17 23:57:27,3753.03,SUCCESS,UPI,DEV0134
837,88,71,2024-11-03 23:29:37,1239.77,PENDING,CARD,DEV0059
838,169,17,2024-08-13 08:05:02,2266.6,PENDING,UPI,DEV0166
839,9,79,2024-04-01 04:01:27,0.0,SUCCESS,UPI,DEV0067
840,192,19,2024-01-23 01:33:31,627.2,SUCCESS,UPI,DEV0015
841,34,13,2024-12-25 23:31:11,2623.38,FAILED,CARD,DEV0215
842,15,7,2024-11-30 05:25:38,3128.58,SUCCESS,CARD,DEV0180
843,117,9,2024-06-30 23:31:06,1874.81,SUCCESS,WALLET,DEV0039
844,129,35,2024-10-18 09:21:42,0.0,SUCCESS,CARD,DEV0267
845,24,31,2024-05-14 21:17:49,2410.09,SUCCESS,WALLET,DEV0092
846,177,24,2024-09-13 18:18:46,0.0,SUCCESS,CARD,DEV0175
847,133,61,2025-01-23 04:42:34,1807.39,SUCCESS,UPI,DEV0127
848,112,17,2024-09-13 07:14:35,2319.82,SUCCESS,CARD,DEV0134
849,157,36,2024-11-22 18:34:01,1058.46,SUCCESS,CARD,DEV0414
850,80,2,2024-01-09 21:53:46,3076.92,SUCCESS,CARD,DEV0022
851,114,12,2024-08-11 19:46:20,688.57,FAILED,WALLET,DEV0271
852,36,13,2024-08-20 13:41:52,0.0,SUCCESS,UPI,DEV0396
853,6,77,2024-03-10 21:05:32,0.0,SUCCESS,WALLET,DEV0188
854,136,3,2024-08-02 00:15:11,0.0,FAILED,UPI,DEV0055
855,118,47,2024-11-15 09:30:45,2661.9,SUCCESS,CARD,DEV0094
856,173,11,2024-02-18 14:18:05,635.88,SUCCESS,CARD,DEV0227
857,104,18,2024-05-27 03:44:10,1797.56,FAILED,CARD,DEV0085
858,60,80,2024-07-15 14:22:08,4112.8,SUCCESS,CARD,DEV0371
859,181,24,2024-04-08 17:31:21,384.58,FAILED,WALLET,DEV0428
860,176,78,2024-12-09 01:32:08,344.11,SUCCESS,WALLET,DEV0232
861,59,43,2024-05-03 19:05:52,0.0,SUCCESS,UPI,DEV0215
862,114,24,2024-06-21 13:09:29,3945.31,SUCCESS,WALLET,DEV0157
863,158,30,2024-11-06 00:02:02,663.32,SUCCESS,WALLET,DEV0376
864,190,47,2024-09-17 09:08:42,0.0,SUCCESS,UPI,DEV0351
865,48,24,2024-11-18 19:54:53,0.0,SUCCESS,UPI,DEV0243
866,178,55,2024-06-03 23:48:15,242.12,FAILED,UPI,DEV0159
867,73,40,2024-04-12 14:24:17,0.0,SUCCESS,WALLET,DEV0175
868,48,19,2024-03-10 11:50:54,1393.6,SUCCESS,CARD,DEV0379
869,94,35,2024-01-04 15:24:14,0.0,SUCCESS,WALLET,DEV0090
870,169,29,2024-08-31 20:08:28,2323.8,SUCCESS,CARD,DEV0274
871,119,32,2024-07-06 07:33:32,3045.79,SUCCESS,UPI,DEV0292
872,189,11,2025-01-19 18:07:58,0.0,PENDING,WALLET,DEV0316
873,177,68,2024-10-03 17:22:59,0.0,SUCCESS,WALLET,DEV0428
874,114,71,2024-09-19 23:42:15,0.0,PENDING,WALLET,DEV0281
875,82,66,2024-11-07 21:11:25,4747.68,SUCCESS,WALLET,DEV0257
876,20,62,2024-09-04 12:36:30,2838.67,SUCCESS,UPI,DEV0275
877,86,62,2024-10-23 18:48:58,0.0,SUCCESS,WALLET,DEV0130
878,28,4,2024-11-28 00:04:29,2685.48,SUCCESS,WALLET,DEV0143
879,50,13,2024-06-15 18:55:45,2322.02,SUCCESS,WALLET,DEV0185
880,181,59,2024-02-17 20:16:06,1554.68,SUCCESS,WALLET,DEV0341
881,157,46,2024-03-19 22:04:08,3127.82,SUCCESS,CARD,DEV0348
882,32,48,2024-03-18 18:20:23,0.0,SUCCESS,WALLET,DEV0392
883,78,46,2024-07-04 09:45:44,1660.11,SUCCESS,WALLET,DEV0285
884,137,42,2024-06-27 07:48:49,0.0,SUCCESS,CARD,DEV0439
885,186,8,2024-03-29 06:41:13,1508.82,SUCCESS,UPI,DEV0069
886,45,45,2024-10-06 21:00:36,4664.51,SUCCESS,CARD,DEV0073
887,101,57,2024-06-04 15:43:36,1420.43,SUCCESS,CARD,DEV0140
888,151,60,2024-01-25 10:46:51,0.0,SUCCESS,UPI,DEV0234
889,126,60,2024-11-03 21:18:26,6143.59,SUCCESS,CARD,DEV0250
890,177,16,2025-01-17 11:10:18,1469.27,SUCCESS,CARD,DEV0354
891,158,17,2024-02-29 00:42:01,2119.97,SUCCESS,CARD,DEV0095
892,200,57,2024-12-10 23:22:01,2142.18,SUCCESS,UPI,DEV0147
893,30,45,2024-02-19 16:18:52,0.0,SUCCESS,CARD,DEV0187
894,180,10,2024-08-01 00:20:43,0.0,SUCCESS,CARD,DEV0212
895,101,10,2024-04-16 19:04:44,0.0,SUCCESS,WALLET,DEV0066
896,23,13,2024-01-29 22:24:02,336.48,SUCCESS,WALLET,DEV0374
897,160,4,2024-04-23 23:57:42,1294.29,FAILED,CARD,DEV0364
898,57,30,2024-05-12 13:36:01,0.0,SUCCESS,CARD,DEV0018
899,79,19,2024-10-20 05:34:18,967.47,SUCCESS,UPI,DEV0326
900,133,36,2024-08-01 21:47:50,0.0,FAILED,CARD,DEV0229
901,129,52,2024-11-08 02:28:49,1275.98,SUCCESS,UPI,DEV0044
902,129,62,2024-07-04 03:14:24,1182.0,SUCCESS,UPI,DEV0173
903,134,32,2025-01-04 00:03:49,4836.35,FAILED,WALLET,DEV0012
904,196,80,2024-09-14 00:08:43,2304.75,SUCCESS,UPI,DEV0134
905,16,45,2024-12-13 21:28:54,1370.66,SUCCESS,CARD,DEV0389
906,59,72,2024-07-14 09:56:54,0.0,SUCCESS,CARD,DEV0008
907,124,30,2024-10-10 22:43:56,2647.1,SUCCESS,UPI,DEV0144
908,16,31,2024-10-09 23:17:06,2914.31,SUCCESS,CARD,DEV0287
909,12,32,2024-09-30 05:38:04,2353.32,FAILED,UPI,DEV0029
910,41,63,2024-01-17 10:45:07,2132.95,SUCCESS,CARD,DEV0087
911,70,41,2024-06-25 12:24:52,1517.16,SUCCESS,WALLET,DEV0280
912,71,18,2024-07-05 23:47:41,159.31,SUCCESS,UPI,DEV0157
913,111,14,2024-11-15 21:36:50,0.0,SUCCESS,UPI,DEV0203
914,38,44,2024-10-27 18:37:17,0.0,FAILED,WALLET,DEV0425
915,87,79,2024-12-29 21:55:31,892.49,SUCCESS,CARD,DEV0126
916,45,31,2024-10-05 22:51:04,3549.24,FAILED,WALLET,DEV0270
917,2,12,2024-11-18 08:37:02,1716.44,SUCCESS,WALLET,DEV0364
918,144,18,2024-09-06 12:42:36,0.0,SUCCESS,UPI,DEV0347
919,115,29,2024-10-29 12:29:23,0.0,SUCCESS,CARD,DEV0158
920,88,44,2024-04-02 09:22:28,0.0,SUCCESS,CARD,DEV0043
921,141,16,2024-10-11 23:03:21,1681.7,SUCCESS,UPI,DEV0283
922,51,11,2024-01-14 19:09:51,4145.51,SUCCESS,UPI,DEV0083
923,193,58,2024-08-13 21:53:55,0.0,SUCCESS,UPI,DEV0134
924,33,64,2024-12-28 16:44:14,3180.08,SUCCESS,CARD,DEV0379
925,26,37,2025-01-17 11:22:36,1550.79,SUCCESS,UPI,DEV0059
926,176,17,2024-06-19 06:33:07,815.44,SUCCESS,UPI,DEV0325
927,65,30,2024-08-01 16:33:39,0.0,SUCCESS,CARD,DEV0307
928,130,22,2024-10-07 11:46:46,2638.59,SUCCESS,UPI,DEV0380
929,83,28,2024-08-07 11:22:08,4104.8,SUCCESS,WALLET,DEV0096
930,51,24,2024-10-23 05:29:15,0.0,SUCCESS,WALLET,DEV0001
931,129,42,2024-11-22 03:47:39,658.87,SUCCESS,WALLET,DEV0368
932,129,31,2024-08-08 05:42:07,192.85,FAILED,UPI,DEV0148
933,143,15,2024-08-08 01:11:26,1093.93,SUCCESS,WALLET,DEV0261
934,146,29,2024-08-01 19:43:31,0.0,SUCCESS,WALLET,DEV0352
935,82,44,2024-07-06 14:45:46,2665.32,SUCCESS,UPI,DEV0318
936,151,59,2024-07-18 18:58:31,3613.99,SUCCESS,UPI,DEV0293
937,10,31,2025-01-15 04:52:31,1483.55,SUCCESS,CARD,DEV0298
938,29,61,2024-04-24 21:41:52,651.82,SUCCESS,CARD,DEV0032
939,199,54,2024-11-15 18:22:28,708.52,SUCCESS,CARD,DEV0024
940,94,13,2024-12-07 16:03:12,962.91,SUCCESS,WALLET,DEV0298
941,62,68,2024-06-05 14:15:50,0.0,SUCCESS,CARD,DEV0236
942,133,17,2024-01-21 19:32:41,1311.32,SUCCESS,WALLET,DEV0280
943,199,24,2024-09-22 12:40:29,1138.04,SUCCESS,WALLET,DEV0330
944,189,49,2024-09-22 13:25:44,0.0,SUCCESS,UPI,DEV0083
945,97,7,2024-02-11 12:19:29,1772.92,FAILED,UPI,DEV0238
946,71,29,2024-07-19 05:19:47,3114.3,SUCCESS,CARD,DEV0098
947,19,22,2024-12-31 19:20:34,1241.57,SUCCESS,CARD,DEV0284
948,127,60,2024-01-10 01:37:57,789.91,SUCCESS,UPI,DEV0005
949,161,73,2024-07-17 21:14:47,5380.99,FAILED,UPI,DEV0322
950,111,78,2024-05-13 00:45:33,61.22,SUCCESS,UPI,DEV0242
951,63,52,2024-08-23 11:13:51,650.79,SUCCESS,CARD,DEV0251
952,166,74,2024-09-25 14:45:42,2466.74,SUCCESS,WALLET,DEV0212
953,105,64,2024-01-03 17:41:20,480.91,SUCCESS,CARD,DEV0389
954,59,39,2024-11-22 05:55:45,120.71,SUCCESS,UPI,DEV0274
955,196,78,2024-11-24 16:26:48,1406.94,SUCCESS,WALLET,DEV0400
956,38,23,2024-01-02 20:29:48,2238.63,SUCCESS,UPI,DEV0319
957,41,67,2024-06-26 15:10:15,0.0,SUCCESS,CARD,DEV0093
958,198,61,2024-01-11 14:27:41,540.78,FAILED,UPI,DEV0057
959,99,76,2024-12-05 09:57:20,1697.66,SUCCESS,UPI,DEV0158
960,80,33,2024-01-27 18:36:23,318.52,SUCCESS,UPI,DEV0338
961,23,53,2024-06-14 04:19:31,1874.41,SUCCESS,CARD,DEV0014
962,47,32,2024-03-12 15:48:05,1892.2,FAILED,WALLET,DEV0340
963,18,31,2024-07-17 11:25:02,302.83,SUCCESS,UPI,DEV0375
964,117,30,2024-01-27 10:58:06,870.17,SUCCESS,WALLET,DEV0443
965,100,11,2024-12-11 03:15:20,0.0,SUCCESS,WALLET,DEV0427
966,187,35,2024-03-08 00:22:54,1276.11,SUCCESS,UPI,DEV0116
967,67,49,2024-07-05 07:48:22,6013.95,SUCCESS,CARD,DEV0303
968,179,50,2024-10-27 18:51:33,0.0,SUCCESS,CARD,DEV0247
969,173,73,2024-03-19 18:00:39,0.0,SUCCESS,UPI,DEV0291
970,113,33,2024-02-15 00:54:42,0.0,SUCCESS,WALLET,DEV0084
971,43,63,2024-02-29 04:33:43,1493.74,FAILED,CARD,DEV0262
972,54,47,2024-09-25 17:37:12,3483.77,SUCCESS,UPI,DEV0414
973,21,59,2024-01-31 02:28:08,2639.8,SUCCESS,WALLET,DEV0229
974,156,21,2024-01-27 18:44:53,2306.48,SUCCESS,CARD,DEV0211
975,181,22,2024-04-30 04:54:30,2978.44,SUCCESS,CARD,DEV0129
976,88,26,2024-01-30 02:29:19,1025.35,SUCCESS,CARD,DEV0326
977,158,18,2024-03-09 07:03:05,1960.54,SUCCESS,UPI,DEV0145
978,108,42,2024-12-24 20:20:10,2451.85,SUCCESS,UPI,DEV0158
979,135,9,2024-12-19 13:32:27,3071.77,SUCCESS,WALLET,DEV0355
980,98,73,2024-11-10 16:53:27,590.33,FAILED,CARD,DEV0211
981,156,78,2024-07-09 12:13:53,793.13,SUCCESS,WALLET,DEV0361
982,49,1,2024-05-22 19:17:08,397.49,SUCCESS,UPI,DEV0303
983,191,56,2024-12-13 10:53:43,0.0,SUCCESS,WALLET,DEV0185
984,2,46,2024-05-05 03:26:47,0.0,SUCCESS,CARD,DEV0389
985,175,4,2024-04-17 19:20:05,668.72,FAILED,WALLET,DEV0283
986,40,72,2024-07-04 03:17:24,5946.76,SUCCESS,CARD,DEV0382
987,80,78,2024-03-18 18:30:46,0.0,FAILED,CARD,DEV0391
988,183,14,2024-05-08 16:40:57,3520.62,SUCCESS,WALLET,DEV0222
989,106,25,2024-07-28 11:18:01,0.0,FAILED,WALLET,DEV0157
990,140,43,2024-09-18 15:16:03,0.0,SUCCESS,UPI,DEV0432
991,81,9,2024-12-05 22:19:08,207.01,SUCCESS,WALLET,DEV0048
992,2,76,2024-03-15 21:30:46,0.0,SUCCESS,CARD,DEV0123
993,40,28,2024-12-01 18:33:57,0.0,SUCCESS,CARD,DEV0332
994,161,5,2024-12-11 08:40:56,1112.22,SUCCESS,UPI,DEV0429
995,33,64,2024-01-18 17:46:11,2486.85,SUCCESS,WALLET,DEV0415
996,140,60,2024-08-04 18:08:21,881.68,SUCCESS,UPI,DEV0214
997,151,76,2024-04-10 14:06:20,946.31,SUCCESS,CARD,DEV0252
998,198,36,2024-01-09 08:20:56,304.1,SUCCESS,UPI,DEV0436
999,39,26,2024-03-30 20:02:57,0.0,SUCCESS,WALLET,DEV0064
1000,147,48,2024-06-27 17:40:20,0.0,SUCCESS,UPI,DEV0211
1001,99,46,2024-05-29 18:06:56,1166.66,SUCCESS,WALLET,DEV0276
1002,116,7,2024-06-19 05:36:56,38.62,SUCCESS,CARD,DEV0287
1003,43,58,2024-10-02 04:17:28,2008.38,SUCCESS,WALLET,DEV0220
1004,120,30,2024-07-11 23:09:53,5566.95,FAILED,CARD,DEV0378
1005,6,8,2024-11-11 16:50:17,684.87,SUCCESS,WALLET,DEV0002
1006,102,40,2024-11-05 10:23:04,1278.24,SUCCESS,CARD,DEV0199
1007,50,29,2024-04-24 01:20:21,0.0,SUCCESS,WALLET,DEV0422
1008,9,12,2024-04-09 00:52:28,1433.62,SUCCESS,CARD,DEV0090
1009,43,18,2024-05-20 10:02:31,551.35,SUCCESS,UPI,DEV0432
1010,52,1,2024-10-26 19:23:22,348.19,SUCCESS,CARD,DEV0078
1011,186,74,2024-08-13 19:39:08,837.75,SUCCESS,UPI,DEV0238
1012,194,74,2024-02-25 15:32:15,0.0,SUCCESS,CARD,DEV0398
1013,98,25,2024-04-01 23:01:06,5287.56,SUCCESS,CARD,DEV0195
1014,112,40,2024-06-25 13:26:50,2671.77,PENDING,UPI,DEV0129
1015,4,67,2024-12-13 12:45:41,1260.99,SUCCESS,UPI,DEV0418
1016,83,40,2024-02-27 02:05:07,991.43,FAILED,WALLET,DEV0224
1017,83,20,2024-01-22 06:19:19,3989.83,SUCCESS,UPI,DEV0271
1018,117,10,2024-07-28 08:42:12,1616.03,SUCCESS,CARD,DEV0342
1019,76,71,2024-08-01 19:17:55,1423.18,SUCCESS,UPI,DEV0166
1020,3,45,2024-05-22 17:42:12,62.34,SUCCESS,UPI,DEV0377
1021,116,65,2024-09-25 03:25:15,1456.7,SUCCESS,UPI,DEV0210
1022,168,12,2024-10-08 14:36:30,0.0,SUCCESS,CARD,DEV0333
1023,197,28,2024-04-03 08:16:25,0.0,PENDING,WALLET,DEV0021
1024,188,41,2024-11-05 22:01:27,0.0,SUCCESS,WALLET,DEV0404
1025,156,56,2024-11-15 20:19:04,5687.76,SUCCESS,UPI,DEV0055
1026,108,53,2024-04-09 10:52:28,1930.61,SUCCESS,CARD,DEV0082
1027,147,27,2024-01-13 04:52:13,2020.23,SUCCESS,WALLET,DEV0024
1028,187,41,2024-09-21 05:31:06,596.51,SUCCESS,WALLET,DEV0017
1029,50,38,2024-07-08 03:00:29,927.04,SUCCESS,WALLET,DEV0216
1030,166,15,2024-04-07 08:51:45,0.0,FAILED,CARD,DEV0307
1031,166,33,2025-01-29 04:07:55,0.0,PENDING,UPI,DEV0132
1032,136,7,2024-01-20 16:15:20,0.0,SUCCESS,UPI,DEV0298
1033,41,46,2024-03-03 12:47:48,2897.36,SUCCESS,UPI,DEV0329
1034,47,63,2024-02-24 22:16:27,2516.47,SUCCESS,CARD,DEV0008
1035,199,72,2024-07-15 02:15:20,2485.29,SUCCESS,WALLET,DEV0375
1036,15,64,2024-12-20 03:01:50,0.0,SUCCESS,WALLET,DEV0405
1037,144,16,2024-01-07 07:41:56,1275.05,SUCCESS,UPI,DEV0209
1038,196,29,2024-07-28 17:46:16,87.32,SUCCESS,UPI,DEV0408
1039,61,4,2025-01-01 08:41:07,1184.39,PENDING,UPI,DEV0200
1040,181,53,2024-10-13 04:28:38,0.0,SUCCESS,WALLET,DEV0345
1041,3,76,2024-07-06 06:07:56,3273.29,SUCCESS,CARD,DEV0327
1042,40,30,2024-05-22 11:37:23,3428.58,SUCCESS,CARD,DEV0446
1043,82,7,2024-04-06 15:40:51,0.0,SUCCESS,CARD,DEV0445
1044,140,46,2024-10-06 09:24:00,4074.32,SUCCESS,UPI,DEV0121
1045,52,60,2024-05-03 12:30:04,2351.34,SUCCESS,WALLET,DEV0329
1046,144,45,2024-10-16 17:23:24,2277.48,SUCCESS,CARD,DEV0275
1047,39,1,2025-01-02 21:17:22,2356.34,SUCCESS,WALLET,DEV0351
1048,77,43,2025-01-20 22:15:00,883.82,SUCCESS,UPI,DEV0260
1049,166,74,2024-01-28 17:15:18,2239.38,SUCCESS,UPI,DEV0236
1050,200,26,2024-03-25 06:01:30,3306.93,SUCCESS,CARD,DEV0361
1051,83,43,2024-09-07 04:20:21,0.0,SUCCESS,CARD,DEV0304
1052,82,79,2024-12-24 22:33:55,3026.57,SUCCESS,UPI,DEV0318
1053,44,48,2024-10-21 10:45:48,1582.19,SUCCESS,CARD,DEV0353
1054,106,64,2024-01-03 16:35:54,0.0,SUCCESS,UPI,DEV0146
1055,147,34,2024-05-25 20:10:25,0.0,SUCCESS,UPI,DEV0104
1056,115,9,2024-01-14 10:58:46,314.27,SUCCESS,UPI,DEV0147
1057,122,72,2024-03-12 21:23:49,1878.68,SUCCESS,CARD,DEV0171
1058,5,80,2024-05-09 18:23:59,747.38,SUCCESS,CARD,DEV0313
1059,88,23,2025-01-29 19:30:39,1404.89,SUCCESS,CARD,DEV0111
1060,109,12,2024-11-20 17:11:21,0.0,SUCCESS,CARD,DEV0105
1061,27,68,2024-07-29 17:16:01,1940.77,SUCCESS,CARD,DEV0429
1062,175,28,2024-01-23 02:42:31,0.0,SUCCESS,UPI,DEV0006
1063,17,66,2024-05-12 16:05:21,960.17,SUCCESS,UPI,DEV0348
1064,22,60,2024-09-03 05:59:31,1081.45,SUCCESS,CARD,DEV0168
1065,103,30,2024-03-16 11:54:54,0.0,SUCCESS,CARD,DEV0077
1066,7,8,2024-05-28 09:40:24,4686.65,SUCCESS,CARD,DEV0373
1067,150,75,2024-09-01 03:16:18,56.32,SUCCESS,WALLET,DEV0113
1068,33,66,2024-12-06 17:58:09,0.0,SUCCESS,WALLET,DEV0395
1069,55,14,2024-01-13 06:19:24,3099.83,FAILED,WALLET,DEV0321
1070,134,74,2024-01-15 13:32:18,2334.23,SUCCESS,UPI,DEV0253
1071,150,34,2024-06-05 17:33:06,1519.0,PENDING,WALLET,DEV0142
1072,60,54,2024-12-25 09:43:47,0.0,SUCCESS,WALLET,DEV0059
1073,77,65,2024-03-10 10:48:42,0.0,SUCCESS,WALLET,DEV0416
1074,158,46,2024-08-03 14:14:22,473.8,SUCCESS,WALLET,DEV0408
1075,100,53,2024-05-16 03:48:12,3421.62,SUCCESS,CARD,DEV0198
1076,186,9,2024-03-11 01:12:03,0.0,SUCCESS,WALLET,DEV0163
1077,92,41,2024-06-11 06:37:06,121.46,SUCCESS,WALLET,DEV0100
1078,136,42,2024-03-31 01:01:27,1181.52,SUCCESS,CARD,DEV0213
1079,35,2,2024-06-07 11:53:50,4152.83,FAILED,WALLET,DEV0361
1080,105,72,2024-03-27 11:43:13,212.7,SUCCESS,CARD,DEV0204
1081,114,47,2024-12-16 02:36:09,4400.81,FAILED,CARD,DEV0285
1082,20,31,2024-06-29 09:23:28,1199.33,SUCCESS,CARD,DEV0294
1083,56,48,2024-11-07 23:09:29,2745.87,SUCCESS,UPI,DEV0341
1084,159,4,2024-06-02 04:24:30,0.0,FAILED,UPI,DEV0396
1085,13,36,2024-08-30 09:31:27,4340.74,SUCCESS,CARD,DEV0254
1086,59,8,2024-02-13 18:26:41,3092.85,SUCCESS,WALLET,DEV0078
1087,154,10,2024-01-18 08:18:56,322.31,SUCCESS,CARD,DEV0326
1088,176,59,2024-05-15 21:12:51,4012.74,SUCCESS,WALLET,DEV0103
1089,60,71,2024-02-02 11:41:52,0.0,FAILED,WALLET,DEV0081
1090,64,58,2024-11-22 12:45:32,91.44,SUCCESS,UPI,DEV0188
1091,25,6,2025-01-30 13:40:16,114.61,FAILED,CARD,DEV0048
1092,90,73,2024-12-14 19:24:47,4336.51,FAILED,CARD,DEV0056
1093,80,28,2024-08-20 10:24:30,77.94,SUCCESS,WALLET,DEV0127
1094,135,45,2024-02-21 21:07:17,0.0,SUCCESS,WALLET,DEV0081
1095,50,9,2024-09-21 17:26:36,3324.02,SUCCESS,UPI,DEV0150
1096,55,5,2024-07-18 07:52:57,3922.25,SUCCESS,CARD,DEV0076
1097,170,36,2024-06-29 10:51:02,0.0,SUCCESS,UPI,DEV0332
1098,93,46,2024-07-23 21:31:08,278.02,SUCCESS,WALLET,DEV0253
1099,180,28,2024-03-20 17:21:51,986.03,SUCCESS,CARD,DEV0333
1100,96,63,2024-08-23 17:50:16,0.0,FAILED,WALLET,DEV0406
1101,38,52,2024-04-20 01:20:52,765.48,SUCCESS,WALLET,DEV0162
1102,130,46,2024-10-24 12:13:59,897.26,SUCCESS,WALLET,DEV0014
1103,52,60,2024-11-04 08:02:03,2450.97,SUCCESS,UPI,DEV0269
1104,48,72,2024-05-12 12:13:31,2326.87,SUCCESS,WALLET,DEV0296
1105,81,28,2024-05-01 09:42:52,3126.38,SUCCESS,WALLET,DEV0346
1106,27,34,2024-03-22 23:54:20,762.24,SUCCESS,UPI,DEV0298
1107,86,66,2024-09-08 14:54:51,706.39,SUCCESS,UPI,DEV0227
1108,73,17,2024-02-02 06:52:57,0.0,FAILED,WALLET,DEV0255
1109,192,42,2024-12-28 12:27:15,3680.12,SUCCESS,CARD,DEV0265
1110,176,47,2024-11-24 09:49:32,2931.67,SUCCESS,UPI,DEV0373
1111,58,80,2024-01-22 09:11:34,0.0,SUCCESS,WALLET,DEV0278
1112,167,32,2024-11-22 05:52:58,1404.95,SUCCESS,WALLET,DEV0173
1113,17,61,2024-08-23 08:50:56,1880.53,SUCCESS,UPI,DEV0329
1114,88,52,2024-05-10 22:28:06,1972.61,SUCCESS,WALLET,DEV0194
1115,33,40,2024-02-07 22:02:15,2960.67,SUCCESS,CARD,DEV0235
1116,79,6,2024-09-07 20:02:54,4971.12,SUCCESS,UPI,DEV0019
1117,51,66,2024-04-22 18:30:07,3348.02,FAILED,WALLET,DEV0434
1118,87,57,2024-09-12 14:36:48,4211.2,SUCCESS,UPI,DEV0284
1119,78,49,2024-04-11 14:54:00,4932.97,SUCCESS,UPI,DEV0091
1120,125,23,2024-03-26 18:07:35,0.0,SUCCESS,WALLET,DEV0051
1121,188,8,2024-09-26 16:28:27,42.08,SUCCESS,UPI,DEV0172
1122,140,66,2024-02-10 03:28:38,5928.02,SUCCESS,CARD,DEV0255
1123,137,47,2024-07-03 11:21:31,239.76,SUCCESS,UPI,DEV0274
1124,105,49,2024-05-13 00:20:40,0.0,SUCCESS,CARD,DEV0392
1125,198,45,2024-08-08 16:11:19,0.0,SUCCESS,CARD,DEV0434
1126,103,17,2024-10-03 02:50:19,417.57,SUCCESS,WALLET,DEV0313
1127,97,54,2024-01-22 23:48:14,2027.26,SUCCESS,WALLET,DEV0316
1128,164,72,2024-11-25 03:10:15,2749.06,SUCCESS,CARD,DEV0118
1129,57,38,2024-09-16 00:25:24,1529.87,SUCCESS,UPI,DEV0446
1130,70,66,2024-08-15 00:36:14,5715.56,SUCCESS,UPI,DEV0176
1131,189,25,2024-11-23 12:45:46,0.0,SUCCESS,CARD,DEV0238
1132,59,23,2024-01-19 15:19:09,4691.0,SUCCESS,UPI,DEV0374
1133,14,45,2024-06-03 03:14:01,2431.19,SUCCESS,CARD,DEV0317
1134,68,25,2024-08-07 17:23:33,0.0,SUCCESS,CARD,DEV0347
1135,168,70,2024-06-14 00:54:27,1313.73,SUCCESS,CARD,DEV0300
1136,3,60,2024-12-17 01:28:07,0.0,FAILED,WALLET,DEV0423
1137,66,7,2025-01-16 09:23:12,0.0,SUCCESS,WALLET,DEV0441
1138,24,7,2024-04-03 04:39:41,3882.57,SUCCESS,WALLET,DEV0445
1139,54,22,2024-06-28 01:01:40,0.0,SUCCESS,UPI,DEV0297
1140,87,4,2024-02-25 04:08:44,1928.08,SUCCESS,CARD,DEV0169
1141,194,72,2024-12-14 17:29:51,3569.46,SUCCESS,CARD,DEV0302
1142,2,14,2024-05-31 16:04:46,0.0,SUCCESS,UPI,DEV0064
1143,140,59,2024-06-13 06:39:32,4361.34,FAILED,WALLET,DEV0288
1144,36,54,2024-04-15 20:42:05,3312.91,SUCCESS,CARD,DEV0252
1145,32,10,2024-05-31 22:40:39,0.0,FAILED,UPI,DEV0068
1146,16,24,2024-04-24 06:12:23,0.0,SUCCESS,UPI,DEV0202
1147,63,76,2024-06-11 08:37:34,0.0,FAILED,UPI,DEV0099
1148,173,31,2025-01-17 06:38:14,1238.31,SUCCESS,CARD,DEV0088
1149,23,17,2024-05-19 08:06:04,1840.41,SUCCESS,WALLET,DEV0280
1150,94,80,2024-12-29 06:39:55,1610.97,SUCCESS,WALLET,DEV0119
1151,51,29,2025-01-16 10:37:18,2574.72,SUCCESS,WALLET,DEV0345
1152,118,65,2024-04-26 21:41:31,5589.08,SUCCESS,UPI,DEV0270
1153,131,59,2024-08-03 15:08:16,4658.58,SUCCESS,UPI,DEV0349
1154,3,28,2024-06-29 14:47:26,0.0,SUCCESS,CARD,DEV0301
1155,31,62,2024-05-11 14:27:40,4395.82,SUCCESS,WALLET,DEV0180
1156,22,34,2024-02-01 09:04:54,0.0,SUCCESS,UPI,DEV0448
1157,95,75,2024-05-01 12:33:49,1545.28,SUCCESS,UPI,DEV0124
1158,167,40,2024-05-02 15:14:45,2555.15,FAILED,WALLET,DEV0262
1159,31,15,2025-01-06 19:01:56,406.05,PENDING,UPI,DEV0417
1160,108,80,2024-10-07 23:10:55,1203.34,SUCCESS,CARD,DEV0343
1161,12,30,2024-10-22 01:53:50,0.0,FAILED,WALLET,DEV0181
1162,47,52,2024-08-23 11:26:27,503.57,FAILED,CARD,DEV0318
1163,171,39,2024-05-23 16:43:47,0.0,SUCCESS,UPI,DEV0396
1164,55,7,2024-04-21 22:12:55,0.0,SUCCESS,CARD,DEV0237
1165,197,16,2024-05-29 03:07:42,1135.76,SUCCESS,UPI,DEV0183
1166,194,37,2024-05-03 04:02:26,838.97,SUCCESS,WALLET,DEV0407
1167,155,29,2024-08-03 04:49:18,1986.26,SUCCESS,UPI,DEV0335
1168,178,3,2024-10-11 19:14:12,5696.21,FAILED,CARD,DEV0027
1169,56,6,2024-07-26 19:48:09,0.0,SUCCESS,CARD,DEV0129
1170,32,66,2024-01-11 03:38:28,2843.32,PENDING,WALLET,DEV0349
1171,144,25,2025-01-28 05:59:29,0.0,SUCCESS,UPI,DEV0101
1172,28,55,2024-11-07 15:37:09,3439.98,SUCCESS,CARD,DEV0276
1173,95,23,2024-03-19 15:04:36,2631.35,SUCCESS,WALLET,DEV0016
1174,9,30,2024-07-25 02:59:21,0.0,SUCCESS,WALLET,DEV0332
1175,146,4,2025-01-06 09:34:20,4473.03,SUCCESS,UPI,DEV0099
1176,162,68,2024-07-18 12:24:34,6522.99,SUCCESS,CARD,DEV0238
1177,81,25,2024-08-07 22:04:45,3659.25,SUCCESS,WALLET,DEV0209
1178,188,35,2024-03-26 06:45:09,3192.37,SUCCESS,WALLET,DEV0007
1179,188,29,2024-05-20 04:18:20,0.0,SUCCESS,CARD,DEV0270
1180,74,70,2024-01-06 21:29:35,0.0,SUCCESS,UPI,DEV0227
1181,30,36,2024-12-17 23:17:17,0.0,SUCCESS,CARD,DEV0125
1182,169,79,2024-08-26 15:56:26,1806.94,SUCCESS,CARD,DEV0447
1183,6,9,2024-11-22 20:06:40,0.0,SUCCESS,WALLET,DEV0004
1184,178,28,2024-08-05 06:28:20,2545.74,SUCCESS,UPI,DEV0138
1185,13,10,2024-12-12 07:52:44,3919.63,SUCCESS,UPI,DEV0254
1186,33,5,2024-12-29 19:51:50,1033.9,SUCCESS,WALLET,DEV0162
1187,103,16,2024-08-24 09:36:52,0.0,SUCCESS,UPI,DEV0007
1188,101,65,2024-12-10 16:41:24,515.11,SUCCESS,CARD,DEV0205
1189,21,23,2025-01-09 12:41:38,0.0,SUCCESS,UPI,DEV0212
1190,169,10,2024-05-15 21:37:11,3156.31,SUCCESS,WALLET,DEV0310
1191,63,22,2024-04-19 15:50:24,1735.82,FAILED,CARD,DEV0122
1192,26,71,2025-01-08 19:47:16,0.0,SUCCESS,UPI,DEV0399
1193,95,63,2024-09-08 18:09:45,1966.04,SUCCESS,CARD,DEV0135
1194,161,59,2024-08-19 20:24:53,744.83,SUCCESS,CARD,DEV0279
1195,39,6,2025-01-13 11:38:59,2136.62,PENDING,UPI,DEV0142
1196,50,47,2024-05-23 03:53:06,0.0,SUCCESS,CARD,DEV0040
1197,149,38,2024-06-12 14:30:29,230.43,SUCCESS,WALLET,DEV0053
1198,97,30,2024-03-18 06:49:07,0.0,SUCCESS,WALLET,DEV0393
1199,163,14,2024-02-09 12:22:05,1037.65,SUCCESS,WALLET,DEV0023
1200,65,62,2024-04-16 22:09:20,1533.1,FAILED,WALLET,DEV0118
1201,24,12,2024-12-05 20:14:13,2076.15,FAILED,WALLET,DEV0262
1202,120,28,2024-06-16 20:29:11,2538.3,SUCCESS,CARD,DEV0185
1203,33,18,2024-11-25 06:41:24,1763.06,SUCCESS,WALLET,DEV0113
1204,183,29,2024-07-18 10:16:11,4679.45,FAILED,CARD,DEV0164
1205,176,29,2024-09-26 16:20:31,710.4,FAILED,WALLET,DEV0205
1206,114,47,2024-01-27 04:37:52,0.0,SUCCESS,WALLET,DEV0094
1207,89,10,2024-07-14 19:58:07,3801.29,SUCCESS,UPI,DEV0412
1208,158,67,2024-01-30 05:16:32,2009.79,SUCCESS,UPI,DEV0080
1209,192,9,2024-05-04 04:20:56,2676.17,SUCCESS,CARD,DEV0147
1210,50,35,2024-08-30 18:15:41,3592.28,SUCCESS,CARD,DEV0099
1211,34,49,2024-10-28 15:53:44,0.0,SUCCESS,WALLET,DEV0393
1212,114,21,2025-01-31 09:37:45,4442.57,SUCCESS,CARD,DEV0390
1213,116,53,2024-06-19 04:21:30,25.07,SUCCESS,CARD,DEV0294
1214,105,40,2024-01-06 06:35:48,4442.96,SUCCESS,WALLET,DEV0200
1215,170,22,2024-02-06 05:02:45,3606.85,SUCCESS,UPI,DEV0122
1216,128,49,2024-03-26 20:03:45,1897.76,SUCCESS,WALLET,DEV0104
1217,109,26,2024-10-23 08:28:25,5907.9,SUCCESS,UPI,DEV0236
1218,179,45,2024-05-25 10:49:06,0.0,SUCCESS,WALLET,DEV0015
1219,152,38,2024-12-29 18:58:32,0.0,SUCCESS,CARD,DEV0006
1220,52,62,2024-10-01 17:44:05,0.0,SUCCESS,UPI,DEV0272
1221,168,10,2024-04-17 10:16:27,1547.49,SUCCESS,UPI,DEV0147
1222,169,32,2024-02-08 22:02:37,1953.38,SUCCESS,CARD,DEV0131
1223,162,33,2024-08-19 14:19:32,0.0,SUCCESS,UPI,DEV0143
1224,11,52,2024-01-29 10:30:47,1233.59,SUCCESS,CARD,DEV0401
1225,80,34,2024-02-17 13:10:11,2580.7,SUCCESS,CARD,DEV0306
1226,33,28,2024-04-22 09:17:03,0.0,SUCCESS,WALLET,DEV0218
1227,170,36,2025-01-08 14:08:33,0.0,SUCCESS,UPI,DEV0279
1228,112,37,2024-09-22 08:08:54,0.0,SUCCESS,WALLET,DEV0424
1229,189,14,2024-03-06 04:57:54,1705.91,SUCCESS,WALLET,DEV0023
1230,179,34,2024-01-20 19:09:17,0.0,SUCCESS,CARD,DEV0131
1231,177,35,2024-12-25 16:28:45,1166.18,SUCCESS,WALLET,DEV0352
1232,96,6,2024-05-05 23:06:07,4227.98,SUCCESS,CARD,DEV0389
1233,153,80,2024-01-19 21:49:24,0.0,SUCCESS,UPI,DEV0301
1234,141,10,2024-07-15 08:58:31,0.0,SUCCESS,WALLET,DEV0037
1235,142,79,2024-09-25 03:11:30,2523.13,FAILED,CARD,DEV0007
1236,112,27,2025-01-10 12:26:42,1108.63,SUCCESS,UPI,DEV0272
1237,123,52,2024-05-23 10:55:52,35.47,SUCCESS,WALLET,DEV0057
1238,46,48,2024-02-19 07:09:52,1369.55,SUCCESS,CARD,DEV0393
1239,78,63,2024-01-07 05:32:46,1983.26,SUCCESS,CARD,DEV0223
1240,55,5,2024-11-10 21:28:34,2330.25,SUCCESS,WALLET,DEV0127
1241,159,7,2024-09-28 08:32:28,493.26,PENDING,UPI,DEV0295
1242,94,36,2024-01-24 13:05:06,2094.7,SUCCESS,UPI,DEV0272
1243,119,41,2024-06-25 16:14:43,2619.27,SUCCESS,UPI,DEV0156
1244,138,41,2024-05-24 11:13:02,538.38,SUCCESS,UPI,DEV0087
1245,179,45,2024-01-12 16:37:12,0.0,SUCCESS,WALLET,DEV0200
1246,61,51,2024-08-19 04:23:17,0.0,SUCCESS,WALLET,DEV0226
1247,168,7,2024-06-21 23:04:10,103.44,SUCCESS,CARD,DEV0362
1248,60,53,2024-07-26 12:34:39,4540.11,SUCCESS,UPI,DEV0266
1249,82,41,2024-04-09 12:10:48,1667.73,SUCCESS,WALLET,DEV0305
1250,24,3,2024-11-28 14:59:20,0.0,SUCCESS,WALLET,DEV0124
1251,100,72,2024-05-12 22:18:20,2262.62,SUCCESS,WALLET,DEV0432
1252,20,8,2024-03-29 01:39:43,3294.76,SUCCESS,UPI,DEV0208
1253,6,31,2024-04-01 17:48:12,1312.03,SUCCESS,UPI,DEV0365
1254,13,39,2024-03-28 12:42:33,111.18,SUCCESS,WALLET,DEV0036
1255,157,64,2024-07-05 14:04:07,811.87,SUCCESS,UPI,DEV0118
1256,135,44,2024-06-17 21:12:36,0.0,FAILED,WALLET,DEV0250
1257,114,46,2024-10-05 17:34:38,0.0,SUCCESS,WALLET,DEV0231
1258,191,23,2024-07-16 21:38:50,2932.16,SUCCESS,WALLET,DEV0094
1259,132,59,2024-06-29 22:06:28,2925.42,SUCCESS,CARD,DEV0177
1260,27,31,2024-12-02 15:38:02,367.02,SUCCESS,CARD,DEV0056
1261,117,15,2024-11-05 08:19:43,0.0,SUCCESS,UPI,DEV0428
1262,138,49,2024-06-15 00:57:48,3491.34,SUCCESS,UPI,DEV0003
1263,78,64,2024-04-01 20:59:49,0.0,SUCCESS,CARD,DEV0212
1264,48,23,2024-10-02 16:57:48,57.85,SUCCESS,UPI,DEV0317
1265,169,31,2024-08-18 14:52:15,1249.78,PENDING,WALLET,DEV0368
1266,144,79,2024-09-01 00:19:39,1301.6,FAILED,WALLET,DEV0219
1267,166,21,2024-12-02 14:31:13,1475.05,SUCCESS,CARD,DEV0303
1268,48,75,2024-01-28 16:49:52,3518.39,SUCCESS,WALLET,DEV0282
1269,1,67,2024-01-15 10:11:20,5240.78,FAILED,UPI,DEV0134
1270,158,20,2024-10-02 23:42:06,1931.21,SUCCESS,WALLET,DEV0063
1271,168,57,2024-10-28 03:22:00,2498.5,SUCCESS,WALLET,DEV0121
1272,53,42,2024-11-01 01:48:45,5062.93,SUCCESS,UPI,DEV0311
1273,167,39,2025-01-04 04:19:57,3727.07,SUCCESS,UPI,DEV0364
1274,65,21,2024-09-30 00:10:19,3167.63,FAILED,UPI,DEV0374
1275,161,62,2024-07-18 21:11:09,4283.67,SUCCESS,UPI,DEV0359
1276,137,6,2024-02-11 15:51:17,1967.29,FAILED,WALLET,DEV0450
1277,31,23,2025-01-24 17:37:42,6.71,SUCCESS,CARD,DEV0057
1278,161,64,2024-01-02 20:07:44,2356.58,SUCCESS,CARD,DEV0095
1279,57,33,2024-06-03 23:27:27,1308.23,SUCCESS,UPI,DEV0131
1280,12,17,2024-01-17 18:48:30,6323.39,SUCCESS,WALLET,DEV0114
1281,169,69,2024-01-08 08:12:27,1646.14,SUCCESS,CARD,DEV0063
1282,186,70,2024-07-31 18:25:40,0.0,SUCCESS,WALLET,DEV0034
1283,197,10,2024-07-05 03:56:31,3723.5,SUCCESS,WALLET,DEV0247
1284,61,71,2024-10-04 05:10:57,4051.2,SUCCESS,UPI,DEV0226
1285,168,12,2024-05-26 17:10:34,0.0,SUCCESS,UPI,DEV0416
1286,102,15,2024-11-22 13:17:32,314.12,PENDING,CARD,DEV0283
1287,66,66,2024-11-06 18:12:54,2691.01,SUCCESS,CARD,DEV0092
1288,106,79,2024-11-05 19:35:30,524.98,SUCCESS,UPI,DEV0439
1289,108,18,2024-10-30 02:40:41,2035.37,FAILED,CARD,DEV0341
1290,24,71,2025-01-29 08:42:32,0.0,SUCCESS,CARD,DEV0235
1291,152,78,2024-12-30 14:53:10,2156.15,SUCCESS,WALLET,DEV0075
1292,103,65,2024-12-16 11:55:37,2745.6,SUCCESS,WALLET,DEV0357
1293,9,41,2024-10-11 02:34:54,161.15,SUCCESS,UPI,DEV0072
1294,93,9,2024-10-12 11:53:14,3361.18,SUCCESS,UPI,DEV0405
1295,139,33,2024-09-17 22:46:23,359.57,SUCCESS,WALLET,DEV0316
1296,1,66,2024-02-20 14:11:00,736.34,FAILED,WALLET,DEV0421
1297,38,26,2024-03-15 08:51:02,1819.93,SUCCESS,CARD,DEV0022
1298,79,19,2024-07-06 15:00:48,0.0,SUCCESS,CARD,DEV0322
1299,86,1,2024-07-02 15:30:02,4395.06,SUCCESS,CARD,DEV0292
1300,187,43,2024-07-23 08:46:15,0.0,SUCCESS,WALLET,DEV0263
1301,161,41,2024-06-06 23:54:21,2121.09,FAILED,WALLET,DEV0198
1302,141,54,2024-03-14 18:12:23,3915.96,FAILED,CARD,DEV0398
1303,137,21,2024-01-30 21:52:33,3503.24,FAILED,UPI,DEV0301
1304,53,57,2024-03-16 18:08:18,835.19,SUCCESS,CARD,DEV0001
1305,112,43,2024-02-27 19:23:21,1831.29,SUCCESS,CARD,DEV0286
1306,136,79,2024-07-18 17:43:20,0.0,SUCCESS,UPI,DEV0301
1307,175,46,2024-07-10 02:42:38,848.35,SUCCESS,CARD,DEV0433
1308,155,3,2024-12-18 03:44:37,0.0,SUCCESS,UPI,DEV0406
1309,160,21,2024-10-01 09:59:22,205.68,SUCCESS,CARD,DEV0326
1310,137,63,2024-11-02 13:08:12,4110.07,SUCCESS,WALLET,DEV0449
1311,182,80,2024-04-17 12:35:34,3168.81,SUCCESS,CARD,DEV0379
1312,22,37,2024-12-18 18:49:07,2902.48,SUCCESS,WALLET,DEV0272
1313,161,80,2024-11-21 19:55:16,416.31,SUCCESS,WALLET,DEV0014
1314,145,15,2025-01-08 07:53:44,1845.79,SUCCESS,WALLET,DEV0228
1315,133,28,2024-11-26 23:14:30,42.54,SUCCESS,CARD,DEV0059
1316,14,33,2024-02-21 14:15:07,0.0,FAILED,CARD,DEV0207
1317,118,11,2024-09-23 05:24:00,9.43,SUCCESS,WALLET,DEV0272
1318,18,46,2024-08-03 03:11:38,0.0,SUCCESS,CARD,DEV0396
1319,177,72,2024-05-05 04:58:01,0.0,SUCCESS,UPI,DEV0291
1320,15,22,2024-12-10 18:11:06,3024.11,FAILED,UPI,DEV0216
1321,41,13,2024-07-04 03:26:23,0.0,SUCCESS,WALLET,DEV0241
1322,158,44,2024-02-29 05:22:54,1860.14,SUCCESS,WALLET,DEV0113
1323,130,72,2024-05-07 09:03:51,581.9,SUCCESS,CARD,DEV0417
1324,14,44,2024-07-23 04:24:23,0.0,PENDING,UPI,DEV0285
1325,158,19,2024-08-23 11:16:28,2645.52,SUCCESS,UPI,DEV0085
1326,103,46,2024-10-25 00:09:51,3388.14,SUCCESS,WALLET,DEV0251
1327,11,40,2024-04-29 16:46:53,357.36,SUCCESS,UPI,DEV0432
1328,6,22,2024-03-15 07:06:39,0.0,SUCCESS,UPI,DEV0341
1329,198,72,2024-10-24 02:39:06,3903.07,SUCCESS,CARD,DEV0185
1330,180,17,2024-05-08 13:29:22,1741.5,SUCCESS,WALLET,DEV0209
1331,151,11,2024-01-28 19:39:26,1384.32,SUCCESS,CARD,DEV0193
1332,128,73,2024-07-02 03:45:17,2819.31,SUCCESS,WALLET,DEV0438
1333,161,9,2025-01-13 15:21:27,502.61,SUCCESS,WALLET,DEV0125
1334,183,77,2024-11-08 09:47:31,462.9,SUCCESS,CARD,DEV0219
1335,86,29,2024-08-23 11:08:41,1506.6,PENDING,CARD,DEV0180
1336,60,6,2024-09-19 21:41:25,717.95,SUCCESS,WALLET,DEV0158
1337,123,51,2024-12-25 14:25:39,3909.93,SUCCESS,CARD,DEV0290
1338,179,14,2024-02-27 12:50:52,972.26,SUCCESS,WALLET,DEV0122
1339,15,61,2024-06-15 18:14:53,0.0,FAILED,WALLET,DEV0238
1340,122,27,2024-01-18 16:36:50,0.0,SUCCESS,UPI,DEV0313
1341,56,14,2024-11-04 20:55:59,6461.9,SUCCESS,UPI,DEV0158
1342,153,14,2024-08-02 17:58:31,2862.47,SUCCESS,CARD,DEV0263
1343,147,25,2024-03-25 16:37:59,0.0,SUCCESS,CARD,DEV0375
1344,49,58,2024-08-26 05:52:35,1326.85,SUCCESS,WALLET,DEV0239
1345,101,28,2024-04-04 19:16:24,455.82,FAILED,WALLET,DEV0092
1346,133,80,2024-12-14 02:45:22,1896.16,SUCCESS,CARD,DEV0134
1347,65,22,2024-03-26 19:59:15,3669.15,SUCCESS,CARD,DEV0069
1348,55,63,2025-01-21 04:35:46,2648.16,SUCCESS,WALLET,DEV0360
1349,162,20,2024-11-12 05:27:35,0.0,SUCCESS,WALLET,DEV0433
1350,4,21,2025-01-12 00:39:35,2192.15,SUCCESS,UPI,DEV0360
1351,74,17,2024-01-08 22:02:14,5235.68,SUCCESS,CARD,DEV0219
1352,47,57,2024-07-06 21:39:53,0.0,SUCCESS,WALLET,DEV0257
1353,2,33,2024-12-29 11:28:13,2189.45,SUCCESS,CARD,DEV0045
1354,141,55,2024-05-02 17:36:48,0.0,SUCCESS,WALLET,DEV0243
1355,54,11,2024-02-27 05:00:13,0.0,SUCCESS,CARD,DEV0167
1356,148,55,2024-03-31 00:56:40,0.0,SUCCESS,CARD,DEV0300
1357,102,39,2024-03-14 08:37:06,2518.86,SUCCESS,CARD,DEV0154
1358,148,76,2024-04-03 17:02:22,205.77,SUCCESS,CARD,DEV0118
1359,196,2,2024-05-13 08:02:22,0.0,SUCCESS,UPI,DEV0144
1360,198,57,2024-07-30 10:04:33,734.43,FAILED,WALLET,DEV0177
1361,54,33,2024-10-22 02:17:08,688.14,SUCCESS,WALLET,DEV0130
1362,48,53,2024-07-11 20:23:29,830.05,SUCCESS,CARD,DEV0222
1363,81,62,2024-07-14 06:04:18,0.0,SUCCESS,CARD,DEV0085
1364,174,19,2025-01-29 10:40:09,1517.65,SUCCESS,UPI,DEV0140
1365,1,59,2024-12-14 16:49:43,1616.19,PENDING,UPI,DEV0014
1366,195,9,2024-12-18 11:09:10,0.0,SUCCESS,CARD,DEV0441
1367,17,12,2024-12-25 06:19:40,1924.26,SUCCESS,UPI,DEV0293
1368,95,35,2024-12-24 04:32:12,1841.27,SUCCESS,CARD,DEV0149
1369,53,19,2024-04-08 13:40:51,1955.87,SUCCESS,WALLET,DEV0370
1370,19,73,2024-08-06 18:09:56,1628.27,FAILED,CARD,DEV0041
1371,148,52,2024-03-22 14:07:45,978.31,SUCCESS,UPI,DEV0388
1372,198,11,2024-03-12 16:49:20,0.0,PENDING,CARD,DEV0099
1373,9,7,2024-06-03 20:50:14,0.0,FAILED,WALLET,DEV0405
1374,58,39,2024-06-29 10:12:13,3972.22,SUCCESS,CARD,DEV0302
1375,129,74,2024-07-17 10:37:10,3426.48,SUCCESS,CARD,DEV0279
1376,38,75,2024-11-01 04:16:27,690.07,FAILED,CARD,DEV0437
1377,145,65,2024-11-15 05:21:03,1552.25,SUCCESS,CARD,DEV0071
1378,43,71,2024-07-15 12:17:28,0.0,SUCCESS,WALLET,DEV0336
1379,121,9,2024-11-08 07:04:53,2895.75,SUCCESS,WALLET,DEV0201
1380,122,45,2024-10-10 13:31:09,2949.64,SUCCESS,UPI,DEV0208
1381,90,16,2024-06-08 01:13:45,1400.39,SUCCESS,WALLET,DEV0096
1382,55,49,2024-04-19 01:28:21,2553.84,SUCCESS,CARD,DEV0271
1383,52,69,2024-06-21 09:27:15,344.72,SUCCESS,WALLET,DEV0177
1384,86,4,2024-03-10 17:28:03,0.0,SUCCESS,WALLET,DEV0025
1385,160,27,2024-11-04 14:52:42,2113.7,SUCCESS,CARD,DEV0151
1386,195,76,2024-09-20 02:14:59,772.53,FAILED,WALLET,DEV0096
1387,55,20,2024-04-14 23:02:07,153.44,SUCCESS,CARD,DEV0286
1388,183,10,2024-08-22 09:49:59,2224.36,SUCCESS,CARD,DEV0114
1389,125,72,2024-09-07 16:33:29,1237.72,SUCCESS,CARD,DEV0237
1390,152,20,2024-08-19 06:09:54,2857.42,SUCCESS,WALLET,DEV0032
1391,126,67,2025-01-28 12:53:49,0.0,SUCCESS,CARD,DEV0154
1392,200,78,2024-04-01 11:06:26,12.56,SUCCESS,UPI,DEV0339
1393,88,38,2024-08-20 22:25:59,0.0,SUCCESS,UPI,DEV0125
1394,196,60,2025-01-05 13:04:38,3294.66,FAILED,WALLET,DEV0352
1395,159,18,2024-06-21 23:11:19,952.54,SUCCESS,WALLET,DEV0339
1396,102,28,2024-07-29 19:02:22,3729.96,SUCCESS,WALLET,DEV0132
1397,170,65,2024-08-09 19:13:26,3171.97,FAILED,UPI,DEV0077
1398,85,37,2024-12-14 21:09:52,3273.43,SUCCESS,UPI,DEV0110
1399,56,30,2024-12-04 04:58:21,0.0,SUCCESS,CARD,DEV0447
1400,58,75,2024-07-15 16:22:36,1772.17,SUCCESS,UPI,DEV0368
1401,124,46,2025-01-25 15:10:11,771.17,SUCCESS,WALLET,DEV0382
1402,132,23,2024-06-13 00:43:17,412.3,SUCCESS,UPI,DEV0162
1403,180,25,2024-12-19 08:03:12,1663.41,SUCCESS,UPI,DEV0331
1404,170,71,2024-06-26 00:27:54,0.0,SUCCESS,CARD,DEV0362
1405,117,18,2024-11-04 04:06:27,1837.87,SUCCESS,WALLET,DEV0381
1406,63,46,2024-11-10 23:08:59,0.0,SUCCESS,WALLET,DEV0450
1407,193,11,2024-08-29 23:24:42,742.04,SUCCESS,WALLET,DEV0266
1408,137,28,2024-10-02 01:02:54,3006.92,SUCCESS,WALLET,DEV0025
1409,28,9,2024-03-22 18:06:22,0.0,SUCCESS,UPI,DEV0244
1410,166,7,2024-02-16 04:34:16,0.0,SUCCESS,CARD,DEV0435
1411,173,4,2024-10-09 14:31:57,4284.27,SUCCESS,CARD,DEV0317
1412,32,22,2024-02-08 04:18:21,392.72,FAILED,CARD,DEV0014
1413,107,45,2024-06-18 23:06:32,0.0,SUCCESS,UPI,DEV0320
1414,90,26,2024-08-09 23:16:10,257.41,SUCCESS,WALLET,DEV0116
1415,33,37,2024-02-29 02:24:00,2199.13,FAILED,WALLET,DEV0267
1416,133,74,2025-01-01 22:46:06,3520.91,SUCCESS,CARD,DEV0244
1417,153,5,2024-07-21 12:32:26,3418.88,SUCCESS,UPI,DEV0033
1418,110,35,2024-03-15 16:03:52,2292.5,SUCCESS,WALLET,DEV0187
1419,134,29,2024-07-22 05:05:45,6712.5,SUCCESS,WALLET,DEV0355
1420,137,71,2024-12-11 01:55:10,2621.48,FAILED,CARD,DEV0421
1421,170,71,2024-07-02 01:56:56,0.0,SUCCESS,WALLET,DEV0168
1422,172,20,2024-07-14 00:04:09,4912.26,SUCCESS,UPI,DEV0118
1423,64,10,2025-01-21 00:19:16,0.0,PENDING,WALLET,DEV0096
1424,98,6,2024-02-15 00:28:16,3833.46,SUCCESS,WALLET,DEV0222
1425,191,11,2024-12-20 08:09:45,643.4,SUCCESS,WALLET,DEV0055
1426,164,60,2024-02-26 04:35:42,835.8,SUCCESS,CARD,DEV0286
1427,37,1,2024-03-20 11:42:32,344.47,SUCCESS,WALLET,DEV0227
1428,158,41,2024-09-21 23:18:33,3866.22,SUCCESS,WALLET,DEV0095
1429,162,58,2024-04-30 02:34:50,1912.56,SUCCESS,WALLET,DEV0176
1430,72,10,2025-01-08 01:23:47,319.8,SUCCESS,UPI,DEV0147
1431,180,27,2024-07-17 00:50:34,4871.72,SUCCESS,CARD,DEV0170
1432,117,63,2024-05-22 23:32:36,194.92,SUCCESS,UPI,DEV0111
1433,135,29,2024-03-09 06:54:38,2664.24,SUCCESS,UPI,DEV0313
1434,165,66,2024-09-14 02:00:11,2160.03,SUCCESS,UPI,DEV0429
1435,73,38,2024-06-16 12:39:23,0.0,SUCCESS,CARD,DEV0447
1436,8,19,2024-08-23 07:18:54,3669.32,FAILED,CARD,DEV0253
1437,176,38,2024-03-30 17:58:44,954.78,SUCCESS,CARD,DEV0404
1438,99,65,2024-05-13 04:15:50,0.0,SUCCESS,WALLET,DEV0195
1439,5,9,2024-09-02 21:33:56,2975.78,SUCCESS,WALLET,DEV0225
1440,22,55,2024-11-18 19:03:09,0.0,FAILED,UPI,DEV0088
1441,55,41,2024-03-30 09:19:01,1533.49,FAILED,CARD,DEV0172
1442,51,74,2024-10-03 09:13:09,836.21,SUCCESS,WALLET,DEV0015
1443,1,11,2024-05-13 05:24:00,0.0,SUCCESS,UPI,DEV0255
1444,10,76,2024-09-09 20:42:26,804.86,SUCCESS,UPI,DEV0385
1445,81,61,2024-12-08 18:14:55,2943.71,SUCCESS,CARD,DEV0291
1446,125,4,2024-06-09 18:15:07,3510.25,SUCCESS,WALLET,DEV0051
1447,143,58,2024-08-19 10:26:46,2567.96,SUCCESS,WALLET,DEV0017
1448,173,3,2024-09-13 01:18:29,0.0,SUCCESS,UPI,DEV0272
1449,126,40,2024-12-07 03:31:11,1013.69,SUCCESS,WALLET,DEV0016
1450,48,2,2024-08-13 11:58:21,2487.16,PENDING,CARD,DEV0064
1451,90,14,2024-11-02 04:50:10,294.05,FAILED,WALLET,DEV0359
1452,199,30,2024-04-13 18:57:46,3508.07,FAILED,WALLET,DEV0341
1453,68,32,2024-09-05 00:37:49,2521.98,SUCCESS,WALLET,DEV0431
1454,170,43,2024-06-13 21:31:57,2626.8,SUCCESS,CARD,DEV0060
1455,81,79,2024-01-21 10:32:56,0.0,SUCCESS,WALLET,DEV0145
1456,161,23,2025-01-15 02:16:43,0.0,FAILED,CARD,DEV0401
1457,138,11,2024-07-23 10:37:35,826.92,PENDING,CARD,DEV0337
1458,46,74,2024-01-18 09:57:57,1219.55,SUCCESS,CARD,DEV0153
1459,183,19,2024-07-04 17:24:45,3916.52,SUCCESS,CARD,DEV0198
1460,5,49,2024-08-13 05:10:48,1123.17,PENDING,UPI,DEV0320
1461,24,78,2024-12-22 00:29:54,1693.37,SUCCESS,WALLET,DEV0370
1462,142,44,2024-06-12 21:04:24,784.26,SUCCESS,UPI,DEV0171
1463,18,47,2024-04-30 16:26:34,1863.2,SUCCESS,CARD,DEV0384
1464,179,20,2024-01-21 18:13:06,1109.47,SUCCESS,UPI,DEV0185
1465,53,57,2025-01-26 07:00:37,934.95,SUCCESS,WALLET,DEV0157
1466,122,10,2024-12-23 20:56:42,0.0,SUCCESS,UPI,DEV0240
1467,156,72,2025-01-08 01:02:03,4845.7,SUCCESS,UPI,DEV0436
1468,88,53,2024-09-20 12:33:37,3049.09,SUCCESS,WALLET,DEV0027
1469,104,44,2024-08-17 18:22:13,2608.58,SUCCESS,CARD,DEV0323
1470,65,4,2025-02-01 17:16:37,908.05,SUCCESS,UPI,DEV0206
1471,21,15,2024-07-19 00:43:12,1495.36,SUCCESS,UPI,DEV0142
1472,89,12,2024-08-23 06:11:41,1668.62,SUCCESS,WALLET,DEV0441
1473,19,71,2024-06-15 06:51:58,0.0,SUCCESS,CARD,DEV0441
1474,122,62,2024-04-08 10:29:54,0.0,SUCCESS,UPI,DEV0060
1475,91,74,2024-08-14 23:40:33,0.0,SUCCESS,CARD,DEV0019
1476,167,36,2025-01-29 19:23:14,2110.3,SUCCESS,UPI,DEV0088
1477,105,33,2024-01-05 00:03:27,1630.47,SUCCESS,UPI,DEV0187
1478,168,49,2024-09-01 01:07:18,1139.63,SUCCESS,WALLET,DEV0393
1479,25,37,2024-06-24 22:55:45,576.6,SUCCESS,UPI,DEV0063
1480,188,73,2024-01-27 23:42:27,3847.51,SUCCESS,UPI,DEV0233
1481,125,26,2024-07-02 21:54:40,1612.87,PENDING,UPI,DEV0261
1482,101,8,2024-09-01 17:37:22,3127.35,SUCCESS,CARD,DEV0068
1483,18,46,2025-01-20 03:39:55,781.09,FAILED,UPI,DEV0356
1484,120,65,2024-12-21 19:44:25,1862.72,SUCCESS,WALLET,DEV0379
1485,63,32,2024-12-25 02:26:43,0.0,FAILED,UPI,DEV0273
1486,114,17,2024-06-23 04:46:12,3712.15,SUCCESS,UPI,DEV0411
1487,10,67,2024-04-22 00:20:08,0.0,FAILED,WALLET,DEV0237
1488,125,36,2024-02-14 10:31:56,3167.83,SUCCESS,WALLET,DEV0303
1489,61,48,2024-03-05 14:12:55,5970.64,SUCCESS,WALLET,DEV0243
1490,187,24,2024-09-02 21:17:48,1951.91,SUCCESS,WALLET,DEV0012
1491,152,73,2024-11-02 19:33:54,3295.94,SUCCESS,UPI,DEV0068
1492,67,26,2025-01-04 19:29:06,2679.05,FAILED,CARD,DEV0090
1493,157,54,2024-09-07 00:50:20,0.0,SUCCESS,UPI,DEV0104
1494,142,10,2024-02-16 21:38:47,32.48,SUCCESS,CARD,DEV0241
1495,99,62,2024-10-10 07:21:49,2847.52,SUCCESS,WALLET,DEV0053
1496,139,48,2024-12-20 16:06:45,2076.3,SUCCESS,CARD,DEV0059
1497,159,64,2024-12-11 11:21:58,4056.28,SUCCESS,CARD,DEV0290
1498,101,39,2024-09-11 06:03:00,3788.57,SUCCESS,WALLET,DEV0386
1499,195,78,2024-12-27 13:12:39,2463.35,SUCCESS,UPI,DEV0381
1500,73,41,2024-03-27 03:32:52,4246.95,SUCCESS,CARD,DEV0073
1501,82,76,2024-04-01 03:51:10,1400.61,SUCCESS,CARD,DEV0027
1502,48,75,2024-07-21 05:58:15,0.0,SUCCESS,WALLET,DEV0070
1503,34,34,2024-02-13 06:34:21,2356.28,SUCCESS,CARD,DEV0163
1504,176,8,2024-07-21 02:13:29,0.0,SUCCESS,WALLET,DEV0048
1505,22,70,2024-06-22 03:02:45,1018.19,SUCCESS,UPI,DEV0441
1506,147,4,2024-11-07 12:53:17,2350.94,SUCCESS,CARD,DEV0324
1507,36,24,2024-02-29 09:44:03,2707.04,FAILED,CARD,DEV0180
1508,26,12,2024-06-13 20:24:51,669.24,FAILED,WALLET,DEV0073
1509,136,57,2024-05-12 12:33:21,0.0,SUCCESS,UPI,DEV0300
1510,167,49,2024-08-17 11:31:40,0.0,SUCCESS,WALLET,DEV0238
1511,10,10,2024-04-04 20:36:20,3506.0,SUCCESS,WALLET,DEV0198
1512,74,14,2024-10-06 09:56:25,6060.57,SUCCESS,CARD,DEV0140
1513,54,16,2025-01-01 22:03:57,1230.43,SUCCESS,CARD,DEV0301
1514,140,40,2024-06-04 01:00:20,0.0,SUCCESS,CARD,DEV0348
1515,56,70,2024-07-05 05:00:25,3739.82,SUCCESS,UPI,DEV0091
1516,27,75,2025-01-03 08:52:15,615.87,SUCCESS,WALLET,DEV0258
1517,186,24,2024-09-08 18:23:22,5314.66,SUCCESS,CARD,DEV0405
1518,66,29,2024-12-16 10:32:02,1265.32,SUCCESS,WALLET,DEV0148
1519,32,34,2024-03-07 00:35:23,1470.38,FAILED,UPI,DEV0300
1520,111,2,2024-06-16 11:12:27,0.0,SUCCESS,UPI,DEV0225
1521,60,10,2024-09-01 11:38:53,0.0,SUCCESS,CARD,DEV0105
1522,20,29,2024-05-30 01:48:59,3552.14,SUCCESS,WALLET,DEV0383
1523,51,36,2024-09-13 20:12:44,2762.53,SUCCESS,UPI,DEV0394
1524,115,72,2025-02-01 14:01:22,4547.62,SUCCESS,WALLET,DEV0327
1525,168,31,2024-09-28 14:37:11,4654.64,SUCCESS,WALLET,DEV0069
1526,27,2,2024-09-07 17:30:27,0.0,SUCCESS,CARD,DEV0005
1527,37,36,2024-05-24 21:55:38,0.0,SUCCESS,WALLET,DEV0127
1528,17,2,2024-03-09 00:03:42,3039.32,FAILED,UPI,DEV0315
1529,119,25,2024-10-21 13:35:15,1598.23,SUCCESS,CARD,DEV0147
1530,162,40,2024-04-20 12:50:59,0.0,SUCCESS,CARD,DEV0214
1531,166,55,2024-10-28 19:32:11,1236.64,SUCCESS,CARD,DEV0057
1532,111,3,2024-03-10 15:13:47,898.58,SUCCESS,UPI,DEV0005
1533,111,21,2024-05-27 02:09:03,0.0,SUCCESS,UPI,DEV0196
1534,89,9,2024-08-16 14:42:31,1380.87,FAILED,WALLET,DEV0160
1535,108,15,2024-08-26 05:45:04,3223.73,SUCCESS,WALLET,DEV0400
1536,99,3,2024-01-29 01:25:57,1689.98,SUCCESS,UPI,DEV0034
1537,151,21,2024-05-20 08:35:49,3695.23,SUCCESS,WALLET,DEV0297
1538,6,41,2024-09-21 17:00:14,548.67,SUCCESS,UPI,DEV0141
1539,181,56,2024-06-21 07:33:15,3929.94,SUCCESS,WALLET,DEV0390
1540,76,76,2024-07-23 22:14:48,942.82,SUCCESS,WALLET,DEV0371
1541,41,74,2024-06-21 04:03:49,0.0,SUCCESS,UPI,DEV0037
1542,90,79,2024-06-14 08:12:42,0.0,SUCCESS,WALLET,DEV0122
1543,136,25,2024-07-06 19:44:23,3305.87,SUCCESS,WALLET,DEV0325
1544,53,69,2024-03-03 05:17:20,52.3,SUCCESS,UPI,DEV0132
1545,175,16,2024-09-11 06:18:17,2391.2,PENDING,UPI,DEV0100
1546,72,42,2024-01-14 15:31:10,3956.47,SUCCESS,UPI,DEV0274
1547,177,8,2024-10-24 12:13:22,3008.51,SUCCESS,WALLET,DEV0140
1548,32,13,2024-07-17 15:41:53,3994.22,SUCCESS,CARD,DEV0449
1549,76,55,2024-06-26 18:56:13,1226.73,SUCCESS,WALLET,DEV0128
1550,200,44,2024-08-23 06:01:53,0.0,SUCCESS,CARD,DEV0339
1551,197,13,2024-08-01 11:27:29,2531.06,SUCCESS,WALLET,DEV0034
1552,135,36,2024-12-09 01:57:52,2740.21,SUCCESS,UPI,DEV0350
1553,141,16,2024-03-11 21:23:13,782.38,SUCCESS,UPI,DEV0034
1554,26,32,2024-09-24 14:34:39,450.84,SUCCESS,CARD,DEV0026
1555,175,30,2024-10-10 18:26:15,999.93,SUCCESS,CARD,DEV0397
1556,3,56,2024-12-22 19:12:11,319.42,SUCCESS,UPI,DEV0370
1557,151,58,2024-05-16 17:10:27,2365.66,SUCCESS,CARD,DEV0221
1558,136,56,2024-09-02 08:16:16,3124.16,FAILED,UPI,DEV0070
1559,23,20,2024-04-13 17:46:22,2295.03,SUCCESS,WALLET,DEV0278
1560,126,2,2025-01-03 06:51:46,3511.62,SUCCESS,UPI,DEV0040
1561,133,54,2024-07-09 17:34:19,916.36,SUCCESS,UPI,DEV0002
1562,88,55,2024-04-23 10:53:55,2636.4,SUCCESS,WALLET,DEV0400
1563,195,29,2024-10-07 00:42:27,2635.18,SUCCESS,CARD,DEV0432
1564,32,5,2024-09-10 05:37:20,1023.08,SUCCESS,WALLET,DEV0093
1565,57,26,2024-10-28 15:46:51,4443.37,SUCCESS,CARD,DEV0248
1566,77,3,2024-04-08 14:27:52,0.0,SUCCESS,CARD,DEV0304
1567,152,24,2024-01-21 22:33:22,1036.03,SUCCESS,UPI,DEV0399
1568,175,73,2024-12-30 16:28:40,3147.82,SUCCESS,CARD,DEV0307
1569,107,69,2024-12-23 02:09:47,4030.16,SUCCESS,WALLET,DEV0218
1570,100,8,2024-02-20 20:20:00,5204.85,SUCCESS,CARD,DEV0037
1571,39,79,2024-09-25 14:06:35,4586.73,FAILED,CARD,DEV0361
1572,47,6,2024-02-01 20:37:38,1064.76,SUCCESS,WALLET,DEV0348
1573,55,40,2024-07-30 10:17:44,0.0,SUCCESS,UPI,DEV0395
1574,7,37,2024-09-17 17:28:03,1926.0,FAILED,UPI,DEV0364
1575,199,31,2024-08-11 10:58:51,3649.76,PENDING,CARD,DEV0424
1576,34,62,2024-09-28 20:34:23,2661.97,SUCCESS,WALLET,DEV0013
1577,123,64,2024-02-07 13:33:28,0.0,SUCCESS,CARD,DEV0153
1578,122,40,2024-12-14 05:29:54,682.93,SUCCESS,UPI,DEV0321
1579,31,71,2024-05-24 01:22:07,738.88,SUCCESS,CARD,DEV0359
1580,178,62,2025-01-20 07:28:49,2416.37,SUCCESS,CARD,DEV0449
1581,179,60,2024-12-14 15:45:10,510.41,SUCCESS,WALLET,DEV0444
1582,138,38,2024-03-15 01:08:29,2069.58,SUCCESS,CARD,DEV0006
1583,46,15,2024-01-19 06:50:22,3141.37,SUCCESS,UPI,DEV0427
1584,86,9,2024-04-23 23:46:43,0.0,PENDING,UPI,DEV0209
1585,140,14,2024-04-08 13:04:10,0.0,PENDING,UPI,DEV0424
1586,89,32,2024-06-25 18:46:53,0.0,SUCCESS,CARD,DEV0230
1587,43,21,2024-10-31 00:21:15,414.91,SUCCESS,CARD,DEV0282
1588,66,61,2024-04-26 23:24:51,1272.33,SUCCESS,CARD,DEV0166
1589,131,14,2024-06-05 14:39:37,0.0,FAILED,WALLET,DEV0126
1590,55,4,2024-11-09 16:56:08,5138.24,SUCCESS,CARD,DEV0126
1591,146,78,2024-03-16 10:59:30,370.68,SUCCESS,WALLET,DEV0010
1592,144,43,2024-04-16 07:00:39,2764.0,SUCCESS,CARD,DEV0439
1593,45,40,2024-12-26 03:23:24,1763.39,SUCCESS,UPI,DEV0143
1594,125,1,2024-08-24 03:19:26,0.0,SUCCESS,UPI,DEV0204
1595,179,66,2024-02-29 04:47:07,0.0,SUCCESS,CARD,DEV0028
1596,62,20,2024-08-26 08:45:57,1619.89,SUCCESS,UPI,DEV0370
1597,60,76,2024-03-30 20:28:20,118.75,SUCCESS,UPI,DEV0197
1598,34,42,2024-07-27 18:28:45,0.0,SUCCESS,UPI,DEV0270
1599,53,62,2024-11-30 20:47:57,61.62,SUCCESS,CARD,DEV0330
1600,167,72,2025-01-23 03:08:06,55.88,SUCCESS,UPI,DEV0139
1601,162,67,2025-01-05 13:17:08,649.03,SUCCESS,WALLET,DEV0277
1602,131,57,2025-01-09 15:23:59,305.29,FAILED,UPI,DEV0138
1603,199,56,2024-03-23 06:45:16,6.78,SUCCESS,CARD,DEV0289
1604,180,45,2024-12-20 01:32:41,573.75,SUCCESS,CARD,DEV0285
1605,101,77,2024-10-09 08:43:53,2196.22,SUCCESS,CARD,DEV0417
1606,39,41,2024-08-21 17:26:54,1198.69,SUCCESS,CARD,DEV0149
1607,177,4,2024-09-18 04:01:50,0.0,SUCCESS,UPI,DEV0239
1608,148,60,2025-01-28 03:54:52,877.99,SUCCESS,WALLET,DEV0278
1609,131,76,2025-01-04 02:11:25,1728.72,SUCCESS,WALLET,DEV0177
1610,146,5,2024-09-02 06:08:29,5842.04,SUCCESS,WALLET,DEV0359
1611,71,12,2024-09-08 07:47:40,0.0,SUCCESS,CARD,DEV0375
1612,94,20,2024-10-09 15:38:00,936.61,SUCCESS,UPI,DEV0236
1613,31,4,2024-08-31 08:50:33,3162.53,SUCCESS,CARD,DEV0181
1614,34,23,2024-05-04 01:42:35,2113.18,SUCCESS,WALLET,DEV0421
1615,41,19,2024-02-04 11:09:28,333.31,SUCCESS,WALLET,DEV0071
1616,95,5,2025-01-27 20:48:54,1839.34,SUCCESS,CARD,DEV0424
1617,178,20,2025-01-19 00:05:36,3182.8,SUCCESS,WALLET,DEV0055
1618,165,70,2024-03-17 17:45:14,2062.21,SUCCESS,UPI,DEV0018
1619,64,69,2024-02-21 13:34:11,0.0,SUCCESS,CARD,DEV0284
1620,83,69,2024-10-05 05:13:37,1732.65,SUCCESS,UPI,DEV0110
1621,65,11,2024-09-18 20:10:59,0.0,SUCCESS,CARD,DEV0052
1622,132,64,2024-12-07 16:08:03,1794.8,SUCCESS,UPI,DEV0287
1623,97,54,2024-12-23 07:36:40,4445.08,SUCCESS,UPI,DEV0360
1624,145,13,2024-02-11 07:34:00,0.0,SUCCESS,WALLET,DEV0156
1625,156,25,2024-02-05 12:21:32,0.0,SUCCESS,WALLET,DEV0111
1626,69,5,2025-01-07 00:20:46,2500.2,SUCCESS,UPI,DEV0304
1627,188,19,2025-01-27 05:48:51,542.87,SUCCESS,UPI,DEV0431
1628,187,50,2025-01-30 04:45:15,640.63,SUCCESS,CARD,DEV0017
1629,115,57,2025-01-14 19:00:45,0.0,SUCCESS,CARD,DEV0319
1630,156,52,2024-08-01 16:38:08,0.0,SUCCESS,WALLET,DEV0188
1631,87,77,2025-01-14 15:54:27,2792.53,SUCCESS,CARD,DEV0017
1632,108,63,2024-08-24 18:16:44,846.19,SUCCESS,CARD,DEV0426
1633,175,39,2024-04-06 04:53:01,2098.02,SUCCESS,UPI,DEV0293
1634,26,46,2025-01-20 22:50:51,0.0,SUCCESS,CARD,DEV0390
1635,180,29,2024-11-01 12:18:39,4844.39,SUCCESS,WALLET,DEV0409
1636,75,4,2024-10-06 02:24:35,0.0,SUCCESS,WALLET,DEV0019
1637,49,79,2024-01-16 01:43:58,3480.99,SUCCESS,UPI,DEV0005
1638,169,58,2025-01-20 18:11:06,1262.31,SUCCESS,UPI,DEV0301
1639,70,14,2024-08-21 01:23:58,422.76,SUCCESS,WALLET,DEV0381
1640,89,66,2024-09-08 10:44:14,669.43,FAILED,WALLET,DEV0197
1641,199,58,2024-01-09 18:52:41,193.92,SUCCESS,CARD,DEV0087
1642,180,58,2024-08-05 10:36:28,0.0,SUCCESS,UPI,DEV0403
1643,122,37,2024-06-20 02:32:36,0.0,SUCCESS,UPI,DEV0352
1644,76,70,2024-02-17 18:17:44,3126.95,SUCCESS,CARD,DEV0374
1645,72,67,2024-03-30 07:26:36,2089.55,SUCCESS,CARD,DEV0169
1646,189,24,2024-08-31 10:38:49,1605.45,SUCCESS,UPI,DEV0254
1647,6,3,2024-07-01 06:53:36,3966.04,SUCCESS,UPI,DEV0091
1648,38,18,2024-01-10 17:20:27,0.0,SUCCESS,CARD,DEV0288
1649,175,2,2024-04-18 18:58:05,675.9,SUCCESS,WALLET,DEV0118
1650,135,47,2024-03-04 10:36:16,2430.79,SUCCESS,CARD,DEV0062
1651,60,33,2024-06-27 08:50:59,5006.58,SUCCESS,CARD,DEV0226
1652,161,16,2024-08-20 05:40:02,2150.39,SUCCESS,CARD,DEV0227
1653,86,40,2024-07-07 16:58:03,0.0,FAILED,WALLET,DEV0240
1654,109,8,2024-02-25 17:45:33,4940.94,SUCCESS,UPI,DEV0433
1655,26,43,2024-11-07 15:08:06,3918.2,SUCCESS,CARD,DEV0243
1656,86,41,2024-03-18 01:34:50,2187.23,SUCCESS,CARD,DEV0270
1657,81,42,2024-06-29 20:33:19,0.0,SUCCESS,WALLET,DEV0412
1658,38,8,2024-04-03 15:43:28,544.02,PENDING,UPI,DEV0115
1659,66,63,2025-01-05 06:45:11,1855.68,PENDING,CARD,DEV0142
1660,199,33,2024-08-25 15:28:10,3137.37,SUCCESS,CARD,DEV0338
1661,186,55,2025-01-09 06:24:10,190.65,SUCCESS,UPI,DEV0390
1662,73,63,2024-03-19 17:43:39,1030.29,SUCCESS,UPI,DEV0011
1663,194,65,2024-09-26 16:19:23,1638.08,SUCCESS,UPI,DEV0058
1664,197,16,2024-12-27 17:24:29,1520.49,SUCCESS,WALLET,DEV0216
1665,69,46,2024-07-16 15:00:43,3907.63,SUCCESS,CARD,DEV0337
1666,145,5,2024-12-19 15:18:32,853.03,SUCCESS,UPI,DEV0116
1667,175,60,2024-09-14 21:54:59,5542.54,SUCCESS,UPI,DEV0108
1668,119,45,2024-01-30 19:30:43,810.77,SUCCESS,UPI,DEV0289
1669,154,13,2024-03-10 14:07:48,2550.94,SUCCESS,CARD,DEV0249
1670,60,42,2024-01-09 03:28:09,4169.25,FAILED,CARD,DEV0037
1671,94,72,2024-09-02 08:25:44,1192.4,SUCCESS,WALLET,DEV0373
1672,23,11,2024-07-15 03:10:11,0.0,SUCCESS,UPI,DEV0272
1673,22,50,2024-05-30 20:52:07,4466.67,SUCCESS,UPI,DEV0041
1674,35,19,2024-03-19 18:36:50,1964.74,SUCCESS,UPI,DEV0059
1675,4,19,2024-07-10 09:43:14,1640.62,SUCCESS,WALLET,DEV0003
1676,67,11,2024-05-27 11:49:43,1319.57,SUCCESS,CARD,DEV0230
1677,158,46,2024-03-29 22:03:39,3373.89,FAILED,WALLET,DEV0393
1678,128,75,2024-10-27 01:53:10,5162.39,SUCCESS,WALLET,DEV0334
1679,20,78,2024-07-04 07:32:33,2031.02,FAILED,CARD,DEV0370
1680,102,63,2024-09-14 11:54:59,1708.83,SUCCESS,CARD,DEV0254
1681,83,79,2024-11-10 17:30:45,4432.05,SUCCESS,CARD,DEV0031
1682,32,8,2024-05-27 10:39:07,2047.68,SUCCESS,UPI,DEV0374
1683,156,37,2024-02-09 18:35:47,1034.85,SUCCESS,UPI,DEV0386
1684,150,77,2025-01-10 16:16:43,4665.95,SUCCESS,WALLET,DEV0047
1685,185,61,2024-03-17 22:25:14,4628.71,SUCCESS,WALLET,DEV0205
1686,13,77,2024-06-13 18:49:33,2876.91,SUCCESS,WALLET,DEV0337
1687,115,27,2024-01-24 13:34:01,0.0,SUCCESS,CARD,DEV0316
1688,163,39,2024-04-21 21:18:23,2703.16,SUCCESS,UPI,DEV0292
1689,15,9,2024-01-22 04:41:44,2247.4,FAILED,UPI,DEV0075
1690,142,80,2024-11-23 13:43:43,0.0,SUCCESS,WALLET,DEV0201
1691,79,12,2024-09-20 02:01:27,3037.59,SUCCESS,UPI,DEV0040
1692,105,57,2024-09-28 15:11:28,1834.66,SUCCESS,UPI,DEV0282
1693,106,3,2024-05-08 01:11:38,2190.21,SUCCESS,UPI,DEV0312
1694,108,50,2024-10-25 13:58:27,6005.5,SUCCESS,UPI,DEV0073
1695,175,66,2024-10-09 08:18:28,2133.26,SUCCESS,CARD,DEV0417
1696,64,76,2024-06-11 19:23:25,1772.6,SUCCESS,WALLET,DEV0421
1697,42,32,2024-01-01 18:43:09,949.74,SUCCESS,UPI,DEV0156
1698,39,24,2024-10-19 03:57:57,3162.95,SUCCESS,UPI,DEV0413
1699,131,46,2024-06-07 09:27:15,773.84,SUCCESS,UPI,DEV0151
1700,174,22,2024-08-22 22:31:12,4065.81,SUCCESS,UPI,DEV0253
1701,30,43,2025-01-19 06:58:52,695.55,SUCCESS,CARD,DEV0315
1702,63,7,2024-11-04 08:04:50,3603.31,SUCCESS,UPI,DEV0440
1703,191,48,2024-02-29 17:32:30,245.24,PENDING,UPI,DEV0196
1704,158,62,2024-08-28 03:58:31,0.0,SUCCESS,WALLET,DEV0087
1705,108,80,2024-01-07 09:15:33,0.0,SUCCESS,UPI,DEV0083
1706,111,55,2024-08-01 10:46:06,2165.31,SUCCESS,CARD,DEV0030
1707,92,2,2024-10-13 01:18:10,2230.05,SUCCESS,UPI,DEV0021
1708,31,66,2024-10-08 22:12:55,805.83,SUCCESS,WALLET,DEV0411
1709,141,31,2024-11-19 00:56:14,5451.13,SUCCESS,UPI,DEV0404
1710,93,36,2025-01-24 15:00:08,1177.62,SUCCESS,WALLET,DEV0384
1711,112,78,2024-04-21 03:11:42,0.0,SUCCESS,WALLET,DEV0313
1712,104,18,2024-10-09 17:23:47,1667.11,SUCCESS,CARD,DEV0050
1713,118,4,2024-08-18 10:04:42,829.67,SUCCESS,WALLET,DEV0405
1714,15,13,2024-12-11 09:30:22,4496.21,SUCCESS,WALLET,DEV0242
1715,137,54,2024-05-30 07:36:06,4718.64,SUCCESS,UPI,DEV0297
1716,52,72,2024-04-24 00:40:52,0.0,SUCCESS,UPI,DEV0374
1717,76,68,2024-07-23 19:47:37,0.0,FAILED,WALLET,DEV0255
1718,191,42,2024-06-01 09:12:29,0.0,SUCCESS,UPI,DEV0018
1719,116,72,2024-02-09 01:56:37,116.79,SUCCESS,UPI,DEV0395
1720,81,40,2024-07-20 18:18:37,2885.82,SUCCESS,UPI,DEV0149
1721,66,64,2024-01-25 13:06:35,1624.78,SUCCESS,WALLET,DEV0338
1722,125,16,2024-09-04 08:13:26,2497.0,SUCCESS,UPI,DEV0315
1723,154,12,2024-08-28 14:03:48,783.4,FAILED,CARD,DEV0184
1724,64,19,2024-07-20 16:58:42,0.0,SUCCESS,CARD,DEV0418
1725,34,46,2024-09-08 14:51:22,0.0,SUCCESS,UPI,DEV0009
1726,110,22,2024-07-12 02:27:29,0.0,SUCCESS,WALLET,DEV0178
1727,10,68,2024-02-25 04:25:50,3277.02,SUCCESS,CARD,DEV0352
1728,164,10,2024-03-23 04:03:50,1312.95,SUCCESS,UPI,DEV0074
1729,30,18,2024-03-28 22:23:09,2934.08,FAILED,CARD,DEV0107
1730,199,13,2024-11-21 21:08:05,963.87,SUCCESS,UPI,DEV0039
1731,13,2,2024-11-05 08:06:02,3731.78,SUCCESS,WALLET,DEV0360
1732,72,73,2024-04-30 21:03:57,0.0,SUCCESS,WALLET,DEV0071
1733,77,29,2024-08-19 11:30:22,2023.07,PENDING,CARD,DEV0374
1734,110,73,2024-12-13 08:42:51,561.07,FAILED,CARD,DEV0432
1735,129,79,2025-01-10 22:53:32,2159.06,SUCCESS,WALLET,DEV0145
1736,82,2,2024-01-30 19:14:25,0.0,SUCCESS,UPI,DEV0246
1737,16,24,2024-06-02 16:26:46,32.92,SUCCESS,CARD,DEV0233
1738,3,24,2024-09-18 03:44:26,0.0,SUCCESS,WALLET,DEV0099
1739,115,6,2024-11-26 02:52:39,1048.34,SUCCESS,UPI,DEV0052
1740,185,9,2025-01-26 23:51:11,132.18,SUCCESS,CARD,DEV0371
1741,150,3,2024-12-06 22:20:59,2261.0,SUCCESS,WALLET,DEV0313
1742,89,76,2024-05-13 06:56:08,2025.26,SUCCESS,CARD,DEV0045
1743,22,36,2024-02-02 06:47:19,3615.23,SUCCESS,WALLET,DEV0406
1744,63,62,2025-01-03 23:43:54,1427.28,SUCCESS,UPI,DEV0091
1745,130,80,2024-05-26 00:46:26,6017.82,SUCCESS,WALLET,DEV0002
1746,169,28,2024-08-15 21:25:21,0.0,FAILED,CARD,DEV0050
1747,171,12,2024-02-10 20:35:58,0.0,FAILED,WALLET,DEV0060
1748,123,60,2024-08-15 12:09:22,0.0,SUCCESS,CARD,DEV0370
1749,151,48,2024-06-26 19:33:32,0.0,SUCCESS,CARD,DEV0390
1750,41,40,2025-01-19 02:23:06,249.54,SUCCESS,CARD,DEV0111
1751,64,3,2024-01-31 21:24:12,1752.34,SUCCESS,UPI,DEV0306
1752,128,38,2024-10-04 05:29:29,0.0,SUCCESS,CARD,DEV0302
1753,81,65,2024-05-10 13:51:28,1303.65,SUCCESS,CARD,DEV0086
1754,108,40,2024-06-23 20:26:42,1372.3,SUCCESS,CARD,DEV0068
1755,41,12,2024-04-10 22:51:33,0.0,SUCCESS,CARD,DEV0398
1756,47,62,2024-01-23 13:50:00,0.0,SUCCESS,CARD,DEV0405
1757,46,26,2024-01-20 22:50:45,1139.62,SUCCESS,UPI,DEV0445
1758,173,70,2025-01-28 20:43:46,0.0,SUCCESS,UPI,DEV0341
1759,108,37,2024-07-12 07:28:12,2345.18,SUCCESS,WALLET,DEV0160
1760,11,49,2024-04-15 17:55:57,1845.15,SUCCESS,CARD,DEV0275
1761,32,3,2024-11-02 15:47:33,1156.02,FAILED,WALLET,DEV0171
1762,96,35,2024-10-07 08:40:41,1631.42,SUCCESS,UPI,DEV0068
1763,30,3,2024-11-19 10:01:48,2905.35,SUCCESS,CARD,DEV0130
1764,166,1,2024-11-26 05:47:30,3587.95,SUCCESS,WALLET,DEV0058
1765,38,58,2024-04-17 01:28:06,382.98,SUCCESS,UPI,DEV0347
1766,42,73,2024-01-24 03:25:22,0.0,FAILED,CARD,DEV0155
1767,100,25,2024-06-09 19:20:49,4033.66,SUCCESS,WALLET,DEV0165
1768,186,51,2024-02-11 17:55:03,15.42,SUCCESS,CARD,DEV0241
1769,176,13,2025-01-10 11:51:33,0.0,SUCCESS,WALLET,DEV0029
1770,151,1,2024-03-20 19:46:05,1691.09,SUCCESS,WALLET,DEV0259
1771,93,55,2024-05-06 17:30:19,213.22,SUCCESS,UPI,DEV0186
1772,99,3,2024-09-21 16:21:18,1268.45,SUCCESS,UPI,DEV0448
1773,171,73,2024-05-12 19:21:55,5786.68,SUCCESS,WALLET,DEV0447
1774,175,72,2024-06-21 04:57:27,1346.5,SUCCESS,CARD,DEV0343
1775,199,3,2024-08-03 13:10:11,2174.94,SUCCESS,CARD,DEV0288
1776,62,80,2024-04-07 06:05:23,0.0,SUCCESS,UPI,DEV0172
1777,114,2,2024-04-07 15:35:15,0.0,SUCCESS,UPI,DEV0075
1778,187,45,2024-07-05 21:22:37,2467.75,FAILED,UPI,DEV0133
1779,178,29,2024-07-03 04:04:43,1440.35,FAILED,UPI,DEV0349
1780,200,1,2024-12-04 13:43:22,0.0,SUCCESS,WALLET,DEV0422
1781,1,8,2024-10-05 19:09:59,350.97,SUCCESS,UPI,DEV0176
1782,9,22,2024-01-28 00:56:48,0.0,SUCCESS,WALLET,DEV0422
1783,183,75,2024-03-15 18:17:36,2439.87,SUCCESS,WALLET,DEV0449
1784,5,17,2024-08-30 22:12:08,0.0,SUCCESS,UPI,DEV0313
1785,176,23,2024-07-02 18:07:09,2743.62,SUCCESS,CARD,DEV0093
1786,100,13,2025-01-31 22:37:55,2550.75,SUCCESS,CARD,DEV0077
1787,52,43,2024-10-30 17:59:19,0.0,SUCCESS,WALLET,DEV0428
1788,191,9,2024-09-26 17:55:19,0.0,FAILED,WALLET,DEV0446
1789,132,71,2024-11-09 23:11:29,0.0,SUCCESS,WALLET,DEV0115
1790,14,61,2024-07-18 18:16:41,1346.33,SUCCESS,UPI,DEV0153
1791,1,37,2024-05-01 02:23:55,1739.82,PENDING,WALLET,DEV0286
1792,56,6,2024-09-29 06:37:26,564.78,SUCCESS,UPI,DEV0176
1793,116,28,2025-01-05 23:37:42,2349.83,SUCCESS,WALLET,DEV0332
1794,190,4,2024-07-01 20:22:03,2085.31,SUCCESS,UPI,DEV0188
1795,24,28,2024-05-28 17:29:37,0.0,SUCCESS,WALLET,DEV0204
1796,178,3,2024-02-15 19:02:45,1678.34,SUCCESS,WALLET,DEV0230
1797,15,21,2024-02-19 09:05:12,1851.69,SUCCESS,UPI,DEV0443
1798,5,31,2024-01-31 08:45:23,0.0,SUCCESS,WALLET,DEV0300
1799,142,60,2024-10-20 04:51:28,0.0,SUCCESS,CARD,DEV0238
1800,40,57,2024-12-26 17:10:18,0.0,FAILED,WALLET,DEV0092
1801,115,8,2024-01-06 15:19:01,0.0,SUCCESS,CARD,DEV0210
1802,164,48,2024-12-29 11:41:12,141.77,FAILED,WALLET,DEV0301
1803,155,70,2024-02-26 10:27:15,2269.15,SUCCESS,WALLET,DEV0247
1804,14,8,2024-05-29 15:59:59,2422.65,SUCCESS,CARD,DEV0115
1805,70,26,2024-01-12 18:36:44,2181.82,SUCCESS,CARD,DEV0010
1806,183,60,2025-01-14 18:54:15,2068.98,SUCCESS,UPI,DEV0232
1807,50,10,2024-03-11 11:28:57,0.0,FAILED,CARD,DEV0183
1808,173,16,2024-01-04 19:49:45,0.0,SUCCESS,UPI,DEV0247
1809,94,19,2025-01-09 11:46:11,1204.65,FAILED,CARD,DEV0179
1810,132,26,2024-12-05 19:11:04,4191.57,SUCCESS,UPI,DEV0098
1811,194,72,2024-01-21 13:22:18,0.0,SUCCESS,UPI,DEV0347
1812,105,1,2025-01-26 12:11:34,2444.12,SUCCESS,UPI,DEV0139
1813,46,67,2024-08-26 00:44:54,0.0,FAILED,UPI,DEV0336
1814,154,14,2024-04-06 18:46:35,3201.14,SUCCESS,CARD,DEV0109
1815,74,67,2024-11-20 10:30:29,2219.01,SUCCESS,WALLET,DEV0312
1816,63,40,2024-04-27 13:59:49,2560.57,SUCCESS,WALLET,DEV0384
1817,73,74,2024-09-19 11:35:06,5842.22,SUCCESS,UPI,DEV0139
1818,106,66,2024-04-26 02:35:05,71.87,SUCCESS,UPI,DEV0223
1819,182,60,2024-10-22 15:07:13,0.0,SUCCESS,WALLET,DEV0108
1820,165,42,2024-11-30 05:14:10,2793.59,SUCCESS,CARD,DEV0432
1821,16,35,2024-03-26 04:09:33,0.0,SUCCESS,UPI,DEV0425
1822,50,52,2024-10-01 21:54:38,0.0,SUCCESS,CARD,DEV0299
1823,147,37,2024-10-21 01:20:12,0.0,SUCCESS,CARD,DEV0269
1824,65,13,2024-01-01 23:07:45,239.79,FAILED,UPI,DEV0343
1825,129,38,2024-05-12 14:30:52,700.32,SUCCESS,WALLET,DEV0002
1826,135,29,2024-02-18 15:13:14,1409.21,SUCCESS,UPI,DEV0424
1827,113,78,2024-06-26 14:14:06,2761.87,SUCCESS,UPI,DEV0388
1828,100,54,2024-10-25 08:57:48,2828.48,SUCCESS,WALLET,DEV0302
1829,148,25,2024-06-05 02:44:27,668.86,SUCCESS,WALLET,DEV0193
1830,100,67,2024-08-30 20:35:14,5687.94,SUCCESS,CARD,DEV0120
1831,129,32,2024-01-10 19:38:22,529.42,SUCCESS,CARD,DEV0366
1832,21,66,2024-08-26 21:39:49,906.0,SUCCESS,UPI,DEV0293
1833,105,74,2025-01-28 00:11:10,82.9,SUCCESS,CARD,DEV0380
1834,102,3,2024-10-06 12:24:37,0.0,SUCCESS,UPI,DEV0267
1835,82,16,2024-09-07 17:09:29,134.54,SUCCESS,CARD,DEV0030
1836,109,7,2025-01-07 21:29:03,0.0,SUCCESS,WALLET,DEV0270
1837,86,37,2024-06-06 18:19:48,0.0,SUCCESS,WALLET,DEV0132
1838,38,11,2024-08-21 15:45:42,0.0,SUCCESS,WALLET,DEV0020
1839,53,46,2024-10-13 06:28:19,0.0,SUCCESS,WALLET,DEV0384
1840,110,58,2024-03-09 02:23:50,120.79,FAILED,WALLET,DEV0197
1841,86,43,2024-06-04 08:51:06,747.85,SUCCESS,WALLET,DEV0070
1842,52,15,2024-12-22 14:48:04,3013.33,SUCCESS,WALLET,DEV0189
1843,24,50,2024-02-20 15:14:14,224.71,SUCCESS,CARD,DEV0020
1844,191,21,2024-06-23 12:09:31,3722.8,SUCCESS,CARD,DEV0181
1845,109,2,2024-08-08 11:03:40,4675.83,SUCCESS,WALLET,DEV0105
1846,183,31,2024-02-01 01:39:00,554.18,PENDING,WALLET,DEV0036
1847,144,28,2024-12-24 07:22:34,0.0,SUCCESS,CARD,DEV0030
1848,45,38,2024-07-15 13:22:11,0.0,SUCCESS,WALLET,DEV0313
1849,131,44,2024-12-17 17:01:13,0.0,SUCCESS,WALLET,DEV0034
1850,136,63,2025-01-15 07:04:58,1118.71,SUCCESS,UPI,DEV0187
1851,130,28,2024-12-11 00:15:08,0.0,SUCCESS,WALLET,DEV0215
1852,74,21,2025-01-07 19:27:50,4670.42,SUCCESS,CARD,DEV0145
1853,118,68,2024-11-27 10:14:06,54.38,SUCCESS,WALLET,DEV0221
1854,56,80,2024-07-11 19:24:48,0.0,SUCCESS,CARD,DEV0187
1855,147,56,2024-10-20 00:56:15,3408.34,SUCCESS,CARD,DEV0023
1856,64,18,2024-09-21 23:07:22,0.0,FAILED,UPI,DEV0012
1857,116,27,2024-11-20 19:35:26,1097.36,SUCCESS,UPI,DEV0225
1858,48,48,2024-11-10 15:49:15,1814.03,SUCCESS,CARD,DEV0214
1859,143,52,2024-12-23 02:25:20,1928.49,SUCCESS,WALLET,DEV0393
1860,199,12,2024-01-10 09:06:47,1098.43,SUCCESS,UPI,DEV0302
1861,52,12,2025-01-24 22:16:14,2419.14,SUCCESS,WALLET,DEV0179
1862,5,61,2024-11-07 11:36:07,1058.27,SUCCESS,UPI,DEV0366
1863,152,1,2024-11-11 02:31:39,3186.22,SUCCESS,UPI,DEV0314
1864,44,35,2024-06-26 01:02:41,1742.5,SUCCESS,UPI,DEV0407
1865,151,61,2024-08-24 04:45:20,0.0,SUCCESS,WALLET,DEV0039
1866,21,40,2024-08-20 09:31:41,2397.82,SUCCESS,WALLET,DEV0197
1867,12,15,2024-11-23 19:16:49,0.0,SUCCESS,CARD,DEV0332
1868,115,9,2024-12-01 13:19:42,3264.79,SUCCESS,UPI,DEV0301
1869,186,59,2024-05-15 02:55:40,2209.04,SUCCESS,CARD,DEV0346
1870,77,69,2024-03-03 15:58:21,3160.44,SUCCESS,UPI,DEV0079
1871,168,6,2024-03-26 01:16:59,875.08,SUCCESS,WALLET,DEV0450
1872,133,35,2025-01-20 05:02:45,0.0,SUCCESS,UPI,DEV0391
1873,14,34,2024-07-09 12:54:58,764.66,PENDING,UPI,DEV0327
1874,164,40,2024-06-04 17:39:35,786.5,SUCCESS,CARD,DEV0066
1875,79,36,2024-12-13 15:28:38,0.0,FAILED,CARD,DEV0422
1876,44,57,2024-10-01 07:29:25,0.0,SUCCESS,CARD,DEV0242
1877,180,75,2024-03-31 14:32:54,4270.1,SUCCESS,CARD,DEV0058
1878,153,59,2024-12-24 02:55:28,0.0,SUCCESS,WALLET,DEV0211
1879,177,45,2024-02-13 19:17:33,4421.94,FAILED,CARD,DEV0111
1880,78,11,2024-03-20 08:16:28,0.0,SUCCESS,CARD,DEV0128
1881,125,75,2024-02-01 03:08:23,0.0,SUCCESS,UPI,DEV0419
1882,198,4,2024-04-13 05:16:46,3235.17,SUCCESS,UPI,DEV0209
1883,10,71,2024-07-10 21:24:52,3955.28,SUCCESS,UPI,DEV0356
1884,179,34,2024-09-04 19:21:36,177.19,PENDING,CARD,DEV0055
1885,142,21,2024-08-30 07:14:13,1209.74,SUCCESS,CARD,DEV0268
1886,59,45,2024-04-30 02:03:04,0.0,SUCCESS,CARD,DEV0231
1887,19,58,2024-08-04 00:31:09,0.0,SUCCESS,UPI,DEV0113
1888,10,9,2024-06-07 21:14:16,3558.46,FAILED,UPI,DEV0276
1889,20,47,2024-07-08 03:55:08,5306.91,SUCCESS,CARD,DEV0441
1890,191,11,2024-06-24 05:27:22,0.0,SUCCESS,UPI,DEV0261
1891,128,21,2024-09-29 14:06:16,19.19,SUCCESS,WALLET,DEV0263
1892,200,12,2025-01-12 00:47:08,0.0,SUCCESS,CARD,DEV0220
1893,167,69,2025-01-18 14:42:55,3427.62,SUCCESS,UPI,DEV0377
1894,63,78,2024-05-19 12:23:59,768.66,SUCCESS,WALLET,DEV0264
1895,122,23,2024-10-06 09:40:49,1684.19,SUCCESS,CARD,DEV0384
1896,188,52,2024-06-03 01:43:43,1535.15,FAILED,UPI,DEV0224
1897,39,58,2024-06-14 03:28:36,0.0,PENDING,CARD,DEV0426
1898,7,34,2024-11-11 08:02:48,866.63,SUCCESS,UPI,DEV0110
1899,7,47,2024-04-20 00:00:23,1282.07,SUCCESS,WALLET,DEV0237
1900,185,69,2024-10-26 03:51:45,196.64,SUCCESS,CARD,DEV0252
1901,133,40,2024-07-30 03:31:19,2729.71,SUCCESS,WALLET,DEV0338
1902,87,77,2024-10-29 05:51:54,0.0,SUCCESS,UPI,DEV0198
1903,71,79,2024-08-08 04:53:05,0.0,SUCCESS,UPI,DEV0162
1904,2,35,2024-12-19 01:38:19,0.0,SUCCESS,UPI,DEV0136
1905,120,18,2024-02-25 07:29:29,2461.45,FAILED,CARD,DEV0222
1906,133,27,2024-09-07 11:56:36,0.0,SUCCESS,WALLET,DEV0361
1907,114,16,2024-02-10 20:21:43,748.16,SUCCESS,CARD,DEV0371
1908,37,58,2024-02-14 13:47:06,0.0,FAILED,CARD,DEV0143
1909,74,66,2024-09-03 09:35:04,2651.82,FAILED,CARD,DEV0449
1910,120,62,2024-05-05 16:35:00,0.0,SUCCESS,CARD,DEV0112
1911,19,71,2024-09-21 19:38:19,3448.94,SUCCESS,UPI,DEV0079
1912,51,23,2025-01-02 18:35:54,4451.92,SUCCESS,WALLET,DEV0291
1913,56,74,2024-02-17 11:56:44,3021.02,SUCCESS,UPI,DEV0033
1914,93,30,2024-04-04 16:21:53,2934.97,SUCCESS,CARD,DEV0285
1915,7,54,2025-01-08 10:19:40,3507.11,SUCCESS,UPI,DEV0209
1916,107,2,2024-06-14 09:10:53,1419.64,FAILED,CARD,DEV0288
1917,11,3,2024-12-15 14:26:57,1954.2,SUCCESS,UPI,DEV0126
1918,103,4,2025-01-13 16:18:08,0.0,SUCCESS,CARD,DEV0073
1919,182,52,2024-05-20 17:01:44,1588.83,SUCCESS,UPI,DEV0300
1920,193,40,2024-08-28 03:49:45,1079.5,SUCCESS,UPI,DEV0372
1921,65,27,2024-08-12 19:52:06,1586.74,SUCCESS,CARD,DEV0376
1922,86,34,2024-02-06 08:31:50,551.17,SUCCESS,CARD,DEV0252
1923,50,27,2024-02-19 01:33:22,572.78,SUCCESS,WALLET,DEV0245
1924,48,50,2024-09-16 17:56:47,2530.87,SUCCESS,WALLET,DEV0001
1925,130,59,2024-02-28 21:54:00,1510.32,PENDING,WALLET,DEV0352
1926,76,45,2024-09-23 20:36:43,0.0,SUCCESS,UPI,DEV0157
1927,36,40,2024-04-20 13:51:16,3811.08,SUCCESS,WALLET,DEV0158
1928,84,31,2024-05-13 05:30:10,1037.02,PENDING,CARD,DEV0404
1929,1,17,2024-12-25 12:11:53,1385.91,SUCCESS,UPI,DEV0045
1930,138,33,2024-10-04 17:28:17,1806.34,FAILED,CARD,DEV0050
1931,62,40,2025-01-06 06:05:12,1914.01,SUCCESS,CARD,DEV0189
1932,184,64,2024-02-11 19:12:47,0.0,SUCCESS,UPI,DEV0083
1933,173,14,2025-01-13 17:38:34,0.0,PENDING,CARD,DEV0221
1934,137,71,2024-04-28 15:37:04,2680.44,SUCCESS,WALLET,DEV0410
1935,85,48,2025-01-01 21:26:49,0.0,SUCCESS,CARD,DEV0034
1936,89,47,2024-09-28 03:11:53,0.0,SUCCESS,UPI,DEV0274
1937,80,64,2024-05-08 21:55:56,2445.98,SUCCESS,UPI,DEV0254
1938,186,26,2024-05-23 07:47:42,0.0,SUCCESS,UPI,DEV0002
1939,163,31,2024-07-16 07:50:19,679.56,SUCCESS,WALLET,DEV0349
1940,60,63,2024-05-20 01:21:22,2113.86,SUCCESS,CARD,DEV0235
1941,174,54,2024-03-24 14:18:00,1749.64,SUCCESS,WALLET,DEV0197
1942,111,22,2024-12-20 21:23:39,1166.33,SUCCESS,WALLET,DEV0396
1943,77,29,2024-11-23 21:23:41,92.81,SUCCESS,CARD,DEV0253
1944,92,65,2024-06-29 12:07:13,3208.31,SUCCESS,CARD,DEV0336
1945,91,73,2024-06-19 21:05:47,156.2,FAILED,WALLET,DEV0235
1946,153,76,2024-05-03 02:53:33,0.0,SUCCESS,WALLET,DEV0001
1947,164,42,2024-04-12 17:08:21,937.93,SUCCESS,WALLET,DEV0143
1948,31,78,2024-10-13 21:33:09,1059.74,FAILED,UPI,DEV0012
1949,30,36,2024-08-06 15:11:51,0.0,SUCCESS,WALLET,DEV0224
1950,195,51,2024-02-17 15:24:26,2676.09,SUCCESS,UPI,DEV0243
1951,42,53,2024-05-06 00:32:50,0.0,SUCCESS,CARD,DEV0013
1952,166,48,2024-11-13 20:51:53,2711.89,SUCCESS,UPI,DEV0352
1953,70,35,2024-03-24 18:52:26,3551.55,SUCCESS,UPI,DEV0147
1954,52,75,2024-02-02 13:32:18,588.11,SUCCESS,UPI,DEV0368
1955,1,33,2024-05-01 01:39:40,0.0,SUCCESS,UPI,DEV0262
1956,199,35,2024-07-04 14:06:26,5187.58,SUCCESS,CARD,DEV0323
1957,163,74,2025-01-16 16:49:19,0.0,FAILED,CARD,DEV0016
1958,91,14,2025-01-10 08:04:03,2663.72,SUCCESS,WALLET,DEV0185
1959,31,21,2024-03-19 08:19:43,416.54,SUCCESS,WALLET,DEV0371
1960,151,70,2024-08-06 21:53:14,2461.27,SUCCESS,CARD,DEV0085
1961,76,64,2024-06-14 02:57:55,4222.08,SUCCESS,UPI,DEV0219
1962,187,74,2024-03-26 20:07:01,995.91,SUCCESS,CARD,DEV0179
1963,91,27,2024-08-10 23:18:41,3863.66,SUCCESS,WALLET,DEV0386
1964,59,59,2024-12-09 22:23:41,370.41,SUCCESS,WALLET,DEV0117
1965,156,7,2024-03-29 14:49:13,0.0,SUCCESS,WALLET,DEV0397
1966,20,67,2024-06-07 01:04:44,3332.84,SUCCESS,UPI,DEV0009
1967,32,4,2024-12-25 02:26:12,175.78,SUCCESS,CARD,DEV0362
1968,98,4,2024-10-12 05:45:39,2016.45,FAILED,WALLET,DEV0350
1969,55,62,2024-10-15 19:07:02,0.0,SUCCESS,CARD,DEV0001
1970,14,49,2024-11-16 02:17:23,0.0,SUCCESS,CARD,DEV0245
1971,76,17,2025-01-05 21:28:42,0.0,SUCCESS,UPI,DEV0076
1972,113,69,2024-10-09 06:50:38,1738.76,SUCCESS,UPI,DEV0100
1973,40,10,2024-10-12 23:04:03,4627.53,FAILED,WALLET,DEV0230
1974,180,42,2024-06-10 18:20:11,2868.89,SUCCESS,UPI,DEV0228
1975,120,29,2024-06-12 14:53:36,2274.46,FAILED,WALLET,DEV0276
1976,45,43,2024-01-08 23:54:52,506.35,FAILED,CARD,DEV0338
1977,135,35,2024-12-22 06:41:51,3110.68,PENDING,WALLET,DEV0226
1978,65,32,2024-09-01 06:09:55,551.06,SUCCESS,WALLET,DEV0377
1979,177,32,2024-10-08 04:50:03,2404.82,SUCCESS,CARD,DEV0394
1980,164,66,2024-07-31 18:07:53,2287.02,SUCCESS,UPI,DEV0241
1981,197,41,2024-03-06 21:09:38,3589.22,SUCCESS,UPI,DEV0093
1982,162,26,2024-01-13 08:27:22,1410.42,SUCCESS,UPI,DEV0188
1983,177,49,2024-09-21 19:45:16,672.99,SUCCESS,CARD,DEV0155
1984,86,19,2024-01-21 14:51:46,2055.7,SUCCESS,WALLET,DEV0330
1985,181,58,2025-01-27 20:22:12,2008.8,SUCCESS,CARD,DEV0376
1986,6,58,2024-03-07 16:31:00,0.0,SUCCESS,CARD,DEV0070
1987,35,41,2024-10-26 21:39:51,0.0,SUCCESS,UPI,DEV0030
1988,169,38,2024-01-01 00:39:07,0.0,SUCCESS,UPI,DEV0336
1989,170,71,2024-10-02 07:52:46,0.0,SUCCESS,UPI,DEV0128
1990,163,80,2024-01-10 10:17:55,4667.18,SUCCESS,WALLET,DEV0110
1991,117,72,2024-04-29 01:34:25,2608.25,SUCCESS,CARD,DEV0256
1992,63,50,2024-04-20 08:11:19,1158.05,SUCCESS,UPI,DEV0105
1993,74,22,2024-12-04 04:00:36,730.59,SUCCESS,CARD,DEV0314
1994,173,21,2024-11-17 17:12:02,15.36,SUCCESS,WALLET,DEV0341
1995,95,22,2024-04-16 22:28:17,0.0,SUCCESS,UPI,DEV0066
1996,188,2,2024-10-28 09:04:07,2288.31,SUCCESS,UPI,DEV0372
1997,165,28,2024-03-12 23:58:32,299.77,SUCCESS,UPI,DEV0291
1998,72,11,2024-09-03 06:13:52,0.0,SUCCESS,WALLET,DEV0065
1999,135,42,2024-03-02 14:49:39,853.81,FAILED,WALLET,DEV0131
2000,55,32,2025-01-10 21:40:39,28.29,SUCCESS,WALLET,DEV0199
2001,73,36,2024-09-27 22:36:12,2802.63,FAILED,UPI,DEV0064
2002,161,7,2025-01-13 11:38:26,4144.35,SUCCESS,UPI,DEV0136
2003,30,69,2024-07-06 07:31:01,844.4,SUCCESS,WALLET,DEV0007
2004,162,57,2024-05-20 12:48:27,0.0,SUCCESS,WALLET,DEV0064
2005,117,2,2025-01-03 21:34:32,361.43,SUCCESS,CARD,DEV0251
2006,71,66,2024-03-01 08:35:46,3176.0,FAILED,WALLET,DEV0007
2007,102,6,2024-03-26 03:46:39,1884.27,SUCCESS,UPI,DEV0345
2008,94,56,2024-05-12 14:58:58,0.0,SUCCESS,CARD,DEV0343
2009,119,60,2024-07-20 06:54:47,0.0,SUCCESS,CARD,DEV0223
2010,171,36,2024-05-04 16:38:06,1915.85,SUCCESS,CARD,DEV0334
2011,136,43,2025-01-30 07:46:37,4983.51,SUCCESS,UPI,DEV0181
2012,84,36,2024-08-02 23:10:48,931.38,SUCCESS,UPI,DEV0312
2013,68,55,2024-09-21 08:28:35,717.45,SUCCESS,WALLET,DEV0285
2014,97,8,2025-01-27 03:35:23,5002.38,PENDING,CARD,DEV0322
2015,19,18,2024-08-20 05:53:40,3583.82,SUCCESS,WALLET,DEV0331
2016,159,72,2024-10-07 19:21:49,2031.1,SUCCESS,CARD,DEV0190
2017,98,53,2024-11-24 05:34:16,0.0,PENDING,WALLET,DEV0324
2018,184,28,2024-08-21 20:36:46,4803.0,SUCCESS,UPI,DEV0329
2019,67,31,2024-11-01 10:07:27,0.0,SUCCESS,CARD,DEV0035
2020,137,14,2024-11-24 17:33:26,2057.64,SUCCESS,UPI,DEV0318
2021,103,56,2024-08-28 14:13:42,0.0,SUCCESS,CARD,DEV0005
2022,131,49,2024-06-29 19:57:44,3566.94,SUCCESS,WALLET,DEV0081
2023,129,70,2024-05-31 00:35:20,1363.92,SUCCESS,UPI,DEV0167
2024,183,16,2025-01-05 16:23:30,1696.94,SUCCESS,WALLET,DEV0035
2025,65,21,2024-09-12 10:42:52,1828.75,SUCCESS,CARD,DEV0434
2026,95,29,2024-03-10 18:03:13,0.0,SUCCESS,UPI,DEV0078
2027,146,59,2024-04-01 14:21:33,0.0,SUCCESS,UPI,DEV0026
2028,97,10,2024-04-13 00:30:25,119.93,SUCCESS,CARD,DEV0132
2029,179,44,2024-07-02 04:05:57,3707.51,SUCCESS,CARD,DEV0084
2030,134,9,2024-02-15 16:27:15,2238.42,SUCCESS,WALLET,DEV0392
2031,184,39,2024-09-17 14:53:48,3083.77,SUCCESS,UPI,DEV0014
2032,186,28,2024-05-03 09:45:00,1821.15,SUCCESS,CARD,DEV0068
2033,143,78,2024-09-23 19:34:10,0.0,SUCCESS,UPI,DEV0089
2034,97,39,2024-06-23 10:01:11,2336.79,SUCCESS,WALLET,DEV0114
2035,73,75,2024-12-17 05:55:40,885.91,SUCCESS,WALLET,DEV0229
2036,63,59,2024-11-10 06:29:37,2847.46,SUCCESS,UPI,DEV0006
2037,19,4,2024-09-03 16:02:06,3354.81,SUCCESS,WALLET,DEV0206
2038,166,15,2024-04-11 19:46:14,90.38,SUCCESS,CARD,DEV0136
2039,158,55,2024-04-07 00:34:12,1668.76,FAILED,WALLET,DEV0404
2040,45,80,2024-01-31 08:32:02,0.0,SUCCESS,UPI,DEV0439
2041,171,6,2024-02-06 04:19:09,0.0,SUCCESS,CARD,DEV0055
2042,38,54,2024-07-29 08:47:59,1564.68,SUCCESS,WALLET,DEV0430
2043,173,53,2024-03-12 20:04:40,0.0,SUCCESS,WALLET,DEV0310
2044,84,63,2024-09-23 12:37:11,2177.21,SUCCESS,WALLET,DEV0020
2045,173,78,2024-06-05 06:25:49,0.0,SUCCESS,CARD,DEV0124
2046,181,19,2024-04-06 07:40:30,1568.43,SUCCESS,UPI,DEV0248
2047,41,42,2025-01-08 06:09:26,402.41,SUCCESS,CARD,DEV0079
2048,32,49,2024-07-11 09:01:03,0.0,SUCCESS,CARD,DEV0068
2049,69,12,2024-07-13 05:59:41,0.0,SUCCESS,CARD,DEV0172
2050,139,75,2024-07-02 22:04:02,4694.23,SUCCESS,CARD,DEV0157
2051,80,60,2024-12-06 01:15:47,0.0,SUCCESS,UPI,DEV0209
2052,125,29,2024-02-17 07:12:18,4342.88,SUCCESS,UPI,DEV0288
2053,24,10,2024-04-07 01:57:17,2734.84,SUCCESS,UPI,DEV0185
2054,22,7,2024-12-17 18:56:03,0.0,FAILED,WALLET,DEV0170
2055,159,52,2024-12-02 12:37:00,114.84,PENDING,WALLET,DEV0043
2056,7,46,2024-01-30 02:52:08,815.22,SUCCESS,CARD,DEV0418
2057,156,30,2024-05-28 19:13:38,2479.54,SUCCESS,CARD,DEV0162
2058,123,13,2024-10-22 02:39:21,0.0,SUCCESS,CARD,DEV0243
2059,144,70,2024-11-24 01:57:34,132.87,SUCCESS,CARD,DEV0140
2060,97,22,2024-02-25 18:43:50,12.49,PENDING,UPI,DEV0264
2061,183,44,2024-11-13 07:42:17,410.28,SUCCESS,CARD,DEV0085
2062,119,43,2024-01-21 13:20:37,0.0,SUCCESS,UPI,DEV0230
2063,2,33,2024-10-28 19:40:00,601.3,SUCCESS,UPI,DEV0282
2064,153,61,2024-06-10 21:25:49,2122.32,SUCCESS,UPI,DEV0361
2065,180,18,2024-03-05 07:09:58,0.0,SUCCESS,CARD,DEV0053
2066,57,76,2024-08-05 05:11:08,289.76,SUCCESS,WALLET,DEV0435
2067,107,43,2024-11-18 05:43:10,0.0,SUCCESS,CARD,DEV0430
2068,114,76,2024-02-16 21:23:20,1405.04,SUCCESS,UPI,DEV0221
2069,131,64,2024-10-21 08:29:05,1143.58,SUCCESS,WALLET,DEV0233
2070,144,68,2024-12-07 02:36:13,991.8,FAILED,CARD,DEV0187
2071,82,76,2025-01-26 17:56:51,0.0,SUCCESS,CARD,DEV0224
2072,96,38,2024-02-21 02:53:21,0.0,SUCCESS,UPI,DEV0280
2073,102,53,2024-06-04 08:45:10,0.0,SUCCESS,UPI,DEV0353
2074,42,71,2024-11-04 10:06:54,0.0,SUCCESS,WALLET,DEV0047
2075,128,31,2024-08-26 11:12:28,2938.67,SUCCESS,UPI,DEV0103
2076,178,33,2024-01-13 12:12:16,2433.0,SUCCESS,WALLET,DEV0324
2077,6,22,2024-07-13 06:01:04,0.0,SUCCESS,WALLET,DEV0001
2078,141,79,2024-06-07 05:35:34,2439.84,SUCCESS,CARD,DEV0317
2079,21,34,2024-04-05 00:08:00,1200.71,SUCCESS,UPI,DEV0299
2080,75,51,2024-09-09 13:20:07,0.0,SUCCESS,WALLET,DEV0238
2081,79,1,2024-07-21 00:03:13,0.0,SUCCESS,WALLET,DEV0171
2082,153,74,2024-09-27 23:15:53,0.0,SUCCESS,WALLET,DEV0445
2083,7,52,2024-03-19 10:57:27,2217.13,SUCCESS,UPI,DEV0215
2084,63,32,2024-12-10 07:42:28,2759.09,SUCCESS,CARD,DEV0306
2085,6,34,2024-10-09 00:00:10,4516.58,SUCCESS,WALLET,DEV0051
2086,140,14,2024-01-11 17:03:56,3491.43,FAILED,UPI,DEV0018
2087,29,50,2024-04-29 16:01:11,3076.33,FAILED,CARD,DEV0033
2088,57,31,2024-08-07 21:48:54,0.0,FAILED,UPI,DEV0345
2089,170,72,2025-01-22 07:51:31,2032.49,SUCCESS,CARD,DEV0299
2090,71,80,2024-09-05 23:40:06,337.48,FAILED,CARD,DEV0058
2091,14,9,2024-04-18 15:12:24,0.0,SUCCESS,UPI,DEV0283
2092,15,2,2024-12-09 15:19:17,451.02,SUCCESS,CARD,DEV0042
2093,58,69,2025-01-22 17:47:24,0.0,SUCCESS,WALLET,DEV0129
2094,140,55,2024-01-01 23:37:13,0.0,SUCCESS,UPI,DEV0018
2095,38,9,2024-04-07 20:47:18,2617.08,SUCCESS,UPI,DEV0037
2096,75,41,2024-12-05 21:36:03,2942.27,FAILED,WALLET,DEV0355
2097,198,59,2024-11-07 06:57:53,0.0,SUCCESS,UPI,DEV0111
2098,147,24,2025-01-17 00:23:02,5699.53,FAILED,UPI,DEV0374
2099,51,79,2024-02-18 00:58:17,1783.34,SUCCESS,UPI,DEV0245
2100,118,39,2024-06-25 23:39:13,1377.44,SUCCESS,WALLET,DEV0197
2101,158,78,2024-09-12 07:24:51,0.0,SUCCESS,CARD,DEV0404
2102,152,2,2024-01-31 13:46:30,1438.41,SUCCESS,UPI,DEV0026
2103,144,8,2025-01-05 22:40:12,1196.78,SUCCESS,WALLET,DEV0213
2104,177,30,2024-05-07 23:48:56,1066.77,SUCCESS,CARD,DEV0411
2105,111,71,2024-03-26 20:50:20,5114.81,SUCCESS,CARD,DEV0264
2106,166,55,2024-06-24 23:54:21,2728.47,SUCCESS,WALLET,DEV0214
2107,36,22,2024-01-31 03:55:21,873.09,SUCCESS,UPI,DEV0304
2108,196,21,2024-09-20 14:04:35,2233.85,SUCCESS,WALLET,DEV0183
2109,196,50,2025-01-03 05:15:15,1405.91,SUCCESS,CARD,DEV0169
2110,54,36,2024-09-16 20:31:30,0.0,FAILED,UPI,DEV0265
2111,77,20,2025-01-03 03:36:40,2131.45,PENDING,WALLET,DEV0056
2112,43,64,2024-09-24 18:41:06,2277.68,SUCCESS,WALLET,DEV0142
2113,152,64,2024-05-06 00:35:19,0.0,PENDING,WALLET,DEV0158
2114,127,70,2024-07-07 13:55:15,0.0,PENDING,CARD,DEV0256
2115,168,20,2024-08-14 11:31:40,50.59,SUCCESS,CARD,DEV0310
2116,154,21,2024-03-10 08:20:24,1008.0,SUCCESS,UPI,DEV0087
2117,69,24,2024-09-10 11:45:08,0.0,SUCCESS,WALLET,DEV0056
2118,181,29,2024-06-14 22:33:15,4345.75,SUCCESS,UPI,DEV0093
2119,193,11,2024-01-31 11:40:15,0.0,PENDING,UPI,DEV0196
2120,15,64,2024-01-03 11:52:10,378.13,SUCCESS,WALLET,DEV0336
2121,35,9,2024-09-28 03:19:03,775.38,SUCCESS,UPI,DEV0015
2122,86,4,2024-11-01 11:50:28,1967.83,SUCCESS,UPI,DEV0336
2123,169,79,2024-10-14 09:19:33,1772.08,SUCCESS,CARD,DEV0225
2124,14,64,2024-01-29 00:48:54,0.0,SUCCESS,CARD,DEV0093
2125,115,8,2024-02-14 01:04:11,3733.91,SUCCESS,WALLET,DEV0436
2126,57,73,2024-08-19 01:48:12,0.0,SUCCESS,CARD,DEV0235
2127,186,15,2024-07-07 15:57:57,0.0,SUCCESS,WALLET,DEV0366
2128,72,44,2024-07-20 03:02:31,2568.27,SUCCESS,UPI,DEV0109
2129,172,67,2024-05-03 15:58:48,5080.39,SUCCESS,UPI,DEV0243
2130,170,18,2024-11-26 13:37:19,45.57,SUCCESS,WALLET,DEV0282
2131,169,15,2024-07-17 13:41:19,2200.27,SUCCESS,CARD,DEV0450
2132,75,73,2024-09-26 01:42:05,4510.09,FAILED,CARD,DEV0356
2133,10,62,2024-11-29 17:14:01,0.0,SUCCESS,CARD,DEV0173
2134,22,21,2024-06-22 14:24:00,0.0,SUCCESS,WALLET,DEV0095
2135,181,7,2024-02-27 20:25:32,0.0,SUCCESS,WALLET,DEV0373
2136,89,53,2024-05-16 20:13:39,1498.07,SUCCESS,CARD,DEV0333
2137,161,15,2024-07-24 08:30:29,0.0,SUCCESS,UPI,DEV0159
2138,47,29,2024-04-04 22:45:49,2613.37,SUCCESS,CARD,DEV0075
2139,122,3,2024-02-10 19:44:56,5570.55,SUCCESS,CARD,DEV0430
2140,193,50,2025-01-12 06:48:07,0.0,SUCCESS,UPI,DEV0168
2141,57,17,2024-07-21 16:26:53,414.05,SUCCESS,UPI,DEV0421
2142,159,1,2024-01-18 23:39:06,1044.94,SUCCESS,CARD,DEV0395
2143,72,54,2024-07-19 18:40:03,0.0,SUCCESS,WALLET,DEV0326
2144,11,17,2024-04-19 04:13:24,2220.41,SUCCESS,CARD,DEV0379
2145,20,27,2024-08-28 22:32:31,3330.95,SUCCESS,WALLET,DEV0264
2146,79,12,2024-06-09 21:02:47,1987.3,FAILED,UPI,DEV0393
2147,7,16,2024-10-03 05:19:25,3846.56,SUCCESS,WALLET,DEV0156
2148,9,21,2024-03-01 12:01:17,1081.19,SUCCESS,UPI,DEV0258
2149,150,52,2024-12-12 20:57:54,546.2,SUCCESS,CARD,DEV0407
2150,52,65,2024-02-02 19:52:27,1689.56,SUCCESS,UPI,DEV0160
2151,155,71,2024-01-19 14:49:03,1468.29,SUCCESS,WALLET,DEV0099
2152,180,34,2024-05-07 22:08:17,0.0,FAILED,UPI,DEV0295
2153,79,24,2024-08-31 06:31:12,2522.77,SUCCESS,UPI,DEV0432
2154,163,40,2024-01-09 18:01:23,1715.26,SUCCESS,UPI,DEV0118
2155,64,49,2024-07-03 23:18:54,0.0,FAILED,UPI,DEV0040
2156,24,72,2024-02-28 14:52:38,4678.21,SUCCESS,CARD,DEV0013
2157,126,61,2024-09-19 13:31:42,2894.31,SUCCESS,UPI,DEV0024
2158,59,72,2024-03-29 04:56:01,3386.84,SUCCESS,WALLET,DEV0123
2159,47,49,2024-03-25 03:45:11,2128.55,SUCCESS,UPI,DEV0288
2160,73,11,2024-08-21 04:08:39,0.0,SUCCESS,UPI,DEV0351
2161,24,30,2024-12-15 23:00:37,5422.93,PENDING,UPI,DEV0349
2162,159,80,2024-09-13 01:58:43,0.0,SUCCESS,WALLET,DEV0171
2163,137,30,2024-05-28 07:22:51,2282.96,SUCCESS,UPI,DEV0054
2164,47,5,2025-01-02 01:40:27,2319.09,FAILED,CARD,DEV0150
2165,43,62,2024-11-06 07:56:56,2818.13,SUCCESS,UPI,DEV0169
2166,113,33,2024-03-09 16:07:21,2561.8,SUCCESS,UPI,DEV0347
2167,48,54,2024-12-08 01:42:40,0.0,SUCCESS,WALLET,DEV0220
2168,67,50,2024-04-02 15:28:36,1771.72,SUCCESS,CARD,DEV0434
2169,145,50,2024-12-30 00:50:53,1305.05,SUCCESS,WALLET,DEV0118
2170,64,19,2024-10-16 13:57:08,0.0,SUCCESS,UPI,DEV0138
2171,135,32,2024-06-24 17:54:53,4103.61,FAILED,UPI,DEV0384
2172,167,70,2024-05-05 04:33:02,2348.22,SUCCESS,WALLET,DEV0110
2173,16,45,2024-02-20 21:58:42,2279.48,SUCCESS,WALLET,DEV0169
2174,41,24,2024-01-14 06:59:30,60.11,SUCCESS,WALLET,DEV0323
2175,74,31,2024-02-23 20:33:42,608.91,SUCCESS,CARD,DEV0284
2176,187,11,2024-09-10 23:46:49,305.45,SUCCESS,WALLET,DEV0273
2177,91,61,2024-01-08 01:06:35,211.54,SUCCESS,UPI,DEV0437
2178,122,10,2024-10-01 13:08:18,4999.02,SUCCESS,WALLET,DEV0084
2179,38,25,2024-10-01 17:27:33,720.83,SUCCESS,WALLET,DEV0431
2180,139,19,2024-07-28 16:10:29,613.2,SUCCESS,WALLET,DEV0216
2181,1,76,2024-05-26 03:56:36,4111.16,FAILED,CARD,DEV0114
2182,179,52,2025-01-17 22:02:38,0.0,SUCCESS,UPI,DEV0194
2183,36,59,2024-06-25 20:44:29,2723.55,SUCCESS,WALLET,DEV0245
2184,113,63,2024-10-29 09:56:43,0.0,SUCCESS,CARD,DEV0032
2185,170,37,2024-12-11 08:22:00,1480.27,FAILED,WALLET,DEV0381
2186,77,74,2024-03-26 10:50:30,1928.15,FAILED,CARD,DEV0330
2187,49,18,2024-01-16 12:59:21,1769.3,FAILED,WALLET,DEV0336
2188,27,17,2024-12-17 00:28:25,787.47,SUCCESS,WALLET,DEV0055
2189,196,46,2024-08-09 02:59:54,382.27,SUCCESS,UPI,DEV0178
2190,190,7,2024-11-04 20:58:47,3074.69,SUCCESS,CARD,DEV0411
2191,109,79,2024-08-20 22:20:29,1158.65,PENDING,UPI,DEV0302
2192,152,78,2024-03-20 20:46:48,42.69,SUCCESS,WALLET,DEV0426
2193,152,21,2024-10-18 19:10:18,1011.0,SUCCESS,WALLET,DEV0208
2194,189,26,2024-08-14 21:16:51,0.0,SUCCESS,WALLET,DEV0340
2195,79,20,2024-02-20 19:17:03,2461.63,FAILED,CARD,DEV0391
2196,120,33,2024-08-21 12:57:03,0.0,SUCCESS,WALLET,DEV0306
2197,116,34,2024-07-31 05:55:57,1882.76,SUCCESS,CARD,DEV0437
2198,74,40,2024-03-28 16:30:21,1617.38,SUCCESS,CARD,DEV0288
2199,86,31,2024-01-21 23:52:36,0.0,SUCCESS,WALLET,DEV0073
2200,31,54,2024-03-26 17:59:42,0.0,SUCCESS,WALLET,DEV0318
2201,53,61,2025-01-16 06:29:40,4708.83,SUCCESS,CARD,DEV0387
2202,96,2,2024-03-12 08:49:54,373.23,FAILED,UPI,DEV0423
2203,72,25,2024-12-22 14:14:34,1873.45,SUCCESS,UPI,DEV0235
2204,50,31,2024-06-23 13:26:01,0.0,SUCCESS,WALLET,DEV0004
2205,117,80,2024-10-27 06:33:50,3649.71,SUCCESS,CARD,DEV0135
2206,177,11,2024-01-26 18:19:33,4914.13,SUCCESS,CARD,DEV0300
2207,37,68,2024-03-15 12:41:12,4304.4,SUCCESS,UPI,DEV0195
2208,145,31,2024-12-24 10:37:09,0.0,SUCCESS,UPI,DEV0351
2209,27,66,2024-06-21 01:48:52,1983.38,SUCCESS,UPI,DEV0046
2210,102,38,2024-11-04 23:57:40,949.13,FAILED,UPI,DEV0361
2211,142,44,2024-10-09 05:51:28,0.0,SUCCESS,CARD,DEV0178
2212,186,65,2024-07-14 01:05:25,2802.92,SUCCESS,WALLET,DEV0006
2213,118,38,2024-11-05 13:06:40,0.0,SUCCESS,CARD,DEV0080
2214,165,5,2025-01-10 00:41:02,0.0,SUCCESS,UPI,DEV0411
2215,40,22,2024-07-31 02:18:18,2679.75,SUCCESS,WALLET,DEV0371
2216,192,27,2024-06-20 20:05:30,539.64,SUCCESS,CARD,DEV0382
2217,126,65,2024-07-01 21:21:34,1621.18,SUCCESS,UPI,DEV0277
2218,26,23,2025-01-02 05:45:28,2309.79,SUCCESS,CARD,DEV0212
2219,148,61,2024-07-09 07:33:41,0.0,SUCCESS,CARD,DEV0289
2220,173,3,2024-09-22 02:15:40,352.97,SUCCESS,WALLET,DEV0075
2221,144,3,2024-10-25 22:36:15,856.55,SUCCESS,WALLET,DEV0243
2222,91,5,2024-02-06 01:30:02,4332.09,FAILED,WALLET,DEV0258
2223,133,12,2024-08-18 19:39:42,3338.18,SUCCESS,UPI,DEV0213
2224,180,64,2024-01-30 02:13:28,0.0,SUCCESS,UPI,DEV0105
2225,9,66,2024-12-28 11:10:59,0.0,SUCCESS,UPI,DEV0234
2226,17,8,2025-01-12 15:04:14,102.31,SUCCESS,UPI,DEV0273
2227,142,56,2024-01-26 23:38:01,2693.85,SUCCESS,CARD,DEV0295
2228,120,57,2024-12-06 09:44:39,626.18,SUCCESS,UPI,DEV0242
2229,171,30,2024-06-23 04:37:43,3521.88,SUCCESS,UPI,DEV0134
2230,102,55,2024-05-17 21:57:24,1329.34,SUCCESS,UPI,DEV0229
2231,71,46,2024-03-30 01:22:29,0.0,SUCCESS,WALLET,DEV0378
2232,178,44,2024-08-14 19:10:44,2947.49,SUCCESS,CARD,DEV0052
2233,193,37,2024-01-15 19:56:28,0.0,SUCCESS,UPI,DEV0366
2234,154,62,2025-01-29 00:17:56,928.78,SUCCESS,CARD,DEV0074
2235,113,22,2024-06-15 23:13:21,0.0,FAILED,CARD,DEV0077
2236,106,29,2024-01-27 04:51:01,2176.47,SUCCESS,CARD,DEV0253
2237,142,38,2024-12-20 19:38:55,319.42,SUCCESS,CARD,DEV0105
2238,16,26,2024-08-04 04:34:58,2051.03,SUCCESS,WALLET,DEV0448
2239,141,34,2024-11-03 03:26:51,0.0,SUCCESS,UPI,DEV0350
2240,193,69,2024-03-07 21:15:17,5183.58,SUCCESS,UPI,DEV0178
2241,198,45,2024-06-08 18:58:38,1758.26,SUCCESS,WALLET,DEV0132
2242,119,9,2024-01-17 16:49:21,2293.13,FAILED,CARD,DEV0122
2243,147,36,2025-01-29 03:23:08,2671.52,FAILED,CARD,DEV0024
2244,144,42,2024-09-18 12:27:12,0.0,SUCCESS,CARD,DEV0369
2245,151,2,2024-02-05 14:42:50,835.69,SUCCESS,WALLET,DEV0366
2246,112,72,2024-12-12 10:14:52,3208.8,SUCCESS,CARD,DEV0446
2247,4,38,2024-07-19 19:20:57,0.0,SUCCESS,CARD,DEV0012
2248,140,77,2024-01-04 09:23:22,2931.35,FAILED,UPI,DEV0130
2249,115,33,2024-04-23 07:56:53,2136.99,SUCCESS,UPI,DEV0290
2250,111,48,2024-10-09 17:06:04,0.0,SUCCESS,UPI,DEV0206
2251,168,38,2024-05-03 07:17:22,3722.4,SUCCESS,UPI,DEV0004
2252,99,78,2024-09-02 10:00:10,0.0,SUCCESS,WALLET,DEV0008
2253,40,56,2024-05-20 02:53:21,0.0,SUCCESS,CARD,DEV0054
2254,57,69,2024-01-06 08:07:04,981.1,SUCCESS,UPI,DEV0316
2255,42,25,2024-06-08 12:36:04,605.36,SUCCESS,UPI,DEV0047
2256,177,64,2024-01-28 16:03:31,0.0,SUCCESS,UPI,DEV0198
2257,70,46,2024-11-23 17:16:14,2674.46,SUCCESS,CARD,DEV0101
2258,11,43,2024-09-02 13:48:41,425.47,SUCCESS,CARD,DEV0090
2259,15,14,2024-08-19 14:58:39,2228.47,SUCCESS,UPI,DEV0151
2260,112,75,2024-11-01 16:01:44,263.85,SUCCESS,UPI,DEV0341
2261,17,17,2024-04-21 21:16:58,2433.36,FAILED,CARD,DEV0391
2262,41,32,2024-06-04 17:39:45,4158.21,SUCCESS,WALLET,DEV0173
2263,154,17,2024-12-09 15:14:58,1857.84,SUCCESS,UPI,DEV0094
2264,175,54,2024-08-22 08:36:57,3362.72,SUCCESS,WALLET,DEV0240
2265,143,79,2024-11-06 08:01:43,0.0,SUCCESS,UPI,DEV0401
2266,75,4,2024-04-08 19:13:29,0.0,FAILED,WALLET,DEV0328
2267,148,36,2024-01-06 07:13:08,1539.36,SUCCESS,CARD,DEV0328
2268,72,18,2024-11-26 04:36:30,5861.77,SUCCESS,CARD,DEV0260
2269,73,15,2024-01-26 16:28:25,169.91,SUCCESS,CARD,DEV0159
2270,11,53,2024-09-17 04:13:52,1010.33,SUCCESS,WALLET,DEV0134
2271,120,80,2024-01-06 04:06:15,0.0,SUCCESS,WALLET,DEV0008
2272,71,33,2024-06-14 20:50:16,2325.92,SUCCESS,WALLET,DEV0321
2273,188,12,2024-12-06 18:36:46,0.0,SUCCESS,CARD,DEV0324
2274,92,54,2024-10-18 14:24:39,2492.07,SUCCESS,WALLET,DEV0390
2275,48,74,2024-08-26 03:18:45,1448.02,SUCCESS,UPI,DEV0173
2276,106,39,2024-09-19 07:08:22,1783.26,SUCCESS,CARD,DEV0129
2277,123,77,2024-01-24 20:57:47,2775.13,SUCCESS,WALLET,DEV0355
2278,26,76,2024-01-01 16:19:20,2184.63,SUCCESS,WALLET,DEV0189
2279,71,21,2024-10-11 20:27:11,1923.69,SUCCESS,UPI,DEV0297
2280,61,41,2024-10-29 09:05:19,0.0,SUCCESS,CARD,DEV0254
2281,102,16,2024-10-26 14:57:47,2184.98,PENDING,WALLET,DEV0184
2282,88,78,2024-11-04 01:22:31,0.0,SUCCESS,WALLET,DEV0291
2283,192,7,2025-01-07 09:38:37,2843.2,SUCCESS,UPI,DEV0266
2284,107,6,2024-06-30 17:26:39,2062.2,FAILED,UPI,DEV0116
2285,56,57,2024-05-06 03:38:54,766.75,SUCCESS,UPI,DEV0149
2286,187,32,2024-09-01 12:35:03,1030.27,SUCCESS,UPI,DEV0177
2287,69,80,2024-06-02 01:04:39,2477.81,SUCCESS,CARD,DEV0247
2288,65,36,2024-01-12 23:56:21,158.77,SUCCESS,CARD,DEV0446
2289,179,35,2024-07-16 17:24:19,0.0,SUCCESS,CARD,DEV0402
2290,102,79,2024-07-16 10:46:58,0.0,SUCCESS,UPI,DEV0102
2291,24,1,2024-07-04 23:28:25,5219.57,PENDING,CARD,DEV0117
2292,33,51,2024-11-26 23:24:20,4500.7,SUCCESS,WALLET,DEV0429
2293,122,60,2024-09-30 03:55:55,1147.16,SUCCESS,CARD,DEV0040
2294,44,15,2024-10-10 05:12:54,3724.72,SUCCESS,WALLET,DEV0007
2295,8,79,2024-12-01 13:37:29,4404.33,SUCCESS,WALLET,DEV0238
2296,60,9,2025-01-11 12:23:23,2146.74,SUCCESS,CARD,DEV0379
2297,94,55,2024-08-14 15:47:45,1251.23,SUCCESS,WALLET,DEV0116
2298,122,20,2024-02-13 03:44:55,1200.75,SUCCESS,WALLET,DEV0259
2299,187,4,2025-01-13 12:58:17,0.0,SUCCESS,CARD,DEV0016
2300,90,29,2024-08-25 12:21:54,0.0,SUCCESS,UPI,DEV0229
2301,96,80,2025-01-26 17:16:20,467.02,SUCCESS,CARD,DEV0433
2302,125,47,2024-02-01 00:42:49,1934.06,SUCCESS,CARD,DEV0435
2303,38,59,2024-08-13 11:02:36,659.65,SUCCESS,WALLET,DEV0041
2304,149,69,2024-06-19 03:20:47,602.28,SUCCESS,WALLET,DEV0204
2305,8,79,2024-05-19 00:42:26,864.96,SUCCESS,CARD,DEV0359
2306,154,36,2024-12-31 15:51:04,2125.24,SUCCESS,WALLET,DEV0170
2307,179,62,2024-08-26 18:37:32,4168.98,SUCCESS,UPI,DEV0014
2308,90,12,2024-10-24 00:13:17,913.45,FAILED,WALLET,DEV0264
2309,193,34,2024-12-17 08:43:35,0.0,SUCCESS,CARD,DEV0098
2310,84,33,2024-06-13 09:53:34,3948.85,SUCCESS,UPI,DEV0315
2311,180,80,2025-01-18 23:43:20,479.12,SUCCESS,WALLET,DEV0159
2312,92,67,2024-10-13 17:01:28,447.62,SUCCESS,UPI,DEV0280
2313,90,57,2024-12-25 23:12:37,989.44,SUCCESS,UPI,DEV0321
2314,84,41,2024-02-13 09:38:37,2395.45,FAILED,UPI,DEV0211
2315,164,16,2024-05-14 11:08:05,863.65,SUCCESS,CARD,DEV0307
2316,156,28,2024-12-23 10:35:54,0.0,SUCCESS,CARD,DEV0403
2317,70,25,2024-01-31 15:55:15,793.72,SUCCESS,UPI,DEV0207
2318,154,62,2024-10-07 03:49:28,5083.33,SUCCESS,CARD,DEV0049
2319,7,76,2024-07-28 12:00:34,1583.62,FAILED,UPI,DEV0142
2320,179,28,2024-07-17 22:32:28,1283.84,SUCCESS,CARD,DEV0040
2321,33,9,2024-10-12 17:37:22,3471.99,SUCCESS,UPI,DEV0387
2322,173,38,2024-07-07 19:00:52,0.0,SUCCESS,CARD,DEV0151
2323,119,24,2024-07-19 11:40:44,1710.36,SUCCESS,UPI,DEV0074
2324,72,78,2025-01-03 22:38:57,2673.08,SUCCESS,UPI,DEV0179
2325,192,11,2024-12-25 01:35:21,212.46,SUCCESS,UPI,DEV0285
2326,154,61,2024-11-05 15:05:57,0.0,SUCCESS,CARD,DEV0293
2327,139,14,2024-06-21 08:07:51,0.0,SUCCESS,CARD,DEV0224
2328,29,33,2024-11-11 03:01:27,3514.48,FAILED,WALLET,DEV0128
2329,87,16,2024-11-05 12:53:07,3039.8,SUCCESS,UPI,DEV0168
2330,111,75,2024-01-17 17:56:58,0.0,SUCCESS,CARD,DEV0239
2331,7,63,2024-03-07 18:52:25,418.04,SUCCESS,WALLET,DEV0237
2332,120,79,2025-01-20 08:53:20,1652.41,SUCCESS,UPI,DEV0366
2333,6,9,2024-03-09 03:48:16,1061.09,SUCCESS,WALLET,DEV0371
2334,31,52,2024-01-21 09:03:02,335.41,SUCCESS,WALLET,DEV0012
2335,194,65,2024-06-03 01:22:06,2262.29,PENDING,UPI,DEV0069
2336,172,43,2024-12-29 07:20:03,2049.04,SUCCESS,UPI,DEV0012
2337,159,45,2024-02-27 04:29:55,2281.58,FAILED,CARD,DEV0292
2338,17,46,2024-04-09 12:54:23,1557.58,SUCCESS,UPI,DEV0006
2339,166,51,2024-05-16 00:05:04,1914.62,SUCCESS,WALLET,DEV0431
2340,155,66,2024-07-21 02:11:06,908.42,SUCCESS,CARD,DEV0116
2341,138,1,2024-01-16 00:35:31,1138.69,SUCCESS,CARD,DEV0002
2342,189,74,2024-01-26 01:16:52,1153.79,SUCCESS,WALLET,DEV0350
2343,132,29,2024-06-30 11:17:41,0.0,SUCCESS,WALLET,DEV0079
2344,75,46,2024-09-25 07:19:33,2998.45,SUCCESS,UPI,DEV0355
2345,151,77,2024-03-22 00:16:46,1467.79,SUCCESS,CARD,DEV0171
2346,168,68,2024-04-24 12:55:58,73.92,SUCCESS,CARD,DEV0334
2347,40,32,2024-02-18 18:20:21,0.0,SUCCESS,UPI,DEV0091
2348,167,40,2024-10-25 19:37:12,0.0,FAILED,WALLET,DEV0228
2349,105,48,2024-09-02 12:24:34,2590.18,SUCCESS,WALLET,DEV0225
2350,76,23,2025-01-31 19:31:34,0.0,PENDING,UPI,DEV0156
2351,20,1,2024-11-04 20:24:04,1575.49,SUCCESS,CARD,DEV0377
2352,117,53,2024-09-16 08:10:45,2199.09,SUCCESS,UPI,DEV0441
2353,52,12,2024-07-19 09:43:07,0.0,SUCCESS,UPI,DEV0104
2354,3,2,2024-01-24 10:33:35,0.0,FAILED,WALLET,DEV0292
2355,121,23,2024-10-20 10:12:27,0.0,SUCCESS,WALLET,DEV0142
2356,104,31,2024-07-30 05:07:51,0.0,SUCCESS,CARD,DEV0101
2357,107,23,2024-12-05 00:36:42,0.0,SUCCESS,CARD,DEV0081
2358,52,28,2024-12-08 11:58:05,618.65,SUCCESS,CARD,DEV0273
2359,62,26,2024-09-07 02:30:56,810.69,SUCCESS,UPI,DEV0410
2360,136,22,2024-11-05 07:58:51,5120.0,FAILED,WALLET,DEV0308
2361,137,45,2024-09-05 13:10:32,874.97,SUCCESS,CARD,DEV0311
2362,51,12,2024-10-18 14:06:21,5170.92,SUCCESS,UPI,DEV0257
2363,99,73,2024-07-24 05:40:18,2050.04,SUCCESS,WALLET,DEV0071
2364,49,40,2024-04-05 00:14:57,4388.33,FAILED,WALLET,DEV0210
2365,19,9,2024-09-23 21:25:34,1314.86,SUCCESS,WALLET,DEV0258
2366,128,63,2024-08-05 02:43:14,568.53,SUCCESS,UPI,DEV0020
2367,94,64,2024-08-29 06:53:40,4200.27,SUCCESS,UPI,DEV0300
2368,160,56,2024-07-12 10:14:08,3760.74,SUCCESS,WALLET,DEV0249
2369,136,6,2025-01-23 11:23:40,3412.41,SUCCESS,CARD,DEV0189
2370,115,33,2024-05-24 08:31:00,2061.76,SUCCESS,WALLET,DEV0112
2371,10,39,2024-10-15 10:01:45,1769.11,FAILED,UPI,DEV0393
2372,148,64,2024-11-28 10:34:18,3824.57,SUCCESS,UPI,DEV0424
2373,166,12,2024-10-29 03:20:14,2695.92,SUCCESS,WALLET,DEV0088
2374,62,10,2024-09-27 10:49:31,0.0,SUCCESS,UPI,DEV0089
2375,158,74,2024-07-06 06:24:23,479.84,SUCCESS,CARD,DEV0090
2376,54,32,2024-12-24 21:18:09,2262.59,SUCCESS,WALLET,DEV0038
2377,153,63,2024-08-13 01:58:45,457.63,SUCCESS,CARD,DEV0125
2378,24,24,2025-01-12 18:43:29,1780.61,SUCCESS,UPI,DEV0166
2379,81,7,2024-12-24 04:50:06,0.0,SUCCESS,WALLET,DEV0050
2380,31,8,2025-01-12 12:43:45,3444.14,SUCCESS,WALLET,DEV0442
2381,105,74,2024-07-07 15:08:13,1976.04,SUCCESS,WALLET,DEV0300
2382,89,35,2024-02-25 17:28:42,95.0,SUCCESS,CARD,DEV0224
2383,158,33,2024-01-16 04:26:08,274.92,SUCCESS,UPI,DEV0325
2384,29,17,2024-11-21 12:19:48,1033.78,SUCCESS,CARD,DEV0445
2385,67,22,2024-06-20 23:17:16,0.0,SUCCESS,UPI,DEV0128
2386,194,46,2024-12-12 03:00:58,1703.27,SUCCESS,UPI,DEV0346
2387,97,75,2024-09-29 03:41:09,905.4,SUCCESS,CARD,DEV0216
2388,169,76,2024-03-11 12:19:21,1113.07,SUCCESS,UPI,DEV0369
2389,78,8,2024-09-26 17:32:18,3278.24,SUCCESS,CARD,DEV0325
2390,1,78,2024-01-10 19:08:04,3036.18,SUCCESS,UPI,DEV0029
2391,154,22,2024-10-17 15:40:31,6449.47,SUCCESS,WALLET,DEV0310
2392,111,59,2024-12-10 04:07:59,2312.0,SUCCESS,CARD,DEV0171
2393,36,16,2024-11-24 23:44:49,1164.5,SUCCESS,UPI,DEV0438
2394,54,56,2024-11-25 18:58:30,0.0,SUCCESS,UPI,DEV0071
2395,11,74,2024-07-12 14:48:49,0.0,SUCCESS,CARD,DEV0269
2396,175,29,2024-03-04 22:03:19,2692.82,SUCCESS,WALLET,DEV0314
2397,121,38,2024-03-20 13:54:20,2412.6,SUCCESS,CARD,DEV0111
2398,47,44,2024-04-11 09:14:27,4928.51,SUCCESS,UPI,DEV0199
2399,13,64,2024-01-08 20:45:51,0.0,FAILED,WALLET,DEV0105
2400,149,19,2024-12-27 16:21:42,327.03,SUCCESS,UPI,DEV0248
2401,125,32,2024-07-23 14:23:09,0.0,FAILED,CARD,DEV0301
2402,29,56,2024-09-18 01:25:07,1181.13,PENDING,WALLET,DEV0351
2403,193,59,2024-02-09 09:31:22,1941.09,PENDING,CARD,DEV0160
2404,68,27,2024-09-22 16:53:10,293.35,SUCCESS,UPI,DEV0365
2405,38,73,2024-03-02 23:36:53,2970.07,SUCCESS,UPI,DEV0252
2406,184,38,2025-01-01 17:33:45,0.0,SUCCESS,UPI,DEV0017
2407,73,31,2024-01-06 14:31:18,3685.06,SUCCESS,UPI,DEV0271
2408,17,53,2024-09-11 00:23:41,1113.49,SUCCESS,UPI,DEV0384
2409,12,40,2024-12-22 11:42:19,0.0,SUCCESS,CARD,DEV0373
2410,157,30,2024-12-08 17:56:08,2818.28,SUCCESS,UPI,DEV0196
2411,33,68,2024-10-10 19:00:49,269.41,SUCCESS,CARD,DEV0429
2412,154,52,2024-11-05 05:04:41,912.27,SUCCESS,CARD,DEV0212
2413,92,28,2024-05-29 07:33:19,2987.41,SUCCESS,CARD,DEV0050
2414,122,52,2024-05-30 02:28:00,4119.36,SUCCESS,UPI,DEV0428
2415,4,39,2024-11-07 01:30:24,164.11,FAILED,WALLET,DEV0301
2416,27,33,2024-09-10 04:47:12,0.0,SUCCESS,WALLET,DEV0014
2417,9,66,2024-02-17 10:58:48,1205.24,FAILED,UPI,DEV0344
2418,82,59,2024-06-11 04:51:02,2325.98,SUCCESS,CARD,DEV0315
2419,105,32,2024-11-06 21:56:27,619.11,SUCCESS,UPI,DEV0231
2420,120,24,2024-08-17 06:05:33,0.0,SUCCESS,CARD,DEV0007
2421,54,55,2024-03-05 20:59:42,0.0,SUCCESS,WALLET,DEV0299
2422,190,64,2024-04-10 03:59:45,1781.46,SUCCESS,CARD,DEV0084
2423,165,57,2024-07-18 17:24:40,635.46,FAILED,WALLET,DEV0183
2424,167,1,2025-01-26 15:36:45,2053.29,SUCCESS,WALLET,DEV0379
2425,150,21,2024-09-11 01:15:21,3329.49,SUCCESS,CARD,DEV0114
2426,172,80,2025-01-08 19:15:13,2951.98,SUCCESS,WALLET,DEV0141
2427,43,4,2024-04-17 02:18:07,1949.51,FAILED,WALLET,DEV0072
2428,53,53,2024-06-16 03:23:29,0.0,SUCCESS,CARD,DEV0107
2429,120,28,2024-03-03 19:40:16,0.0,SUCCESS,WALLET,DEV0083
2430,13,16,2024-05-20 04:21:30,0.0,SUCCESS,UPI,DEV0377
2431,72,53,2024-10-27 12:54:47,894.87,SUCCESS,CARD,DEV0038
2432,91,50,2024-01-20 10:26:01,4681.51,SUCCESS,CARD,DEV0164
2433,116,18,2025-01-28 16:36:04,78.65,SUCCESS,UPI,DEV0419
2434,34,59,2024-11-13 09:42:23,383.31,SUCCESS,CARD,DEV0402
2435,97,10,2025-02-01 06:19:27,0.0,SUCCESS,CARD,DEV0304
2436,95,71,2024-11-06 13:31:36,1277.58,SUCCESS,UPI,DEV0185
2437,106,22,2024-03-17 11:54:10,3369.32,SUCCESS,WALLET,DEV0226
2438,163,65,2024-06-03 19:20:01,2396.4,SUCCESS,WALLET,DEV0270
2439,85,31,2024-10-14 22:09:21,1570.02,SUCCESS,UPI,DEV0215
2440,107,13,2024-08-24 13:24:17,3093.11,SUCCESS,UPI,DEV0417
2441,176,29,2024-08-05 08:45:07,0.0,SUCCESS,WALLET,DEV0069
2442,129,2,2024-09-18 13:18:55,0.0,SUCCESS,CARD,DEV0214
2443,113,6,2024-12-29 02:46:36,1697.16,PENDING,WALLET,DEV0340
2444,153,43,2025-01-22 21:19:45,3909.46,SUCCESS,UPI,DEV0016
2445,162,73,2024-02-19 05:29:49,3248.43,FAILED,CARD,DEV0270
2446,5,75,2024-01-14 19:29:12,4123.99,SUCCESS,UPI,DEV0289
2447,124,11,2024-03-10 09:30:55,1416.91,PENDING,WALLET,DEV0186
2448,185,75,2024-05-29 11:09:57,1995.65,SUCCESS,WALLET,DEV0399
2449,18,9,2024-10-28 19:11:58,2260.29,SUCCESS,CARD,DEV0301
2450,28,16,2024-06-06 17:35:54,0.0,SUCCESS,CARD,DEV0169
2451,83,16,2024-04-18 15:45:25,0.0,SUCCESS,CARD,DEV0047
2452,15,13,2024-03-15 08:28:28,0.0,SUCCESS,WALLET,DEV0295
2453,172,35,2024-07-08 18:10:14,2695.0,SUCCESS,CARD,DEV0336
2454,28,45,2024-12-28 00:15:29,1314.91,SUCCESS,WALLET,DEV0412
2455,50,63,2024-09-22 18:06:30,3636.14,SUCCESS,UPI,DEV0003
2456,87,27,2025-01-18 20:08:07,5649.11,SUCCESS,UPI,DEV0232
2457,96,14,2024-05-29 20:26:01,0.0,SUCCESS,UPI,DEV0025
2458,167,1,2024-08-19 17:49:37,420.4,SUCCESS,UPI,DEV0320
2459,25,13,2024-03-02 03:00:58,1591.24,SUCCESS,UPI,DEV0112
2460,93,74,2024-11-11 00:10:44,0.0,SUCCESS,WALLET,DEV0074
2461,103,23,2024-11-28 01:11:55,0.0,FAILED,CARD,DEV0371
2462,146,15,2024-10-31 05:48:26,0.0,SUCCESS,CARD,DEV0227
2463,168,76,2024-02-03 07:26:04,0.0,SUCCESS,UPI,DEV0316
2464,193,8,2024-08-29 18:20:05,1811.5,FAILED,CARD,DEV0164
2465,169,43,2024-10-22 15:50:16,1462.83,SUCCESS,WALLET,DEV0099
2466,156,22,2024-01-25 21:25:17,4032.78,SUCCESS,UPI,DEV0365
2467,140,39,2024-04-02 02:18:41,124.24,SUCCESS,CARD,DEV0348
2468,31,27,2024-05-10 12:06:14,3333.55,SUCCESS,CARD,DEV0256
2469,162,8,2024-08-18 22:49:32,0.0,SUCCESS,CARD,DEV0153
2470,173,57,2024-08-20 10:47:38,3588.96,SUCCESS,CARD,DEV0224
2471,193,10,2024-01-02 10:34:24,4113.65,SUCCESS,CARD,DEV0307
2472,106,73,2024-05-28 10:41:17,105.28,FAILED,UPI,DEV0169
2473,45,45,2025-01-25 08:59:05,0.0,SUCCESS,CARD,DEV0420
2474,174,69,2024-01-27 19:13:45,0.0,FAILED,CARD,DEV0339
2475,2,37,2025-01-16 13:55:21,770.54,SUCCESS,UPI,DEV0229
2476,27,79,2024-10-28 21:10:52,0.0,SUCCESS,CARD,DEV0410
2477,144,53,2024-04-28 17:42:06,427.68,SUCCESS,UPI,DEV0410
2478,146,2,2024-06-01 15:15:25,158.95,FAILED,UPI,DEV0396
2479,158,20,2024-11-25 18:31:35,4352.9,SUCCESS,UPI,DEV0254
2480,65,67,2024-12-02 19:26:58,2816.97,FAILED,WALLET,DEV0022
2481,15,20,2024-08-09 14:26:28,1092.94,SUCCESS,CARD,DEV0240
2482,164,37,2024-07-12 10:11:16,522.11,SUCCESS,UPI,DEV0029
2483,24,13,2024-02-19 16:43:39,0.0,PENDING,UPI,DEV0174
2484,72,35,2024-05-23 19:25:17,3845.29,SUCCESS,CARD,DEV0224
2485,146,38,2024-12-30 08:51:47,2639.52,SUCCESS,CARD,DEV0420
2486,186,70,2024-12-09 12:29:13,3420.8,SUCCESS,UPI,DEV0428
2487,60,60,2024-12-07 06:42:01,0.0,SUCCESS,CARD,DEV0235
2488,22,43,2024-05-10 01:13:12,1814.85,SUCCESS,UPI,DEV0378
2489,91,29,2024-02-18 12:15:11,4295.93,SUCCESS,WALLET,DEV0018
2490,150,63,2024-06-30 19:08:10,412.47,FAILED,UPI,DEV0119
2491,119,5,2024-12-02 03:20:06,1099.54,SUCCESS,WALLET,DEV0136
2492,106,41,2024-06-19 18:32:44,759.08,SUCCESS,CARD,DEV0292
2493,27,49,2024-12-03 00:48:13,1323.59,SUCCESS,CARD,DEV0320
2494,56,22,2024-12-24 14:19:17,2712.34,SUCCESS,CARD,DEV0293
2495,79,35,2024-05-27 06:37:53,3354.09,SUCCESS,WALLET,DEV0323
2496,112,21,2024-03-21 21:25:33,4340.79,SUCCESS,CARD,DEV0154
2497,130,16,2024-09-20 15:30:03,0.0,SUCCESS,WALLET,DEV0240
2498,139,67,2024-07-15 19:19:18,1291.98,FAILED,UPI,DEV0363
2499,55,68,2024-04-17 07:19:53,3211.17,SUCCESS,UPI,DEV0258
2500,154,51,2025-01-21 03:05:25,5263.22,SUCCESS,WALLET,DEV0419
2501,195,10,2024-02-19 23:08:48,5539.2,SUCCESS,WALLET,DEV0178
2502,56,51,2024-07-19 11:57:01,1283.69,SUCCESS,WALLET,DEV0156
2503,200,60,2024-10-26 15:44:41,974.28,SUCCESS,UPI,DEV0204
2504,149,70,2024-04-07 15:15:33,417.06,SUCCESS,WALLET,DEV0096
2505,128,17,2024-04-14 05:25:48,1518.83,SUCCESS,UPI,DEV0167
2506,141,76,2024-06-16 03:26:28,5217.92,SUCCESS,CARD,DEV0083
2507,126,11,2025-01-25 17:52:31,5419.47,SUCCESS,WALLET,DEV0301
2508,69,67,2024-11-09 19:39:27,0.0,SUCCESS,WALLET,DEV0211
2509,175,77,2024-10-27 14:15:56,0.0,SUCCESS,WALLET,DEV0119
2510,144,62,2024-10-12 01:11:43,5931.01,FAILED,CARD,DEV0348
2511,53,20,2024-09-20 19:26:43,3016.27,SUCCESS,CARD,DEV0112
2512,167,8,2024-02-02 22:17:45,2059.79,SUCCESS,CARD,DEV0428
2513,10,54,2024-08-20 06:56:16,963.04,FAILED,WALLET,DEV0422
2514,197,52,2024-03-24 11:18:46,3384.33,PENDING,CARD,DEV0395
2515,32,19,2024-07-24 00:37:58,501.21,SUCCESS,UPI,DEV0056
2516,53,79,2024-11-11 00:51:20,118.14,SUCCESS,UPI,DEV0111
2517,19,2,2024-06-17 14:43:18,0.0,SUCCESS,CARD,DEV0043
2518,18,48,2024-06-13 23:29:10,0.0,SUCCESS,WALLET,DEV0015
2519,136,17,2024-08-28 07:24:18,0.0,FAILED,UPI,DEV0413
2520,58,16,2024-02-09 07:56:20,2051.88,SUCCESS,CARD,DEV0418
2521,115,26,2024-01-26 06:51:33,4575.4,SUCCESS,WALLET,DEV0303
2522,76,4,2024-09-24 04:43:41,2557.78,FAILED,CARD,DEV0258
2523,20,52,2024-04-20 00:57:55,0.0,SUCCESS,UPI,DEV0184
2524,40,42,2024-09-10 12:40:02,2242.86,SUCCESS,UPI,DEV0207
2525,130,13,2024-11-16 08:28:36,636.88,SUCCESS,CARD,DEV0381
2526,63,63,2024-11-27 23:25:30,1708.53,SUCCESS,WALLET,DEV0396
2527,70,73,2024-04-03 06:42:23,1472.3,PENDING,UPI,DEV0108
2528,125,11,2024-10-21 08:42:45,1511.61,SUCCESS,UPI,DEV0128
2529,79,18,2025-01-09 21:34:16,821.98,FAILED,WALLET,DEV0030
2530,131,3,2024-02-25 19:02:27,1936.89,FAILED,UPI,DEV0132
2531,196,56,2024-02-01 09:12:21,77.9,SUCCESS,UPI,DEV0171
2532,98,4,2024-10-21 21:51:07,0.0,SUCCESS,CARD,DEV0375
2533,164,69,2024-10-02 23:40:25,1925.74,SUCCESS,WALLET,DEV0034
2534,184,54,2024-10-14 05:13:50,1099.9,SUCCESS,WALLET,DEV0073
2535,61,18,2024-02-22 21:43:35,0.0,SUCCESS,UPI,DEV0018
2536,198,61,2024-12-22 12:46:57,428.45,SUCCESS,CARD,DEV0100
2537,143,9,2024-10-17 15:31:55,1619.62,SUCCESS,WALLET,DEV0389
2538,189,23,2024-11-17 22:59:08,761.41,SUCCESS,WALLET,DEV0282
2539,63,68,2024-07-02 18:12:36,4970.41,SUCCESS,UPI,DEV0055
2540,15,64,2024-08-20 20:48:40,2378.92,SUCCESS,UPI,DEV0370
2541,98,24,2024-09-05 12:19:54,0.0,FAILED,UPI,DEV0308
2542,132,60,2024-01-12 10:25:02,1434.04,SUCCESS,UPI,DEV0387
2543,28,24,2024-02-04 17:57:26,0.0,SUCCESS,CARD,DEV0360
2544,19,18,2024-09-02 19:10:04,2838.53,SUCCESS,WALLET,DEV0279
2545,114,61,2024-02-03 01:11:26,2157.23,PENDING,WALLET,DEV0223
2546,190,53,2024-04-06 18:49:14,3271.06,SUCCESS,WALLET,DEV0196
2547,191,38,2024-10-14 19:41:33,1454.61,FAILED,WALLET,DEV0071
2548,189,1,2024-01-07 05:32:36,2870.71,SUCCESS,UPI,DEV0159
2549,158,33,2024-01-18 10:04:08,2355.59,SUCCESS,UPI,DEV0174
2550,26,4,2024-06-16 15:32:17,522.05,SUCCESS,UPI,DEV0437
2551,174,58,2024-10-10 06:43:00,1273.97,SUCCESS,WALLET,DEV0076
2552,90,79,2025-01-09 05:25:53,0.0,SUCCESS,WALLET,DEV0401
2553,194,74,2024-05-11 15:47:12,3520.5,SUCCESS,CARD,DEV0296
2554,48,61,2024-07-07 23:40:06,3050.58,SUCCESS,WALLET,DEV0149
2555,135,52,2024-05-18 11:52:32,1405.47,SUCCESS,CARD,DEV0403
2556,122,3,2024-11-23 02:47:29,212.88,SUCCESS,WALLET,DEV0258
2557,64,76,2024-10-27 06:47:58,1121.26,PENDING,UPI,DEV0009
2558,182,17,2024-02-16 16:28:17,816.85,SUCCESS,UPI,DEV0133
2559,142,61,2025-01-02 19:30:06,0.0,SUCCESS,UPI,DEV0041
2560,140,80,2024-10-30 06:53:41,0.0,SUCCESS,UPI,DEV0262
2561,36,23,2024-03-13 08:31:27,4011.38,SUCCESS,CARD,DEV0309
2562,119,71,2024-07-27 11:56:10,590.03,SUCCESS,CARD,DEV0416
2563,135,73,2025-01-24 04:14:15,859.46,SUCCESS,CARD,DEV0307
2564,77,1,2024-05-08 22:53:37,2085.57,SUCCESS,UPI,DEV0185
2565,54,8,2024-08-29 20:19:11,861.01,SUCCESS,CARD,DEV0135
2566,61,7,2024-05-17 04:36:06,4631.37,SUCCESS,WALLET,DEV0215
2567,126,64,2024-11-26 13:48:40,879.74,SUCCESS,CARD,DEV0270
2568,58,40,2024-03-07 01:12:23,6161.2,PENDING,CARD,DEV0375
2569,99,22,2024-01-08 21:15:00,2251.11,SUCCESS,UPI,DEV0061
2570,184,54,2024-09-03 12:37:33,883.21,SUCCESS,CARD,DEV0065
2571,94,28,2024-06-02 04:17:16,2395.2,SUCCESS,UPI,DEV0393
2572,22,7,2024-01-28 06:20:11,3195.4,SUCCESS,WALLET,DEV0420
2573,168,58,2024-04-08 05:21:24,2993.88,SUCCESS,CARD,DEV0401
2574,7,71,2024-09-24 23:27:12,3574.46,SUCCESS,CARD,DEV0296
2575,144,41,2024-10-20 07:55:13,552.22,SUCCESS,UPI,DEV0068
2576,129,29,2024-02-24 02:20:21,371.21,SUCCESS,UPI,DEV0387
2577,24,70,2024-01-04 19:27:14,829.99,SUCCESS,UPI,DEV0250
2578,96,19,2024-08-30 11:06:50,3173.15,SUCCESS,WALLET,DEV0122
2579,179,16,2024-09-19 14:13:47,0.0,SUCCESS,UPI,DEV0269
2580,60,5,2024-03-11 08:59:52,0.0,FAILED,WALLET,DEV0010
2581,19,76,2024-12-27 14:07:35,2634.1,SUCCESS,CARD,DEV0020
2582,108,41,2025-01-04 18:11:27,0.0,SUCCESS,CARD,DEV0006
2583,7,18,2024-10-31 06:00:32,0.0,SUCCESS,WALLET,DEV0187
2584,150,34,2024-10-06 10:28:36,1779.64,PENDING,CARD,DEV0091
2585,134,52,2024-12-24 02:22:33,0.0,SUCCESS,WALLET,DEV0101
2586,115,11,2024-01-30 15:48:07,2194.96,SUCCESS,UPI,DEV0343
2587,115,1,2024-08-16 16:37:18,0.0,SUCCESS,WALLET,DEV0226
2588,150,2,2024-12-05 09:42:24,2930.22,SUCCESS,UPI,DEV0113
2589,117,22,2024-02-23 01:07:30,2814.92,FAILED,CARD,DEV0404
2590,124,41,2025-01-30 05:12:25,3120.18,SUCCESS,UPI,DEV0227
2591,142,27,2024-09-29 01:29:10,3368.23,SUCCESS,UPI,DEV0320
2592,123,61,2024-09-09 08:20:20,1979.15,FAILED,CARD,DEV0184
2593,65,31,2024-03-10 00:07:13,190.84,SUCCESS,CARD,DEV0407
2594,196,55,2024-06-01 02:15:54,1614.48,SUCCESS,UPI,DEV0349
2595,111,46,2024-04-13 14:26:28,0.0,SUCCESS,WALLET,DEV0292
2596,198,67,2024-10-26 23:52:38,0.0,SUCCESS,UPI,DEV0339
2597,20,38,2024-05-14 18:32:44,3258.12,SUCCESS,CARD,DEV0190
2598,125,62,2024-06-10 08:13:56,1983.2,SUCCESS,CARD,DEV0119
2599,50,29,2025-01-20 03:06:15,2170.55,SUCCESS,WALLET,DEV0184
2600,68,23,2024-12-23 14:53:19,0.0,PENDING,UPI,DEV0040
2601,181,70,2024-06-16 03:23:58,0.0,SUCCESS,CARD,DEV0139
2602,107,20,2024-06-03 05:07:01,2107.58,SUCCESS,CARD,DEV0021
2603,172,33,2024-12-24 18:33:36,0.0,SUCCESS,WALLET,DEV0160
2604,92,77,2025-01-12 12:24:04,1222.0,SUCCESS,UPI,DEV0040
2605,101,80,2024-04-05 13:08:01,0.0,FAILED,WALLET,DEV0093
2606,163,39,2024-04-30 15:12:40,404.57,SUCCESS,CARD,DEV0170
2607,80,52,2024-09-16 19:55:46,2677.58,SUCCESS,UPI,DEV0347
2608,130,49,2024-11-13 09:39:58,712.23,SUCCESS,CARD,DEV0440
2609,62,15,2024-03-16 06:15:29,4851.25,SUCCESS,UPI,DEV0023
2610,28,48,2024-02-19 23:20:54,5908.41,SUCCESS,CARD,DEV0265
2611,142,35,2025-01-20 09:49:11,225.17,SUCCESS,UPI,DEV0203
2612,52,26,2024-10-14 20:17:50,2959.47,SUCCESS,WALLET,DEV0366
2613,81,10,2025-01-24 20:49:06,3385.63,SUCCESS,UPI,DEV0262
2614,92,69,2024-08-23 21:08:33,4213.96,SUCCESS,WALLET,DEV0147
2615,170,10,2024-01-15 17:56:17,0.0,SUCCESS,CARD,DEV0408
2616,87,50,2024-02-11 13:21:20,0.0,FAILED,UPI,DEV0232
2617,62,47,2024-09-23 02:45:02,0.0,SUCCESS,WALLET,DEV0116
2618,34,43,2024-10-29 20:13:07,0.0,SUCCESS,CARD,DEV0426
2619,86,9,2024-02-18 17:42:00,2774.65,SUCCESS,CARD,DEV0215
2620,54,2,2024-08-18 20:02:34,977.19,SUCCESS,CARD,DEV0405
2621,192,78,2024-09-27 02:53:57,985.85,SUCCESS,UPI,DEV0354
2622,47,35,2024-09-24 04:07:36,395.93,SUCCESS,UPI,DEV0382
2623,154,72,2024-12-05 10:12:29,921.9,FAILED,UPI,DEV0071
2624,107,70,2024-06-26 04:16:51,0.0,PENDING,UPI,DEV0156
2625,18,23,2024-02-15 20:33:58,1294.76,SUCCESS,CARD,DEV0400
2626,66,44,2024-10-01 20:51:49,525.42,SUCCESS,WALLET,DEV0356
2627,131,53,2024-10-02 06:45:40,194.78,SUCCESS,UPI,DEV0319
2628,190,79,2024-03-15 10:30:52,2240.68,SUCCESS,CARD,DEV0133
2629,109,46,2024-11-04 09:18:44,0.0,SUCCESS,CARD,DEV0332
2630,89,14,2024-03-22 10:36:35,823.79,SUCCESS,CARD,DEV0400
2631,20,57,2024-12-21 22:37:12,0.0,SUCCESS,WALLET,DEV0201
2632,58,16,2024-10-27 07:21:24,0.0,SUCCESS,CARD,DEV0445
2633,58,37,2024-01-17 06:19:24,5162.23,SUCCESS,UPI,DEV0076
2634,42,25,2024-09-15 03:44:45,1755.5,PENDING,UPI,DEV0225
2635,158,5,2024-02-09 07:53:28,0.0,SUCCESS,CARD,DEV0241
2636,34,39,2025-01-26 23:27:55,321.5,SUCCESS,UPI,DEV0256
2637,21,70,2024-09-08 08:40:11,957.92,FAILED,CARD,DEV0124
2638,81,34,2024-05-22 14:25:18,2148.88,SUCCESS,CARD,DEV0295
2639,178,76,2024-09-25 00:15:02,298.2,SUCCESS,CARD,DEV0136
2640,114,36,2024-12-05 00:11:47,2589.47,SUCCESS,WALLET,DEV0255
2641,189,76,2024-09-29 02:33:09,1914.88,SUCCESS,UPI,DEV0195
2642,52,60,2024-07-10 08:37:51,3946.72,SUCCESS,UPI,DEV0250
2643,189,75,2024-01-15 07:25:23,3291.05,FAILED,WALLET,DEV0440
2644,60,11,2024-09-03 09:40:07,2313.23,SUCCESS,CARD,DEV0176
2645,130,77,2024-01-28 09:55:28,4742.99,SUCCESS,CARD,DEV0246
2646,38,78,2024-11-30 20:31:20,0.0,SUCCESS,CARD,DEV0444
2647,5,17,2024-05-25 04:39:28,308.47,SUCCESS,UPI,DEV0001
2648,49,67,2024-07-18 16:17:21,479.95,SUCCESS,CARD,DEV0108
2649,21,14,2025-01-28 04:24:07,4041.14,SUCCESS,UPI,DEV0153
2650,67,66,2024-02-27 05:42:01,1430.08,SUCCESS,UPI,DEV0084
2651,197,11,2024-03-05 02:08:24,2524.24,SUCCESS,WALLET,DEV0136
2652,25,44,2024-10-30 19:06:49,3986.51,SUCCESS,CARD,DEV0281
2653,83,13,2024-10-06 08:44:25,5868.9,SUCCESS,WALLET,DEV0169
2654,5,1,2024-08-27 01:31:36,82.49,SUCCESS,CARD,DEV0346
2655,120,48,2024-10-10 15:29:51,97.76,SUCCESS,CARD,DEV0441
2656,145,10,2024-07-21 11:10:44,812.05,SUCCESS,CARD,DEV0351
2657,2,33,2025-01-28 05:53:15,846.92,SUCCESS,UPI,DEV0269
2658,107,48,2024-09-24 02:13:43,3169.39,SUCCESS,CARD,DEV0233
2659,131,76,2024-09-05 03:00:54,0.0,SUCCESS,CARD,DEV0344
2660,123,48,2024-03-31 14:51:30,984.09,SUCCESS,CARD,DEV0036
2661,171,26,2024-03-13 09:03:18,2409.84,SUCCESS,UPI,DEV0163
2662,97,12,2024-12-30 01:55:08,0.0,SUCCESS,WALLET,DEV0261
2663,87,48,2024-01-05 08:59:09,2709.95,SUCCESS,UPI,DEV0373
2664,76,44,2024-08-12 17:38:51,4047.64,SUCCESS,UPI,DEV0263
2665,30,14,2024-03-27 23:34:53,3943.91,SUCCESS,UPI,DEV0151
2666,131,23,2024-05-27 20:05:38,1446.67,SUCCESS,CARD,DEV0154
2667,46,11,2024-08-10 20:56:09,911.48,SUCCESS,UPI,DEV0071
2668,87,24,2024-10-30 20:23:05,644.33,SUCCESS,CARD,DEV0054
2669,64,59,2024-09-29 18:46:47,2290.3,SUCCESS,CARD,DEV0317
2670,32,34,2024-06-08 19:15:01,2039.33,SUCCESS,UPI,DEV0262
2671,62,32,2024-09-18 21:59:46,449.98,FAILED,CARD,DEV0019
2672,169,53,2024-02-29 20:00:51,1000.89,SUCCESS,WALLET,DEV0003
2673,5,50,2024-04-15 23:34:43,4224.49,SUCCESS,CARD,DEV0387
2674,110,50,2024-12-21 06:21:11,1060.74,SUCCESS,WALLET,DEV0381
2675,146,60,2024-03-29 20:28:48,2746.79,SUCCESS,CARD,DEV0359
2676,7,38,2024-03-26 11:06:24,1938.16,FAILED,WALLET,DEV0004
2677,47,55,2024-05-23 22:25:23,1849.42,SUCCESS,CARD,DEV0313
2678,130,65,2024-02-23 19:36:45,915.48,SUCCESS,UPI,DEV0161
2679,118,25,2024-07-25 21:27:24,677.98,PENDING,UPI,DEV0141
2680,58,13,2024-10-06 10:57:56,801.46,SUCCESS,UPI,DEV0057
2681,34,61,2024-11-11 11:57:34,858.54,SUCCESS,WALLET,DEV0079
2682,107,56,2024-09-29 07:30:13,760.69,SUCCESS,WALLET,DEV0131
2683,106,61,2024-10-13 05:56:57,687.72,SUCCESS,WALLET,DEV0397
2684,167,24,2024-12-31 15:10:05,443.19,SUCCESS,CARD,DEV0106
2685,105,38,2024-12-28 15:38:27,0.0,SUCCESS,CARD,DEV0357
2686,37,72,2025-01-06 12:21:38,3725.62,SUCCESS,UPI,DEV0244
2687,18,6,2024-04-21 02:51:54,2397.35,SUCCESS,WALLET,DEV0163
2688,70,49,2024-08-25 14:36:54,3760.01,SUCCESS,CARD,DEV0022
2689,120,67,2024-04-29 12:24:27,2739.1,SUCCESS,WALLET,DEV0183
2690,45,34,2024-02-08 09:06:57,4556.39,SUCCESS,UPI,DEV0162
2691,8,56,2024-05-03 10:28:02,0.0,SUCCESS,WALLET,DEV0013
2692,138,67,2024-09-18 09:49:04,1569.15,FAILED,CARD,DEV0213
2693,169,64,2024-09-19 23:09:51,1982.27,FAILED,WALLET,DEV0371
2694,32,29,2024-02-17 01:44:15,0.0,FAILED,CARD,DEV0336
2695,87,80,2024-02-15 15:32:49,0.0,SUCCESS,WALLET,DEV0171
2696,87,37,2024-02-05 10:02:36,0.0,SUCCESS,UPI,DEV0246
2697,51,69,2024-09-10 12:46:07,3019.62,SUCCESS,CARD,DEV0191
2698,197,21,2024-06-04 21:59:48,1594.87,SUCCESS,WALLET,DEV0184
2699,102,4,2024-08-10 08:05:15,2043.84,FAILED,UPI,DEV0403
2700,21,51,2024-06-13 03:22:06,4776.06,SUCCESS,CARD,DEV0239
2701,61,53,2024-10-05 12:01:40,4208.37,SUCCESS,WALLET,DEV0040
2702,178,6,2024-04-16 19:22:33,282.7,SUCCESS,UPI,DEV0347
2703,61,70,2024-08-27 13:54:38,279.95,SUCCESS,WALLET,DEV0122
2704,104,38,2024-05-10 07:25:12,0.0,SUCCESS,WALLET,DEV0077
2705,103,61,2024-02-08 02:10:34,0.0,SUCCESS,CARD,DEV0241
2706,100,51,2024-10-12 01:49:01,0.0,SUCCESS,UPI,DEV0333
2707,1,77,2024-03-06 13:30:44,0.0,SUCCESS,UPI,DEV0266
2708,135,48,2024-02-25 00:13:10,1888.85,SUCCESS,CARD,DEV0108
2709,94,36,2024-07-01 01:36:28,846.49,FAILED,CARD,DEV0369
2710,57,13,2024-10-24 08:31:21,0.0,SUCCESS,CARD,DEV0169
2711,22,58,2024-08-17 08:47:27,3954.15,SUCCESS,CARD,DEV0041
2712,60,71,2024-02-27 05:01:48,4859.55,SUCCESS,WALLET,DEV0313
2713,168,2,2024-08-30 13:15:09,1613.57,SUCCESS,UPI,DEV0411
2714,12,66,2024-05-27 10:09:17,2831.69,SUCCESS,UPI,DEV0354
2715,95,77,2024-11-11 02:06:02,2355.24,SUCCESS,CARD,DEV0200
2716,180,41,2025-01-07 05:37:58,0.0,SUCCESS,CARD,DEV0145
2717,196,51,2025-01-09 05:39:12,2607.93,SUCCESS,UPI,DEV0181
2718,88,63,2024-09-02 12:06:45,1572.72,SUCCESS,CARD,DEV0259
2719,161,38,2024-04-17 16:43:08,0.0,SUCCESS,WALLET,DEV0232
2720,186,31,2024-01-30 10:59:22,0.0,SUCCESS,UPI,DEV0008
2721,104,47,2024-09-02 17:40:37,0.0,SUCCESS,CARD,DEV0150
2722,16,27,2024-04-12 19:18:10,1484.82,FAILED,CARD,DEV0106
2723,197,61,2024-07-06 16:59:22,4267.32,SUCCESS,WALLET,DEV0293
2724,166,70,2025-01-11 02:15:20,3745.63,SUCCESS,CARD,DEV0006
2725,94,44,2024-05-03 11:32:16,2213.62,SUCCESS,UPI,DEV0170
2726,168,71,2024-09-21 00:10:42,1644.7,SUCCESS,WALLET,DEV0040
2727,183,30,2024-06-18 11:26:24,1533.81,SUCCESS,WALLET,DEV0376
2728,175,8,2024-04-04 10:01:11,2469.43,SUCCESS,CARD,DEV0322
2729,36,18,2025-01-28 12:19:12,2660.04,SUCCESS,CARD,DEV0193
2730,136,8,2024-06-14 04:04:28,394.79,SUCCESS,UPI,DEV0314
2731,66,73,2024-03-26 18:50:19,2393.54,SUCCESS,WALLET,DEV0327
2732,111,57,2024-06-30 04:57:57,1837.8,SUCCESS,CARD,DEV0158
2733,90,35,2024-01-01 17:26:53,0.0,SUCCESS,WALLET,DEV0044
2734,92,49,2024-04-10 02:16:25,2025.68,SUCCESS,CARD,DEV0423
2735,125,48,2025-01-09 13:50:25,994.41,SUCCESS,CARD,DEV0240
2736,63,64,2024-01-13 08:16:17,2019.56,SUCCESS,CARD,DEV0152
2737,167,3,2024-08-18 15:46:36,0.0,SUCCESS,UPI,DEV0073
2738,17,61,2024-09-11 01:45:07,2728.8,SUCCESS,CARD,DEV0231
2739,28,47,2024-03-24 13:20:07,4408.64,SUCCESS,WALLET,DEV0225
2740,47,65,2024-09-07 05:17:55,2492.35,SUCCESS,WALLET,DEV0324
2741,47,10,2024-06-26 16:40:24,0.0,SUCCESS,CARD,DEV0224
2742,186,43,2024-09-08 01:20:55,1264.15,PENDING,UPI,DEV0350
2743,19,32,2024-04-21 18:47:18,2657.74,SUCCESS,WALLET,DEV0091
2744,104,36,2025-01-27 09:32:55,903.38,SUCCESS,UPI,DEV0172
2745,46,61,2024-05-03 22:43:02,2241.52,SUCCESS,WALLET,DEV0298
2746,16,55,2024-01-18 14:56:20,0.0,SUCCESS,UPI,DEV0188
2747,56,9,2024-09-28 00:57:12,1665.68,FAILED,UPI,DEV0092
2748,115,14,2024-08-01 23:31:33,0.0,SUCCESS,WALLET,DEV0301
2749,150,35,2024-02-18 17:04:33,1065.48,SUCCESS,CARD,DEV0071
2750,76,69,2024-07-29 18:14:53,2710.76,SUCCESS,UPI,DEV0395
2751,45,18,2024-11-20 21:12:05,1647.03,SUCCESS,WALLET,DEV0033
2752,37,38,2025-01-29 14:14:55,1478.56,SUCCESS,UPI,DEV0076
2753,88,67,2024-03-08 17:07:15,3016.29,SUCCESS,UPI,DEV0208
2754,75,28,2024-01-18 00:38:44,0.0,SUCCESS,WALLET,DEV0131
2755,31,34,2024-06-27 05:07:22,1736.57,SUCCESS,CARD,DEV0036
2756,61,62,2024-10-12 00:37:00,0.0,SUCCESS,WALLET,DEV0262
2757,102,32,2024-07-21 12:38:51,0.0,SUCCESS,WALLET,DEV0298
2758,185,35,2024-02-12 00:22:50,1002.65,SUCCESS,CARD,DEV0007
2759,14,46,2024-07-12 20:22:35,2442.28,FAILED,WALLET,DEV0263
2760,190,50,2024-06-23 16:27:57,568.53,SUCCESS,UPI,DEV0099
2761,168,80,2024-08-11 20:10:04,1268.82,SUCCESS,UPI,DEV0075
2762,20,74,2024-08-31 06:53:11,3971.76,SUCCESS,CARD,DEV0275
2763,150,79,2024-05-11 18:13:53,6281.87,FAILED,WALLET,DEV0092
2764,151,62,2024-02-24 07:20:49,331.51,SUCCESS,UPI,DEV0078
2765,61,47,2024-08-24 21:31:39,623.11,SUCCESS,WALLET,DEV0207
2766,162,20,2024-11-10 02:16:44,1774.45,SUCCESS,WALLET,DEV0163
2767,124,11,2024-07-29 00:26:09,1503.52,SUCCESS,UPI,DEV0162
2768,180,33,2024-06-14 14:05:05,0.0,SUCCESS,UPI,DEV0383
2769,192,35,2024-04-09 11:28:51,3309.63,SUCCESS,CARD,DEV0377
2770,76,17,2024-07-30 17:20:13,524.65,SUCCESS,WALLET,DEV0123
2771,61,48,2024-11-06 20:44:31,1603.94,SUCCESS,CARD,DEV0084
2772,176,12,2024-05-26 13:28:46,2936.68,SUCCESS,CARD,DEV0089
2773,113,38,2024-05-07 19:03:50,585.49,SUCCESS,WALLET,DEV0230
2774,10,58,2024-06-30 20:49:38,7177.0,SUCCESS,UPI,DEV0425
2775,82,8,2024-12-07 08:36:52,4352.04,SUCCESS,UPI,DEV0196
2776,67,51,2024-01-01 20:21:41,239.89,SUCCESS,WALLET,DEV0135
2777,151,62,2024-02-21 17:48:19,4651.04,SUCCESS,CARD,DEV0018
2778,90,27,2024-05-04 21:18:04,527.75,SUCCESS,UPI,DEV0150
2779,12,46,2024-09-10 20:59:03,0.0,SUCCESS,WALLET,DEV0041
2780,157,31,2024-12-21 06:23:13,822.2,FAILED,UPI,DEV0314
2781,97,9,2024-03-13 03:35:30,2094.7,SUCCESS,CARD,DEV0170
2782,111,77,2024-09-30 19:23:44,0.0,SUCCESS,CARD,DEV0190
2783,92,38,2025-01-26 05:46:27,1834.15,SUCCESS,CARD,DEV0227
2784,184,24,2024-05-25 22:36:02,963.88,SUCCESS,UPI,DEV0422
2785,41,34,2024-12-08 11:39:14,474.1,SUCCESS,WALLET,DEV0022
2786,146,11,2024-02-24 03:48:15,535.48,FAILED,UPI,DEV0236
2787,178,52,2024-06-22 19:51:48,0.0,SUCCESS,CARD,DEV0411
2788,149,74,2024-05-06 12:13:24,2981.24,SUCCESS,WALLET,DEV0386
2789,40,57,2024-05-22 23:39:09,2797.97,SUCCESS,CARD,DEV0330
2790,53,54,2024-08-24 01:54:54,961.68,SUCCESS,UPI,DEV0291
2791,93,11,2024-09-01 21:53:02,1105.35,SUCCESS,UPI,DEV0296
2792,162,59,2025-01-21 10:22:46,0.0,FAILED,UPI,DEV0018
2793,153,72,2024-04-13 06:10:49,2568.02,SUCCESS,UPI,DEV0089
2794,46,14,2024-06-18 21:29:26,0.0,SUCCESS,CARD,DEV0375
2795,106,50,2024-07-20 08:54:36,3243.46,SUCCESS,UPI,DEV0206
2796,102,35,2024-06-14 00:11:12,1278.49,PENDING,WALLET,DEV0332
2797,51,80,2025-01-27 03:38:33,1011.96,SUCCESS,WALLET,DEV0082
2798,172,71,2024-08-13 08:38:07,0.0,SUCCESS,CARD,DEV0038
2799,27,29,2024-08-31 22:43:30,4390.59,SUCCESS,CARD,DEV0327
2800,31,44,2024-05-02 09:36:47,1205.32,SUCCESS,WALLET,DEV0028
2801,117,17,2024-08-29 15:28:23,1240.7,SUCCESS,WALLET,DEV0395
2802,52,16,2024-10-24 23:49:39,1475.85,SUCCESS,UPI,DEV0101
2803,88,52,2024-07-13 10:04:18,1205.69,SUCCESS,UPI,DEV0007
2804,34,32,2024-06-18 03:46:43,0.0,SUCCESS,WALLET,DEV0161
2805,103,54,2024-11-25 13:00:16,437.73,SUCCESS,CARD,DEV0099
2806,83,64,2024-03-30 20:50:57,0.0,SUCCESS,CARD,DEV0147
2807,96,25,2024-09-07 02:18:54,1062.61,SUCCESS,CARD,DEV0438
2808,145,33,2024-12-16 08:17:36,1446.86,SUCCESS,UPI,DEV0314
2809,38,1,2024-01-08 18:13:35,4060.99,SUCCESS,CARD,DEV0093
2810,2,49,2024-12-02 21:38:49,2673.16,SUCCESS,WALLET,DEV0339
2811,17,31,2024-06-03 16:06:17,211.98,SUCCESS,UPI,DEV0196
2812,19,51,2024-04-21 14:33:39,2476.73,SUCCESS,WALLET,DEV0256
2813,149,77,2024-10-02 07:10:43,2890.18,SUCCESS,WALLET,DEV0272
2814,42,37,2024-02-15 21:30:29,2852.32,SUCCESS,UPI,DEV0238
2815,154,40,2024-03-24 12:06:00,4523.98,SUCCESS,WALLET,DEV0139
2816,8,47,2024-09-23 07:04:28,1425.16,SUCCESS,CARD,DEV0309
2817,24,71,2024-06-06 06:26:02,0.0,SUCCESS,CARD,DEV0137
2818,15,75,2024-11-18 16:55:42,802.39,SUCCESS,WALLET,DEV0420
2819,43,38,2024-01-30 15:42:59,0.0,SUCCESS,WALLET,DEV0240
2820,160,10,2024-04-07 08:52:08,2059.66,SUCCESS,CARD,DEV0096
2821,148,80,2024-12-10 08:27:37,982.45,SUCCESS,UPI,DEV0433
2822,141,45,2024-05-28 14:48:17,3416.57,SUCCESS,UPI,DEV0156
2823,46,47,2024-11-11 02:31:56,0.0,SUCCESS,CARD,DEV0208
2824,29,41,2024-06-21 19:42:55,3294.82,SUCCESS,UPI,DEV0348
2825,57,21,2024-09-18 09:33:27,1015.8,SUCCESS,CARD,DEV0209
2826,47,63,2024-02-28 20:34:55,4689.81,SUCCESS,CARD,DEV0023
2827,32,4,2024-02-28 15:03:21,0.0,SUCCESS,WALLET,DEV0321
2828,36,55,2024-04-27 00:14:56,1189.76,SUCCESS,WALLET,DEV0302
2829,49,57,2024-06-18 19:45:56,490.53,SUCCESS,CARD,DEV0274
2830,136,55,2024-07-10 20:13:28,1224.46,SUCCESS,CARD,DEV0415
2831,20,69,2024-07-14 10:36:41,302.46,SUCCESS,CARD,DEV0241
2832,104,63,2024-06-11 06:10:23,284.77,SUCCESS,CARD,DEV0231
2833,169,29,2024-01-26 13:24:58,1736.38,SUCCESS,WALLET,DEV0425
2834,161,44,2024-09-15 08:00:48,0.0,SUCCESS,UPI,DEV0222
2835,23,23,2024-09-14 00:38:09,0.0,PENDING,UPI,DEV0064
2836,57,10,2024-04-02 05:24:25,1629.11,SUCCESS,WALLET,DEV0006
2837,109,65,2024-04-20 01:21:32,2967.34,SUCCESS,UPI,DEV0107
2838,185,20,2025-01-24 18:12:57,1010.28,SUCCESS,UPI,DEV0340
2839,43,33,2024-04-10 22:38:11,2677.64,FAILED,CARD,DEV0285
2840,185,7,2024-01-05 23:25:11,0.0,SUCCESS,WALLET,DEV0160
2841,134,39,2024-05-25 00:49:12,1048.07,FAILED,UPI,DEV0244
2842,92,79,2024-05-31 10:55:06,4725.25,SUCCESS,WALLET,DEV0179
2843,11,9,2024-04-02 03:30:30,150.4,SUCCESS,CARD,DEV0270
2844,78,42,2024-06-21 11:21:19,2066.03,SUCCESS,UPI,DEV0369
2845,30,60,2024-07-28 00:41:07,856.17,SUCCESS,WALLET,DEV0414
2846,1,2,2024-02-24 19:28:29,1843.72,SUCCESS,CARD,DEV0092
2847,116,24,2024-11-18 15:28:46,638.32,SUCCESS,WALLET,DEV0298
2848,28,77,2024-08-03 06:03:19,2268.14,SUCCESS,WALLET,DEV0190
2849,179,52,2024-01-06 19:39:46,94.21,SUCCESS,UPI,DEV0061
2850,152,50,2025-01-27 13:56:39,2903.98,SUCCESS,CARD,DEV0335
2851,52,61,2025-01-10 11:23:16,0.0,SUCCESS,UPI,DEV0001
2852,5,71,2024-11-29 04:15:27,2397.43,SUCCESS,CARD,DEV0263
2853,10,30,2024-04-27 00:08:53,2463.14,SUCCESS,WALLET,DEV0288
2854,33,73,2025-01-11 11:09:51,1100.3,SUCCESS,WALLET,DEV0189
2855,97,59,2025-01-28 21:57:14,381.94,SUCCESS,UPI,DEV0171
2856,179,79,2024-07-07 17:32:57,0.0,SUCCESS,CARD,DEV0392
2857,140,60,2024-11-10 19:00:41,2522.25,SUCCESS,WALLET,DEV0267
2858,104,64,2024-12-18 16:56:23,4612.6,SUCCESS,WALLET,DEV0168
2859,116,22,2024-08-26 04:03:40,0.0,SUCCESS,UPI,DEV0424
2860,63,3,2024-12-17 02:42:11,1016.74,SUCCESS,UPI,DEV0335
2861,38,12,2024-04-16 22:52:55,0.0,SUCCESS,CARD,DEV0425
2862,103,22,2024-05-15 02:00:16,0.0,SUCCESS,WALLET,DEV0210
2863,96,4,2025-02-01 11:24:44,2050.8,SUCCESS,WALLET,DEV0342
2864,48,4,2024-01-25 05:44:39,596.12,SUCCESS,UPI,DEV0170
2865,9,15,2024-02-05 18:19:44,0.0,SUCCESS,WALLET,DEV0280
2866,197,30,2024-01-27 21:55:39,3811.86,SUCCESS,CARD,DEV0424
2867,44,55,2024-09-01 05:15:13,2383.18,SUCCESS,CARD,DEV0297
2868,22,14,2024-08-29 16:24:01,0.0,SUCCESS,CARD,DEV0275
2869,15,29,2025-01-16 00:59:55,106.02,SUCCESS,UPI,DEV0334
2870,147,56,2024-09-06 15:54:20,1134.96,SUCCESS,CARD,DEV0006
2871,98,8,2025-01-25 07:39:35,2469.37,SUCCESS,UPI,DEV0001
2872,156,55,2024-08-20 01:25:49,830.11,SUCCESS,CARD,DEV0031
2873,154,33,2024-03-21 13:46:48,0.0,SUCCESS,CARD,DEV0262
2874,13,74,2024-11-01 20:40:32,0.0,SUCCESS,WALLET,DEV0064
2875,135,29,2024-04-12 18:34:27,1582.56,SUCCESS,WALLET,DEV0194
2876,17,57,2024-07-14 21:54:04,2045.2,SUCCESS,UPI,DEV0055
2877,89,18,2024-08-17 16:10:39,702.85,SUCCESS,WALLET,DEV0122
2878,154,67,2025-01-04 04:30:37,3069.33,SUCCESS,WALLET,DEV0274
2879,21,4,2024-02-22 16:21:01,17.39,SUCCESS,UPI,DEV0021
2880,160,53,2024-11-20 06:10:32,4349.11,FAILED,UPI,DEV0293
2881,60,77,2024-08-30 07:46:29,1092.19,SUCCESS,UPI,DEV0110
2882,182,28,2024-09-19 04:51:35,3847.53,SUCCESS,CARD,DEV0213
2883,184,70,2024-02-25 06:17:21,2725.33,SUCCESS,WALLET,DEV0146
2884,43,76,2025-01-31 05:03:28,3612.29,SUCCESS,WALLET,DEV0215
2885,15,24,2024-06-22 13:32:27,466.75,SUCCESS,WALLET,DEV0273
2886,132,27,2024-03-23 05:38:22,4128.06,SUCCESS,CARD,DEV0133
2887,164,50,2024-01-09 08:28:52,1263.71,SUCCESS,WALLET,DEV0418
2888,104,13,2024-09-06 14:15:02,0.0,SUCCESS,WALLET,DEV0148
2889,29,49,2024-02-15 01:06:46,92.41,SUCCESS,CARD,DEV0323
2890,164,12,2024-07-30 02:03:54,2006.71,SUCCESS,CARD,DEV0382
2891,150,45,2024-03-01 22:13:53,3380.91,SUCCESS,UPI,DEV0270
2892,151,43,2025-01-18 09:17:01,0.0,SUCCESS,UPI,DEV0306
2893,184,45,2024-06-10 04:00:33,4101.59,SUCCESS,CARD,DEV0278
2894,20,31,2024-02-09 12:45:56,0.0,FAILED,WALLET,DEV0371
2895,117,59,2025-01-12 10:59:07,2482.26,SUCCESS,UPI,DEV0090
2896,40,48,2024-11-02 02:56:51,2507.39,FAILED,CARD,DEV0154
2897,115,62,2024-12-29 01:50:50,0.0,SUCCESS,UPI,DEV0061
2898,171,34,2024-10-09 08:41:38,3842.2,SUCCESS,WALLET,DEV0238
2899,88,68,2024-04-09 20:46:24,0.0,SUCCESS,UPI,DEV0180
2900,169,2,2024-08-21 22:30:41,1534.14,SUCCESS,CARD,DEV0129
2901,48,72,2024-09-13 03:18:19,0.0,SUCCESS,WALLET,DEV0015
2902,103,43,2024-05-04 16:50:54,2683.89,SUCCESS,WALLET,DEV0202
2903,64,52,2024-06-05 18:47:21,2101.52,SUCCESS,CARD,DEV0185
2904,35,34,2024-04-24 02:38:10,0.0,SUCCESS,UPI,DEV0187
2905,14,14,2024-03-14 16:17:10,1196.88,SUCCESS,WALLET,DEV0236
2906,150,15,2025-01-08 12:43:16,2272.57,SUCCESS,CARD,DEV0411
2907,157,1,2024-02-03 12:57:34,142.22,SUCCESS,CARD,DEV0167
2908,142,54,2024-09-17 07:11:59,1319.11,SUCCESS,WALLET,DEV0264
2909,58,38,2024-10-12 01:47:18,0.0,SUCCESS,CARD,DEV0272
2910,145,35,2024-02-10 14:29:17,3286.96,SUCCESS,CARD,DEV0430
2911,185,10,2024-02-14 16:49:14,1138.31,SUCCESS,UPI,DEV0410
2912,104,32,2024-01-10 11:22:00,2407.02,SUCCESS,CARD,DEV0449
2913,8,15,2024-12-09 02:49:25,2924.34,SUCCESS,CARD,DEV0065
2914,85,55,2024-06-17 17:38:15,751.16,SUCCESS,CARD,DEV0372
2915,4,15,2024-04-02 11:45:20,0.0,SUCCESS,CARD,DEV0132
2916,189,37,2024-05-19 15:10:25,0.0,SUCCESS,WALLET,DEV0201
2917,72,25,2024-01-09 19:45:12,0.0,SUCCESS,UPI,DEV0015
2918,155,4,2024-12-11 08:29:07,4632.19,SUCCESS,WALLET,DEV0374
2919,40,3,2024-06-01 22:13:37,0.0,SUCCESS,WALLET,DEV0322
2920,24,1,2024-07-24 05:05:19,1148.06,SUCCESS,UPI,DEV0378
2921,142,30,2024-10-12 16:57:20,1747.03,PENDING,WALLET,DEV0309
2922,79,1,2024-10-20 07:02:30,2926.22,SUCCESS,CARD,DEV0307
2923,7,79,2024-11-11 13:00:11,0.0,SUCCESS,UPI,DEV0306
2924,184,11,2024-02-03 05:58:10,2384.1,SUCCESS,UPI,DEV0102
2925,22,41,2024-12-19 18:44:49,2071.46,SUCCESS,UPI,DEV0444
2926,113,38,2024-01-29 09:59:51,4685.66,SUCCESS,CARD,DEV0231
2927,192,12,2024-08-18 09:37:11,2436.66,SUCCESS,UPI,DEV0372
2928,5,15,2024-07-11 21:19:13,0.0,SUCCESS,WALLET,DEV0270
2929,54,78,2024-01-05 00:23:56,0.0,SUCCESS,CARD,DEV0007
2930,43,16,2024-05-26 05:45:17,1119.55,FAILED,CARD,DEV0192
2931,27,34,2024-05-22 23:29:10,3016.64,FAILED,UPI,DEV0041
2932,2,60,2024-11-05 23:02:09,1943.0,SUCCESS,UPI,DEV0393
2933,169,60,2024-08-31 05:36:15,605.39,SUCCESS,UPI,DEV0250
2934,99,26,2024-11-11 20:44:28,0.0,SUCCESS,UPI,DEV0186
2935,165,76,2024-11-01 06:46:32,1481.09,SUCCESS,UPI,DEV0431
2936,151,44,2024-03-06 23:04:14,0.0,SUCCESS,WALLET,DEV0093
2937,94,24,2024-01-24 01:08:35,4108.73,SUCCESS,UPI,DEV0219
2938,51,62,2024-12-22 06:19:07,0.0,SUCCESS,UPI,DEV0250
2939,170,44,2025-02-01 19:58:25,1624.68,SUCCESS,CARD,DEV0144
2940,122,56,2024-11-07 19:53:48,879.16,PENDING,WALLET,DEV0036
2941,118,75,2024-01-22 14:53:08,1901.33,SUCCESS,CARD,DEV0021
2942,197,20,2024-04-12 22:39:12,2609.96,SUCCESS,CARD,DEV0161
2943,105,16,2024-05-02 19:52:47,0.0,PENDING,WALLET,DEV0184
2944,180,53,2025-01-06 15:04:05,341.6,SUCCESS,WALLET,DEV0037
2945,136,9,2024-08-26 16:35:14,1378.39,SUCCESS,CARD,DEV0291
2946,31,64,2024-01-18 20:18:37,626.92,SUCCESS,WALLET,DEV0261
2947,2,30,2024-12-18 11:19:56,601.11,SUCCESS,WALLET,DEV0404
2948,149,46,2024-04-11 16:56:26,3572.54,SUCCESS,WALLET,DEV0255
2949,145,80,2024-04-19 15:56:07,2360.48,SUCCESS,CARD,DEV0323
2950,92,9,2024-07-11 18:13:49,0.0,SUCCESS,CARD,DEV0262
2951,104,79,2024-02-07 13:16:58,0.0,SUCCESS,WALLET,DEV0401
2952,119,61,2024-09-21 03:41:28,0.0,SUCCESS,CARD,DEV0408
2953,126,17,2024-02-26 17:38:38,3055.81,SUCCESS,UPI,DEV0413
2954,95,48,2024-03-10 18:44:59,0.0,SUCCESS,WALLET,DEV0097
2955,172,68,2024-12-30 20:30:28,1778.87,SUCCESS,WALLET,DEV0356
2956,28,34,2024-10-23 19:03:18,0.0,SUCCESS,UPI,DEV0186
2957,47,47,2025-01-22 22:04:55,1816.53,SUCCESS,WALLET,DEV0009
2958,52,36,2024-02-06 10:27:30,0.0,FAILED,CARD,DEV0265
2959,183,44,2024-12-17 04:56:48,544.32,SUCCESS,CARD,DEV0221
2960,196,41,2024-08-26 23:53:42,0.0,SUCCESS,UPI,DEV0252
2961,105,41,2024-09-25 12:13:32,1668.38,SUCCESS,UPI,DEV0071
2962,176,37,2024-04-30 22:55:02,2255.35,SUCCESS,CARD,DEV0060
2963,157,16,2024-09-11 10:19:38,1176.5,SUCCESS,WALLET,DEV0379
2964,93,64,2025-01-20 12:50:39,0.0,SUCCESS,WALLET,DEV0048
2965,32,65,2024-08-15 03:04:08,5330.32,PENDING,CARD,DEV0239
2966,39,55,2024-06-22 06:06:24,59.48,SUCCESS,UPI,DEV0128
2967,197,26,2024-04-08 15:47:59,0.0,SUCCESS,UPI,DEV0421
2968,32,11,2024-01-15 03:20:18,0.0,SUCCESS,CARD,DEV0102
2969,189,58,2024-10-15 08:50:31,2805.77,PENDING,WALLET,DEV0030
2970,167,41,2025-01-23 16:55:12,1874.09,SUCCESS,UPI,DEV0251
2971,103,64,2025-01-27 17:47:35,1663.19,SUCCESS,WALLET,DEV0398
2972,140,43,2024-09-03 13:58:11,3484.22,SUCCESS,UPI,DEV0295
2973,131,33,2024-07-19 00:16:05,1355.32,FAILED,WALLET,DEV0233
2974,47,67,2024-08-20 07:39:37,455.95,SUCCESS,WALLET,DEV0130
2975,167,62,2024-04-22 03:15:02,2389.12,SUCCESS,WALLET,DEV0054
2976,93,67,2024-06-27 22:45:53,94.51,SUCCESS,WALLET,DEV0439
2977,119,47,2024-07-11 04:02:35,2594.34,FAILED,UPI,DEV0150
2978,123,24,2024-09-19 22:12:17,0.0,SUCCESS,WALLET,DEV0009
2979,48,80,2024-09-23 04:28:30,1019.53,SUCCESS,CARD,DEV0072
2980,183,31,2024-05-16 23:18:06,640.4,SUCCESS,UPI,DEV0352
2981,89,63,2024-08-01 12:53:11,0.0,SUCCESS,CARD,DEV0132
2982,28,67,2024-11-15 19:35:54,533.29,SUCCESS,UPI,DEV0032
2983,21,25,2024-03-03 10:50:31,1479.85,SUCCESS,CARD,DEV0066
2984,197,65,2024-03-14 07:13:00,0.0,SUCCESS,UPI,DEV0401
2985,155,79,2024-06-14 08:04:36,1473.62,SUCCESS,UPI,DEV0368
2986,182,27,2024-06-07 14:45:40,467.07,SUCCESS,WALLET,DEV0348
2987,75,16,2025-01-15 22:40:41,3035.3,SUCCESS,WALLET,DEV0121
2988,188,7,2024-05-18 06:46:15,797.33,SUCCESS,UPI,DEV0082
2989,182,13,2024-03-21 08:10:29,1114.8,FAILED,UPI,DEV0314
2990,9,37,2024-09-09 03:04:17,2817.92,SUCCESS,WALLET,DEV0438
2991,138,62,2024-02-17 21:09:38,1024.83,SUCCESS,WALLET,DEV0224
2992,142,80,2024-06-21 12:06:06,0.0,SUCCESS,UPI,DEV0185
2993,114,78,2024-02-15 02:06:35,258.69,SUCCESS,WALLET,DEV0286
2994,15,37,2024-11-25 00:27:54,4262.12,SUCCESS,UPI,DEV0182
2995,73,31,2024-04-19 00:23:29,0.0,SUCCESS,WALLET,DEV0101
2996,112,37,2024-03-06 03:07:23,0.0,SUCCESS,CARD,DEV0321
2997,166,20,2024-02-08 23:35:09,523.74,SUCCESS,CARD,DEV0211
2998,121,73,2024-04-03 13:04:48,0.0,SUCCESS,WALLET,DEV0080
2999,87,51,2024-02-22 02:45:28,0.0,SUCCESS,CARD,DEV0145
3000,119,8,2024-03-02 01:00:03,0.0,SUCCESS,UPI,DEV0032
3001,161,44,2024-11-29 21:08:28,346.15,SUCCESS,UPI,DEV0308
3002,73,4,2024-05-16 04:10:57,4544.51,SUCCESS,WALLET,DEV0351
3003,50,57,2024-11-04 14:08:40,2522.29,SUCCESS,WALLET,DEV0097
3004,71,44,2024-05-05 15:57:57,533.16,SUCCESS,UPI,DEV0421
3005,179,58,2024-04-04 07:03:21,3692.68,SUCCESS,UPI,DEV0228
3006,129,33,2024-03-06 16:08:05,0.0,SUCCESS,WALLET,DEV0072
3007,138,35,2024-09-15 18:23:57,3285.11,SUCCESS,WALLET,DEV0231
3008,167,66,2024-05-16 16:57:49,2979.56,SUCCESS,WALLET,DEV0420
3009,22,73,2024-01-14 02:00:30,2194.62,SUCCESS,WALLET,DEV0008
3010,59,73,2024-04-15 21:23:59,0.0,SUCCESS,WALLET,DEV0132
3011,75,37,2024-03-04 19:12:30,2058.27,SUCCESS,WALLET,DEV0349
3012,196,24,2024-04-19 20:31:58,0.0,FAILED,UPI,DEV0001
3013,101,63,2024-11-17 01:14:35,2339.53,SUCCESS,WALLET,DEV0264
3014,43,6,2024-03-29 17:59:49,0.0,SUCCESS,CARD,DEV0306
3015,111,58,2024-10-07 21:37:22,940.72,FAILED,UPI,DEV0449
3016,137,21,2024-04-11 11:22:55,0.0,SUCCESS,WALLET,DEV0265
3017,62,7,2024-10-07 01:34:50,2744.53,SUCCESS,CARD,DEV0024
3018,174,12,2024-07-14 10:14:18,1144.04,SUCCESS,UPI,DEV0216
3019,60,11,2024-10-09 07:02:54,0.0,SUCCESS,WALLET,DEV0147
3020,29,73,2024-09-16 04:10:35,2722.11,SUCCESS,WALLET,DEV0069
3021,98,38,2024-11-23 14:58:25,0.0,SUCCESS,WALLET,DEV0103
3022,153,37,2024-08-27 11:56:41,4782.06,SUCCESS,CARD,DEV0320
3023,122,37,2024-10-22 13:20:29,2341.11,SUCCESS,UPI,DEV0158
3024,2,48,2024-07-03 02:12:00,0.0,SUCCESS,WALLET,DEV0314
3025,86,21,2024-07-29 11:58:45,729.62,SUCCESS,UPI,DEV0194
3026,142,64,2024-08-01 14:04:16,0.0,SUCCESS,CARD,DEV0272
3027,105,17,2024-04-05 20:21:52,5376.79,SUCCESS,WALLET,DEV0307
3028,136,46,2024-03-28 16:47:35,2640.74,SUCCESS,WALLET,DEV0007
3029,193,78,2024-10-15 17:02:27,2330.7,FAILED,UPI,DEV0439
3030,170,39,2024-03-25 14:53:51,0.0,SUCCESS,UPI,DEV0230
3031,47,3,2024-10-08 01:36:09,1491.71,SUCCESS,WALLET,DEV0404
3032,136,25,2024-11-13 09:09:54,1909.36,SUCCESS,UPI,DEV0102
3033,103,62,2024-05-05 14:36:30,1101.15,SUCCESS,UPI,DEV0108
3034,60,44,2024-09-18 10:59:47,969.73,SUCCESS,WALLET,DEV0139
3035,26,41,2024-07-29 03:58:41,1566.24,SUCCESS,CARD,DEV0369
3036,56,22,2024-05-23 12:58:37,3314.39,SUCCESS,CARD,DEV0151
3037,123,68,2024-03-16 21:02:00,726.59,SUCCESS,UPI,DEV0313
3038,160,54,2024-08-29 19:24:05,3833.48,SUCCESS,WALLET,DEV0212
3039,118,56,2025-01-01 12:46:32,399.96,SUCCESS,CARD,DEV0368
3040,145,48,2024-04-25 05:18:04,0.0,SUCCESS,CARD,DEV0369
3041,160,30,2024-04-01 03:53:40,1324.96,SUCCESS,CARD,DEV0033
3042,152,43,2025-01-10 19:36:12,4157.1,FAILED,WALLET,DEV0188
3043,179,36,2024-10-26 20:40:03,1654.34,PENDING,CARD,DEV0060
3044,161,13,2024-12-24 08:36:23,2289.17,SUCCESS,UPI,DEV0237
3045,37,4,2024-10-15 16:11:45,3889.44,SUCCESS,UPI,DEV0219
3046,153,67,2024-11-16 08:18:42,714.91,SUCCESS,CARD,DEV0233
3047,129,41,2024-04-19 23:44:08,3400.59,SUCCESS,CARD,DEV0339
3048,101,57,2024-11-16 01:22:44,0.0,FAILED,WALLET,DEV0392
3049,195,60,2024-08-09 18:21:28,1219.32,SUCCESS,WALLET,DEV0033
3050,155,37,2024-07-31 16:47:41,893.65,SUCCESS,CARD,DEV0405
3051,40,19,2025-01-10 07:12:14,2461.83,SUCCESS,UPI,DEV0104
3052,11,44,2024-01-21 14:57:17,1913.87,SUCCESS,UPI,DEV0110
3053,43,39,2024-12-04 00:53:03,1779.94,FAILED,UPI,DEV0218
3054,40,24,2024-09-21 02:18:41,0.0,SUCCESS,WALLET,DEV0034
3055,116,74,2024-10-10 21:17:59,3138.53,SUCCESS,UPI,DEV0272
3056,171,52,2025-01-07 18:40:35,1106.45,SUCCESS,UPI,DEV0187
3057,123,46,2024-10-11 18:00:54,1921.22,SUCCESS,WALLET,DEV0152
3058,177,25,2024-07-12 17:48:33,0.0,PENDING,WALLET,DEV0281
3059,107,19,2024-07-14 10:41:04,5119.68,FAILED,WALLET,DEV0343
3060,12,2,2025-01-19 01:22:10,1102.53,SUCCESS,UPI,DEV0231
3061,127,24,2024-04-05 07:02:48,188.06,SUCCESS,CARD,DEV0129
3062,128,48,2024-01-24 12:13:34,0.0,SUCCESS,UPI,DEV0069
3063,108,2,2024-03-11 07:11:53,3676.65,SUCCESS,CARD,DEV0140
3064,91,51,2024-10-08 21:52:20,2266.43,SUCCESS,CARD,DEV0013
3065,26,46,2024-02-01 04:52:32,643.68,SUCCESS,CARD,DEV0290
3066,7,6,2024-04-24 18:44:31,1512.52,SUCCESS,WALLET,DEV0148
3067,140,3,2024-10-11 03:11:30,4922.86,FAILED,WALLET,DEV0180
3068,152,45,2024-12-22 08:18:24,0.0,SUCCESS,WALLET,DEV0282
3069,132,17,2024-02-14 17:45:09,0.0,SUCCESS,CARD,DEV0135
3070,46,21,2024-11-03 02:58:59,0.0,SUCCESS,CARD,DEV0135
3071,153,77,2024-07-23 08:02:43,624.42,SUCCESS,WALLET,DEV0230
3072,190,27,2024-03-08 01:07:17,0.0,SUCCESS,WALLET,DEV0322
3073,124,45,2025-01-12 08:46:37,2619.04,SUCCESS,UPI,DEV0080
3074,128,53,2025-01-21 01:16:20,3170.81,SUCCESS,WALLET,DEV0108
3075,15,76,2024-03-06 04:56:07,0.0,SUCCESS,CARD,DEV0330
3076,79,35,2024-04-20 13:18:19,78.73,SUCCESS,UPI,DEV0449
3077,29,75,2024-07-17 13:22:18,2263.69,FAILED,UPI,DEV0393
3078,180,60,2024-08-23 08:16:01,2808.48,SUCCESS,WALLET,DEV0049
3079,116,22,2024-11-26 23:57:16,809.46,SUCCESS,UPI,DEV0098
3080,69,63,2025-01-04 22:58:34,900.92,SUCCESS,WALLET,DEV0060
3081,112,9,2024-11-28 11:52:04,480.69,FAILED,UPI,DEV0344
3082,42,8,2024-08-19 19:38:03,0.0,SUCCESS,UPI,DEV0410
3083,81,26,2024-11-14 14:06:11,1629.63,SUCCESS,CARD,DEV0075
3084,90,14,2024-02-17 21:02:44,0.0,SUCCESS,WALLET,DEV0446
3085,109,46,2024-06-04 03:47:23,1309.08,SUCCESS,WALLET,DEV0172
3086,151,42,2024-09-02 04:33:11,2369.32,SUCCESS,UPI,DEV0027
3087,173,33,2024-01-21 15:46:18,1622.45,SUCCESS,CARD,DEV0254
3088,177,46,2025-01-29 02:28:21,825.09,SUCCESS,UPI,DEV0067
3089,130,46,2024-10-29 03:07:04,2680.72,SUCCESS,CARD,DEV0011
3090,88,66,2024-02-07 07:59:24,2418.19,SUCCESS,UPI,DEV0333
3091,164,59,2024-06-14 00:33:43,147.09,SUCCESS,UPI,DEV0075
3092,50,80,2024-05-02 03:02:04,39.61,SUCCESS,UPI,DEV0226
3093,124,70,2024-07-19 19:49:55,0.0,SUCCESS,UPI,DEV0422
3094,138,40,2024-03-08 09:55:09,2648.76,SUCCESS,UPI,DEV0185
3095,44,63,2024-04-24 09:23:22,0.0,SUCCESS,UPI,DEV0249
3096,137,14,2025-01-22 13:30:18,4477.6,SUCCESS,WALLET,DEV0201
3097,33,22,2024-06-25 06:39:52,2477.02,SUCCESS,WALLET,DEV0441
3098,93,6,2024-04-14 08:01:16,2086.45,SUCCESS,CARD,DEV0005
3099,105,9,2024-11-23 10:10:21,3194.59,FAILED,CARD,DEV0056
3100,95,73,2024-11-04 17:13:09,0.0,SUCCESS,WALLET,DEV0178
3101,89,6,2024-07-02 09:48:21,0.0,SUCCESS,CARD,DEV0352
3102,151,70,2024-08-21 22:15:47,614.79,FAILED,CARD,DEV0447
3103,32,15,2024-09-02 15:00:51,0.0,SUCCESS,WALLET,DEV0430
3104,84,3,2025-01-04 17:25:46,0.0,SUCCESS,CARD,DEV0336
3105,114,37,2024-03-17 11:51:17,0.0,SUCCESS,WALLET,DEV0413
3106,63,77,2024-02-15 05:30:27,3415.8,FAILED,CARD,DEV0427
3107,139,15,2024-09-26 00:00:44,6688.99,SUCCESS,WALLET,DEV0338
3108,193,78,2024-02-19 02:35:16,2448.44,SUCCESS,WALLET,DEV0037
3109,153,37,2024-04-24 02:27:57,2328.54,SUCCESS,CARD,DEV0055
3110,54,62,2024-01-12 01:01:18,1082.18,SUCCESS,WALLET,DEV0127
3111,193,33,2024-07-10 12:48:00,0.0,SUCCESS,CARD,DEV0197
3112,148,37,2024-12-16 00:05:44,199.49,SUCCESS,CARD,DEV0185
3113,62,2,2024-02-16 14:44:52,0.0,SUCCESS,WALLET,DEV0188
3114,164,29,2024-12-30 20:35:17,5300.19,SUCCESS,UPI,DEV0343
3115,176,43,2024-08-01 08:21:45,0.0,SUCCESS,CARD,DEV0415
3116,71,7,2024-03-23 08:10:22,1547.56,SUCCESS,WALLET,DEV0299
3117,156,63,2024-05-06 05:33:49,3890.41,SUCCESS,UPI,DEV0407
3118,126,59,2024-10-08 02:41:27,2101.3,SUCCESS,WALLET,DEV0165
3119,38,75,2025-01-18 18:26:40,0.0,SUCCESS,CARD,DEV0141
3120,189,2,2024-01-25 22:46:03,518.1,SUCCESS,WALLET,DEV0031
3121,76,13,2024-08-07 12:00:40,0.0,SUCCESS,CARD,DEV0358
3122,178,21,2024-11-15 17:57:50,3189.3,SUCCESS,CARD,DEV0369
3123,68,72,2024-06-04 20:29:05,357.01,FAILED,UPI,DEV0086
3124,166,6,2024-04-12 00:33:38,0.0,SUCCESS,CARD,DEV0333
3125,11,39,2024-01-31 15:27:49,1690.47,SUCCESS,WALLET,DEV0240
3126,38,24,2024-05-25 07:38:12,292.97,SUCCESS,CARD,DEV0149
3127,90,7,2024-03-31 08:29:32,4134.49,FAILED,CARD,DEV0218
3128,193,57,2024-09-12 07:40:06,1563.99,SUCCESS,UPI,DEV0109
3129,88,58,2024-01-07 03:22:57,499.52,SUCCESS,UPI,DEV0152
3130,121,57,2024-08-09 20:25:10,0.0,PENDING,UPI,DEV0410
3131,21,52,2024-05-16 22:55:39,1973.58,SUCCESS,CARD,DEV0423
3132,199,17,2024-02-29 04:07:35,0.0,SUCCESS,WALLET,DEV0186
3133,4,41,2024-02-12 18:05:21,3847.54,SUCCESS,CARD,DEV0351
3134,196,46,2024-08-19 09:44:26,2576.04,SUCCESS,CARD,DEV0198
3135,133,11,2024-07-28 15:37:25,927.57,SUCCESS,UPI,DEV0319
3136,79,39,2024-03-20 15:02:08,1687.94,SUCCESS,WALLET,DEV0095
3137,39,39,2024-07-12 12:47:21,3313.66,SUCCESS,UPI,DEV0306
3138,22,48,2024-03-19 04:24:31,1750.35,SUCCESS,CARD,DEV0310
3139,9,37,2024-07-06 01:12:48,1076.27,FAILED,CARD,DEV0139
3140,94,42,2024-04-14 05:38:52,3125.17,SUCCESS,UPI,DEV0159
3141,156,11,2025-01-19 01:00:42,682.11,SUCCESS,CARD,DEV0048
3142,73,7,2024-12-18 00:42:18,581.32,SUCCESS,CARD,DEV0297
3143,140,24,2024-05-30 16:23:50,1784.83,SUCCESS,UPI,DEV0181
3144,13,46,2024-05-30 20:16:44,2183.98,SUCCESS,WALLET,DEV0091
3145,101,51,2024-02-04 16:26:36,629.98,SUCCESS,WALLET,DEV0167
3146,168,72,2024-07-27 01:31:11,1134.96,SUCCESS,UPI,DEV0369
3147,22,28,2024-03-16 10:03:34,0.0,PENDING,WALLET,DEV0168
3148,130,78,2024-08-27 14:10:16,4974.22,SUCCESS,WALLET,DEV0137
3149,42,30,2024-01-24 13:06:17,0.0,FAILED,UPI,DEV0125
3150,112,80,2024-09-16 21:08:00,940.32,SUCCESS,CARD,DEV0098
3151,34,6,2024-10-16 01:28:27,991.09,SUCCESS,CARD,DEV0026
3152,2,23,2025-01-24 19:41:42,1825.95,SUCCESS,CARD,DEV0196
3153,197,50,2024-02-22 19:57:11,1770.68,SUCCESS,WALLET,DEV0371
3154,36,49,2024-03-14 20:30:08,2825.14,SUCCESS,CARD,DEV0315
3155,68,39,2024-06-01 14:54:01,3787.76,SUCCESS,WALLET,DEV0120
3156,138,75,2024-07-19 18:12:57,3863.55,SUCCESS,CARD,DEV0211
3157,98,49,2024-11-13 06:34:22,112.15,SUCCESS,UPI,DEV0059
3158,199,21,2024-09-03 07:00:42,0.0,SUCCESS,WALLET,DEV0424
3159,67,60,2024-03-04 04:07:40,2275.85,SUCCESS,WALLET,DEV0012
3160,162,70,2024-07-18 10:44:33,0.0,SUCCESS,WALLET,DEV0332
3161,195,45,2024-07-25 01:48:36,3517.91,SUCCESS,UPI,DEV0065
3162,192,3,2024-03-26 18:45:15,984.4,SUCCESS,UPI,DEV0414
3163,171,50,2024-10-21 06:18:11,0.0,PENDING,UPI,DEV0122
3164,200,76,2024-07-09 09:18:13,4595.83,SUCCESS,CARD,DEV0346
3165,32,69,2024-02-01 07:37:50,2980.49,SUCCESS,WALLET,DEV0276
3166,20,54,2024-09-30 21:52:42,1070.9,SUCCESS,UPI,DEV0101
3167,44,22,2025-02-01 17:54:45,0.0,SUCCESS,WALLET,DEV0175
3168,66,47,2025-01-14 04:25:12,0.0,SUCCESS,WALLET,DEV0101
3169,43,28,2024-09-01 09:30:11,0.0,SUCCESS,CARD,DEV0383
3170,187,38,2024-07-10 06:26:30,2888.75,SUCCESS,UPI,DEV0107
3171,191,48,2024-02-25 13:01:25,2358.41,SUCCESS,CARD,DEV0311
3172,67,15,2024-01-17 17:48:00,0.0,SUCCESS,WALLET,DEV0244
3173,194,43,2024-03-02 07:47:18,0.0,SUCCESS,WALLET,DEV0314
3174,50,24,2024-02-09 18:09:10,1300.36,SUCCESS,WALLET,DEV0335
3175,156,4,2024-10-03 01:18:39,3805.51,SUCCESS,UPI,DEV0280
3176,33,48,2024-06-25 18:59:55,1219.22,PENDING,CARD,DEV0139
3177,106,17,2024-07-08 19:55:09,1228.7,SUCCESS,CARD,DEV0417
3178,181,24,2024-08-27 17:37:16,0.0,SUCCESS,CARD,DEV0199
3179,51,55,2024-02-27 10:57:32,2815.51,FAILED,CARD,DEV0009
3180,179,34,2024-04-06 15:02:35,1558.95,SUCCESS,CARD,DEV0176
3181,57,69,2024-07-30 13:37:47,1269.39,SUCCESS,CARD,DEV0389
3182,63,60,2024-05-30 11:47:06,2913.24,SUCCESS,CARD,DEV0053
3183,62,33,2024-10-14 14:51:54,1252.75,SUCCESS,WALLET,DEV0338
3184,185,12,2024-11-14 18:04:52,4193.97,SUCCESS,WALLET,DEV0358
3185,145,40,2024-12-16 02:58:28,2022.58,SUCCESS,WALLET,DEV0233
3186,23,78,2024-08-01 18:07:01,2017.41,SUCCESS,UPI,DEV0385
3187,163,70,2024-03-25 12:01:08,2063.36,SUCCESS,UPI,DEV0326
3188,89,4,2024-12-17 01:42:27,0.0,SUCCESS,WALLET,DEV0206
3189,77,56,2024-08-23 07:00:37,1580.57,SUCCESS,CARD,DEV0380
3190,180,41,2024-01-03 23:23:20,2400.73,SUCCESS,UPI,DEV0443
3191,2,56,2024-07-14 08:35:03,2797.4,SUCCESS,WALLET,DEV0063
3192,186,13,2024-10-25 20:40:18,3458.81,SUCCESS,UPI,DEV0132
3193,64,72,2024-01-16 08:06:18,1850.34,SUCCESS,UPI,DEV0345
3194,81,61,2024-11-08 16:35:00,0.0,SUCCESS,UPI,DEV0440
3195,111,47,2024-10-04 04:15:51,3984.9,SUCCESS,CARD,DEV0119
3196,155,3,2024-01-28 02:22:36,2974.75,SUCCESS,CARD,DEV0390
3197,132,48,2024-06-17 04:46:43,1727.52,PENDING,WALLET,DEV0036
3198,42,66,2024-08-22 10:11:05,4224.56,FAILED,UPI,DEV0317
3199,148,30,2024-04-13 23:44:46,4481.55,SUCCESS,UPI,DEV0180
3200,156,70,2024-05-19 16:37:41,258.72,FAILED,WALLET,DEV0423
3201,163,12,2024-12-04 10:18:33,413.6,SUCCESS,WALLET,DEV0089
3202,127,62,2024-04-14 05:57:32,1705.44,SUCCESS,WALLET,DEV0348
3203,142,36,2024-12-02 00:54:16,1489.95,SUCCESS,UPI,DEV0360
3204,44,33,2024-02-03 14:39:07,0.0,SUCCESS,WALLET,DEV0117
3205,173,24,2024-02-23 11:40:01,0.0,FAILED,CARD,DEV0346
3206,84,2,2024-11-04 19:17:51,1954.01,SUCCESS,UPI,DEV0302
3207,128,54,2024-10-26 21:36:25,2911.9,SUCCESS,WALLET,DEV0297
3208,130,62,2024-04-22 20:52:01,421.61,SUCCESS,WALLET,DEV0162
3209,39,39,2024-09-19 18:58:09,3583.06,SUCCESS,UPI,DEV0246
3210,24,2,2024-10-09 03:19:49,59.06,SUCCESS,UPI,DEV0037
3211,115,37,2024-10-04 08:02:32,3241.58,FAILED,UPI,DEV0279
3212,149,34,2024-07-28 14:50:03,0.0,FAILED,UPI,DEV0201
3213,36,24,2024-02-03 01:23:31,235.58,SUCCESS,CARD,DEV0211
3214,61,9,2024-06-20 23:05:10,1247.78,SUCCESS,UPI,DEV0317
3215,74,35,2024-01-22 10:24:06,25.69,SUCCESS,UPI,DEV0295
3216,93,77,2024-07-20 20:16:58,1053.35,SUCCESS,CARD,DEV0133
3217,136,59,2024-03-01 14:36:34,0.0,SUCCESS,WALLET,DEV0246
3218,4,2,2024-05-30 23:20:28,3479.82,SUCCESS,UPI,DEV0257
3219,164,50,2024-05-31 15:10:55,2412.63,SUCCESS,CARD,DEV0410
3220,192,33,2024-09-12 01:47:51,202.46,SUCCESS,CARD,DEV0208
3221,20,28,2024-05-09 15:54:55,0.0,SUCCESS,UPI,DEV0019
3222,76,12,2024-01-11 04:17:11,0.0,SUCCESS,UPI,DEV0205
3223,109,3,2024-08-29 02:22:12,2789.16,SUCCESS,CARD,DEV0337
3224,165,10,2024-02-28 04:31:30,4730.4,SUCCESS,UPI,DEV0381
3225,131,64,2024-08-20 22:43:03,1938.8,PENDING,WALLET,DEV0042
3226,155,68,2024-11-24 17:11:16,0.0,SUCCESS,UPI,DEV0412
3227,50,69,2024-04-04 01:00:13,1373.18,SUCCESS,CARD,DEV0338
3228,16,80,2024-12-23 07:11:54,0.0,SUCCESS,CARD,DEV0381
3229,35,26,2024-01-16 18:56:34,1348.88,SUCCESS,UPI,DEV0362
3230,174,63,2025-02-01 07:35:45,3892.6,FAILED,WALLET,DEV0174
3231,46,58,2024-04-09 11:08:23,2100.18,SUCCESS,UPI,DEV0223
3232,129,38,2024-10-22 14:26:28,1782.46,SUCCESS,WALLET,DEV0099
3233,187,12,2024-11-01 23:28:42,778.32,SUCCESS,UPI,DEV0150
3234,76,79,2024-01-22 21:26:10,3607.64,SUCCESS,WALLET,DEV0379
3235,26,44,2024-09-28 10:40:17,0.0,SUCCESS,UPI,DEV0255
3236,112,67,2024-12-03 10:31:05,0.0,SUCCESS,WALLET,DEV0326
3237,133,9,2024-03-21 23:43:54,1109.2,SUCCESS,UPI,DEV0301
3238,12,7,2024-09-13 01:17:55,0.0,SUCCESS,CARD,DEV0387
3239,151,75,2025-01-25 00:39:28,2671.7,FAILED,CARD,DEV0310
3240,191,6,2024-08-29 07:18:39,4435.2,SUCCESS,WALLET,DEV0431
3241,41,33,2024-12-01 09:58:07,1605.39,SUCCESS,CARD,DEV0367
3242,21,30,2024-03-24 22:39:01,0.0,SUCCESS,CARD,DEV0171
3243,45,70,2024-06-08 21:28:53,3024.72,SUCCESS,CARD,DEV0024
3244,26,42,2024-09-24 14:41:37,1826.76,SUCCESS,UPI,DEV0199
3245,77,62,2024-02-14 18:12:32,3997.01,SUCCESS,WALLET,DEV0434
3246,83,41,2024-05-15 05:17:53,0.0,SUCCESS,UPI,DEV0138
3247,6,45,2025-01-25 21:15:08,248.48,SUCCESS,CARD,DEV0413
3248,156,45,2024-11-28 13:20:26,1399.75,SUCCESS,WALLET,DEV0032
3249,172,48,2024-01-14 07:09:56,3253.51,SUCCESS,UPI,DEV0193
3250,72,39,2024-07-05 07:46:10,1323.78,FAILED,WALLET,DEV0169
3251,9,1,2024-04-05 15:07:46,0.0,SUCCESS,UPI,DEV0170
3252,145,41,2024-08-15 08:58:26,1619.89,SUCCESS,WALLET,DEV0252
3253,34,80,2024-10-05 09:50:40,0.0,PENDING,CARD,DEV0069
3254,131,50,2024-08-01 08:42:14,71.84,FAILED,WALLET,DEV0065
3255,192,24,2024-03-14 22:40:37,0.0,SUCCESS,CARD,DEV0057
3256,105,16,2024-02-13 10:39:30,0.0,PENDING,WALLET,DEV0145
3257,56,61,2024-06-27 19:41:38,4966.42,SUCCESS,UPI,DEV0055
3258,194,78,2024-12-10 08:04:01,0.0,SUCCESS,UPI,DEV0258
3259,78,42,2024-04-11 00:50:21,0.0,SUCCESS,WALLET,DEV0045
3260,185,24,2025-01-25 15:38:47,0.0,FAILED,CARD,DEV0225
3261,173,9,2024-03-17 10:44:38,0.0,SUCCESS,CARD,DEV0296
3262,191,34,2024-09-14 07:24:45,4133.31,SUCCESS,CARD,DEV0146
3263,81,34,2024-08-08 10:18:22,5348.62,SUCCESS,WALLET,DEV0085
3264,81,3,2024-03-31 17:34:03,3104.6,SUCCESS,CARD,DEV0365
3265,182,28,2024-09-22 04:07:43,0.0,SUCCESS,WALLET,DEV0348
3266,110,56,2024-04-25 10:01:35,1309.32,SUCCESS,UPI,DEV0275
3267,74,38,2024-09-09 14:27:47,2125.34,FAILED,CARD,DEV0242
3268,171,59,2024-10-16 11:03:57,841.56,SUCCESS,WALLET,DEV0144
3269,169,4,2024-06-19 06:40:30,2544.83,SUCCESS,WALLET,DEV0117
3270,91,4,2024-08-30 03:35:41,1967.57,SUCCESS,CARD,DEV0224
3271,137,54,2024-01-22 17:31:45,672.23,SUCCESS,WALLET,DEV0015
3272,1,8,2024-11-25 02:54:00,2745.37,SUCCESS,CARD,DEV0373
3273,23,24,2024-06-28 13:01:16,385.51,SUCCESS,CARD,DEV0293
3274,126,15,2024-01-06 08:06:05,0.0,SUCCESS,UPI,DEV0313
3275,27,18,2024-04-16 04:23:05,0.0,SUCCESS,CARD,DEV0126
3276,115,16,2024-05-12 03:15:52,6383.54,SUCCESS,UPI,DEV0008
3277,180,16,2024-08-14 20:22:35,864.71,SUCCESS,WALLET,DEV0381
3278,123,45,2024-04-25 12:56:16,590.93,SUCCESS,WALLET,DEV0242
3279,101,60,2024-02-10 12:18:54,2728.5,SUCCESS,UPI,DEV0255
3280,68,36,2024-10-23 12:01:59,1387.55,SUCCESS,UPI,DEV0430
3281,81,29,2024-02-24 02:44:03,1606.33,SUCCESS,WALLET,DEV0188
3282,114,4,2024-02-07 00:22:39,2734.46,SUCCESS,UPI,DEV0066
3283,47,41,2024-07-13 14:05:36,90.84,SUCCESS,CARD,DEV0212
3284,149,39,2024-12-06 08:47:51,2473.31,SUCCESS,UPI,DEV0229
3285,128,62,2024-01-21 22:55:07,465.53,SUCCESS,WALLET,DEV0269
3286,145,68,2024-08-12 07:33:55,2025.93,SUCCESS,CARD,DEV0121
3287,169,55,2024-07-02 14:59:03,1278.19,SUCCESS,UPI,DEV0095
3288,17,79,2024-09-18 22:15:24,1423.05,SUCCESS,WALLET,DEV0126
3289,52,76,2024-04-04 16:22:34,957.46,SUCCESS,UPI,DEV0209
3290,12,46,2024-04-27 13:28:17,0.0,SUCCESS,UPI,DEV0069
3291,181,27,2024-05-17 10:39:46,287.64,SUCCESS,WALLET,DEV0106
3292,174,10,2024-03-19 15:10:59,1767.17,SUCCESS,WALLET,DEV0405
3293,104,9,2024-01-09 14:23:39,0.0,SUCCESS,WALLET,DEV0176
3294,139,44,2024-11-10 09:07:31,1201.59,SUCCESS,UPI,DEV0024
3295,147,79,2024-03-24 00:29:00,0.0,FAILED,WALLET,DEV0355
3296,82,64,2024-11-25 09:19:37,693.3,SUCCESS,UPI,DEV0374
3297,74,59,2024-09-21 17:46:55,0.0,SUCCESS,WALLET,DEV0236
3298,28,73,2024-02-18 22:29:09,2129.22,SUCCESS,WALLET,DEV0329
3299,179,4,2024-12-14 09:23:31,0.0,SUCCESS,WALLET,DEV0296
3300,124,67,2024-11-25 06:20:32,1698.32,SUCCESS,WALLET,DEV0388
3301,10,78,2024-08-29 18:48:28,3311.12,SUCCESS,UPI,DEV0412
3302,184,56,2024-01-12 05:51:42,2046.8,SUCCESS,UPI,DEV0231
3303,73,65,2024-09-22 02:58:27,172.02,FAILED,CARD,DEV0253
3304,69,34,2024-05-23 13:13:19,0.0,SUCCESS,UPI,DEV0119
3305,181,48,2024-03-21 01:51:01,2977.57,SUCCESS,UPI,DEV0425
3306,110,55,2024-04-08 13:13:42,1256.97,SUCCESS,WALLET,DEV0288
3307,184,61,2024-05-17 20:02:43,858.42,SUCCESS,WALLET,DEV0448
3308,52,72,2025-01-16 16:58:16,152.01,FAILED,WALLET,DEV0074
3309,177,9,2024-02-12 15:09:17,0.0,SUCCESS,UPI,DEV0356
3310,161,5,2024-05-06 03:50:27,2053.15,SUCCESS,CARD,DEV0446
3311,176,57,2024-01-15 06:33:03,1662.21,SUCCESS,WALLET,DEV0341
3312,18,50,2024-09-24 13:51:21,847.55,SUCCESS,UPI,DEV0270
3313,45,23,2024-12-19 23:27:08,2951.52,SUCCESS,WALLET,DEV0199
3314,63,15,2024-01-20 00:23:30,121.62,SUCCESS,CARD,DEV0201
3315,82,11,2024-04-19 04:58:02,2500.89,SUCCESS,WALLET,DEV0400
3316,57,74,2024-02-26 17:32:37,1417.64,SUCCESS,WALLET,DEV0260
3317,80,21,2024-11-24 20:13:43,1129.13,SUCCESS,WALLET,DEV0013
3318,104,16,2024-02-03 14:03:53,3337.77,SUCCESS,CARD,DEV0400
3319,193,25,2024-11-01 15:14:50,3281.03,SUCCESS,CARD,DEV0267
3320,13,20,2024-10-11 02:26:56,750.39,SUCCESS,UPI,DEV0271
3321,145,26,2024-01-15 23:56:45,0.0,FAILED,CARD,DEV0236
3322,193,3,2024-02-09 14:01:53,3745.06,SUCCESS,WALLET,DEV0039
3323,136,47,2024-01-31 16:49:14,4654.6,SUCCESS,WALLET,DEV0379
3324,45,37,2024-10-11 06:02:03,1444.8,SUCCESS,UPI,DEV0167
3325,36,73,2024-09-10 20:19:37,1901.58,FAILED,WALLET,DEV0276
3326,16,56,2024-07-17 13:52:42,1992.77,SUCCESS,UPI,DEV0337
3327,18,40,2024-04-11 09:00:26,1516.51,SUCCESS,WALLET,DEV0351
3328,95,29,2025-01-02 17:47:33,6986.79,FAILED,UPI,DEV0009
3329,9,33,2024-11-07 11:35:36,811.57,SUCCESS,UPI,DEV0071
3330,136,15,2024-12-06 20:48:32,3086.1,SUCCESS,WALLET,DEV0226
3331,168,55,2024-11-11 14:28:39,5014.91,SUCCESS,UPI,DEV0151
3332,200,42,2024-01-17 19:52:18,3717.5,SUCCESS,WALLET,DEV0017
3333,13,47,2024-10-22 15:13:06,2111.44,SUCCESS,UPI,DEV0378
3334,38,4,2024-03-25 00:06:05,0.0,SUCCESS,UPI,DEV0372
3335,165,23,2024-02-23 06:48:00,2433.4,SUCCESS,UPI,DEV0352
3336,192,28,2024-03-29 19:57:39,663.42,SUCCESS,CARD,DEV0420
3337,11,80,2024-07-23 03:56:46,3514.81,SUCCESS,UPI,DEV0118
3338,50,17,2024-07-31 22:35:45,4174.83,SUCCESS,CARD,DEV0355
3339,14,23,2024-05-20 06:03:49,0.0,SUCCESS,UPI,DEV0408
3340,90,15,2024-12-24 07:12:35,1271.92,SUCCESS,UPI,DEV0415
3341,145,6,2024-10-03 19:12:31,0.0,SUCCESS,UPI,DEV0269
3342,135,63,2024-04-19 11:12:25,0.0,SUCCESS,CARD,DEV0260
3343,118,16,2024-06-22 12:24:11,2769.45,SUCCESS,UPI,DEV0091
3344,9,67,2024-10-15 16:56:56,2502.55,FAILED,WALLET,DEV0265
3345,26,23,2024-01-27 00:33:54,8.63,SUCCESS,CARD,DEV0178
3346,117,53,2024-09-21 01:57:04,0.0,SUCCESS,WALLET,DEV0037
3347,114,39,2024-03-25 22:16:58,939.48,SUCCESS,UPI,DEV0270
3348,51,14,2024-04-19 04:29:06,874.18,SUCCESS,UPI,DEV0248
3349,27,48,2024-01-06 20:46:01,0.0,SUCCESS,UPI,DEV0198
3350,189,70,2024-03-11 00:38:00,4110.46,SUCCESS,UPI,DEV0167
3351,180,7,2024-02-15 13:33:56,1152.69,SUCCESS,CARD,DEV0207
3352,7,7,2024-04-29 23:46:36,2657.03,FAILED,CARD,DEV0059
3353,124,62,2024-05-25 15:15:34,1571.71,SUCCESS,WALLET,DEV0358
3354,100,17,2024-01-13 07:25:02,3622.02,SUCCESS,WALLET,DEV0201
3355,106,40,2024-05-08 03:32:36,5418.59,SUCCESS,UPI,DEV0407
3356,142,73,2024-08-27 23:26:04,1792.7,SUCCESS,UPI,DEV0260
3357,46,4,2024-09-28 04:08:12,0.0,SUCCESS,UPI,DEV0325
3358,50,52,2024-11-02 15:47:48,1547.12,SUCCESS,WALLET,DEV0422
3359,176,6,2024-03-06 03:12:26,0.0,SUCCESS,UPI,DEV0071
3360,182,61,2024-04-26 13:22:25,1701.17,SUCCESS,CARD,DEV0026
3361,85,4,2024-03-28 14:11:07,1011.72,SUCCESS,CARD,DEV0264
3362,200,58,2024-07-22 14:21:16,2468.79,FAILED,CARD,DEV0072
3363,33,19,2024-01-01 16:38:16,5926.72,SUCCESS,CARD,DEV0137
3364,146,61,2024-10-06 11:02:19,0.0,PENDING,CARD,DEV0077
3365,184,79,2024-04-10 16:01:13,2578.06,SUCCESS,UPI,DEV0307
3366,182,28,2024-02-23 22:15:16,4933.98,SUCCESS,CARD,DEV0409
3367,161,22,2024-06-02 01:54:26,4825.73,SUCCESS,WALLET,DEV0395
3368,26,34,2024-02-28 17:38:04,0.0,SUCCESS,CARD,DEV0193
3369,75,63,2024-12-26 13:43:30,0.0,SUCCESS,WALLET,DEV0423
3370,192,36,2024-03-14 08:16:23,496.92,SUCCESS,UPI,DEV0054
3371,49,16,2024-01-24 20:30:43,0.0,SUCCESS,CARD,DEV0035
3372,162,80,2024-02-08 11:10:31,2719.41,SUCCESS,CARD,DEV0019
3373,15,47,2024-11-24 18:40:54,2524.58,SUCCESS,UPI,DEV0133
3374,8,8,2024-11-07 08:38:01,2897.43,SUCCESS,CARD,DEV0391
3375,116,67,2024-09-16 13:20:48,382.01,FAILED,WALLET,DEV0032
3376,162,27,2024-03-23 10:31:52,2427.39,SUCCESS,UPI,DEV0334
3377,177,19,2024-11-26 08:22:25,1897.41,SUCCESS,CARD,DEV0154
3378,86,31,2024-06-10 23:47:12,128.25,FAILED,WALLET,DEV0345
3379,148,35,2024-12-26 19:33:43,2296.68,SUCCESS,UPI,DEV0378
3380,11,72,2024-12-25 02:26:05,1427.6,SUCCESS,CARD,DEV0172
3381,5,50,2024-04-24 09:32:50,3357.32,FAILED,UPI,DEV0363
3382,46,68,2024-01-11 19:05:35,2119.29,PENDING,CARD,DEV0028
3383,122,65,2024-03-22 04:22:07,1522.75,SUCCESS,UPI,DEV0439
3384,87,35,2025-01-22 13:13:41,6423.17,SUCCESS,WALLET,DEV0104
3385,15,75,2024-07-18 21:20:56,1552.74,SUCCESS,WALLET,DEV0148
3386,91,14,2024-11-03 07:58:15,2935.58,SUCCESS,WALLET,DEV0147
3387,32,31,2024-01-20 16:08:08,1560.59,SUCCESS,WALLET,DEV0052
3388,37,53,2024-01-17 00:23:10,0.0,SUCCESS,WALLET,DEV0117
3389,94,40,2024-12-15 03:23:03,637.52,SUCCESS,CARD,DEV0331
3390,3,4,2024-02-28 13:58:00,0.0,SUCCESS,UPI,DEV0068
3391,41,41,2024-04-26 15:36:22,2506.46,SUCCESS,UPI,DEV0396
3392,187,64,2025-01-16 01:12:07,866.02,FAILED,CARD,DEV0388
3393,177,44,2024-12-17 01:14:24,2170.28,SUCCESS,CARD,DEV0351
3394,7,58,2024-11-03 23:55:52,3987.73,PENDING,UPI,DEV0250
3395,148,65,2024-10-08 19:58:16,0.0,SUCCESS,WALLET,DEV0205
3396,84,16,2024-05-14 22:14:14,907.43,SUCCESS,UPI,DEV0290
3397,193,2,2024-02-25 14:33:30,0.0,SUCCESS,UPI,DEV0090
3398,1,55,2024-10-14 08:50:04,2629.1,SUCCESS,CARD,DEV0371
3399,119,64,2024-12-08 11:19:27,0.0,SUCCESS,CARD,DEV0206
3400,30,68,2024-09-04 10:15:17,0.0,SUCCESS,WALLET,DEV0059
3401,177,2,2024-10-09 03:08:00,0.0,SUCCESS,UPI,DEV0406
3402,82,78,2024-11-05 22:57:12,6623.01,SUCCESS,CARD,DEV0056
3403,31,74,2024-03-04 07:24:21,2965.38,SUCCESS,CARD,DEV0039
3404,160,5,2024-01-07 00:31:21,1172.14,SUCCESS,UPI,DEV0199
3405,45,23,2024-09-15 21:51:25,0.0,SUCCESS,UPI,DEV0445
3406,142,64,2025-01-07 02:51:44,1805.49,SUCCESS,WALLET,DEV0329
3407,129,30,2024-04-09 02:31:31,2137.05,SUCCESS,WALLET,DEV0151
3408,131,75,2024-09-19 15:22:41,2585.2,SUCCESS,CARD,DEV0301
3409,35,50,2024-08-15 04:33:02,1199.59,SUCCESS,UPI,DEV0397
3410,152,28,2024-02-05 13:13:37,419.66,SUCCESS,CARD,DEV0109
3411,95,34,2024-07-25 05:10:19,0.0,SUCCESS,WALLET,DEV0075
3412,10,48,2024-10-08 01:23:29,2674.88,SUCCESS,WALLET,DEV0026
3413,82,26,2024-01-07 22:29:58,3843.91,PENDING,UPI,DEV0042
3414,140,48,2024-08-22 06:28:39,182.17,SUCCESS,UPI,DEV0235
3415,29,71,2024-09-29 18:26:01,2777.78,SUCCESS,WALLET,DEV0329
3416,52,5,2025-01-01 02:33:47,2333.45,SUCCESS,WALLET,DEV0002
3417,3,9,2024-12-16 01:35:24,2318.59,PENDING,WALLET,DEV0050
3418,57,17,2024-08-17 12:55:36,0.0,SUCCESS,WALLET,DEV0052
3419,61,57,2025-01-17 18:03:10,577.55,SUCCESS,CARD,DEV0381
3420,163,3,2024-06-17 00:24:37,4544.48,SUCCESS,CARD,DEV0286
3421,39,51,2025-01-30 04:17:29,1556.11,SUCCESS,CARD,DEV0107
3422,63,62,2024-04-13 03:53:20,350.1,SUCCESS,WALLET,DEV0069
3423,57,44,2024-12-07 14:01:56,4506.0,SUCCESS,UPI,DEV0237
3424,106,70,2024-12-10 13:26:37,29.09,SUCCESS,CARD,DEV0001
3425,87,68,2024-03-30 18:04:34,0.0,SUCCESS,CARD,DEV0262
3426,104,3,2024-01-11 12:40:32,1293.86,FAILED,UPI,DEV0081
3427,30,77,2024-02-23 03:23:25,0.0,SUCCESS,CARD,DEV0308
3428,39,44,2025-02-01 03:38:52,0.0,SUCCESS,CARD,DEV0400
3429,174,8,2024-09-21 21:01:14,4176.23,SUCCESS,WALLET,DEV0099
3430,18,80,2024-05-19 05:20:10,1656.88,SUCCESS,WALLET,DEV0300
3431,174,36,2024-03-04 23:03:15,3339.27,SUCCESS,CARD,DEV0160
3432,183,62,2024-09-12 19:28:19,3044.97,PENDING,UPI,DEV0039
3433,36,4,2024-10-02 20:18:31,4840.56,FAILED,CARD,DEV0230
3434,120,74,2024-09-27 10:34:17,3438.99,SUCCESS,UPI,DEV0225
3435,162,22,2024-01-27 20:17:00,4224.67,FAILED,CARD,DEV0069
3436,36,41,2024-09-21 01:43:02,100.43,SUCCESS,WALLET,DEV0223
3437,66,10,2024-01-12 23:48:08,292.22,SUCCESS,CARD,DEV0239
3438,125,36,2024-10-27 03:06:46,0.0,SUCCESS,WALLET,DEV0011
3439,120,72,2024-05-11 03:34:33,2609.91,SUCCESS,UPI,DEV0170
3440,7,8,2024-12-11 17:24:54,0.0,SUCCESS,WALLET,DEV0210
3441,133,67,2024-10-13 05:28:35,1943.84,SUCCESS,UPI,DEV0165
3442,177,62,2024-03-25 22:25:44,2315.08,SUCCESS,UPI,DEV0397
3443,171,10,2024-06-23 01:09:43,0.0,SUCCESS,WALLET,DEV0185
3444,2,16,2024-08-11 17:19:13,0.0,SUCCESS,WALLET,DEV0292
3445,102,60,2024-10-22 06:07:29,0.0,SUCCESS,UPI,DEV0180
3446,102,40,2024-06-02 01:01:34,0.0,SUCCESS,UPI,DEV0055
3447,3,24,2024-09-01 13:46:24,0.0,SUCCESS,UPI,DEV0139
3448,47,64,2024-09-27 08:18:03,696.82,FAILED,CARD,DEV0280
3449,124,62,2025-01-09 09:03:19,2536.44,SUCCESS,CARD,DEV0357
3450,109,76,2024-01-21 15:24:24,0.0,SUCCESS,WALLET,DEV0011
3451,163,54,2024-08-22 20:37:47,267.51,SUCCESS,UPI,DEV0032
3452,54,42,2024-09-19 00:15:50,3388.28,SUCCESS,UPI,DEV0152
3453,47,67,2024-01-06 18:38:25,1579.47,SUCCESS,CARD,DEV0308
3454,74,5,2024-09-18 07:38:35,119.31,SUCCESS,WALLET,DEV0306
3455,163,44,2024-05-11 22:30:53,3194.64,FAILED,UPI,DEV0444
3456,10,20,2024-10-20 21:11:36,1833.68,SUCCESS,UPI,DEV0391
3457,46,73,2024-04-04 09:56:38,0.0,SUCCESS,CARD,DEV0265
3458,48,57,2024-09-20 11:43:03,0.0,FAILED,WALLET,DEV0351
3459,167,41,2025-01-17 10:50:27,998.71,SUCCESS,UPI,DEV0216
3460,48,7,2024-06-19 05:04:15,138.99,SUCCESS,UPI,DEV0232
3461,183,57,2024-03-24 21:23:45,0.0,SUCCESS,CARD,DEV0446
3462,118,65,2024-10-06 19:36:44,3288.23,SUCCESS,UPI,DEV0028
3463,103,79,2024-01-31 04:37:23,2571.97,SUCCESS,WALLET,DEV0159
3464,57,26,2024-09-21 23:53:38,0.0,FAILED,UPI,DEV0347
3465,27,78,2024-11-29 22:26:09,2407.55,SUCCESS,CARD,DEV0090
3466,52,76,2024-02-01 03:48:50,0.0,SUCCESS,CARD,DEV0067
3467,137,66,2024-08-10 00:31:09,3239.81,FAILED,CARD,DEV0441
3468,166,26,2024-04-12 09:43:02,687.58,SUCCESS,CARD,DEV0302
3469,80,10,2025-01-10 16:06:16,4379.17,SUCCESS,CARD,DEV0098
3470,78,35,2024-10-03 01:11:48,0.0,SUCCESS,UPI,DEV0434
3471,129,53,2024-02-24 12:11:37,653.18,SUCCESS,WALLET,DEV0013
3472,139,33,2024-08-29 04:24:23,1692.07,SUCCESS,CARD,DEV0130
3473,71,27,2024-07-10 16:18:26,2383.03,SUCCESS,UPI,DEV0404
3474,19,24,2024-07-15 07:23:58,31.89,SUCCESS,CARD,DEV0377
3475,162,2,2024-09-21 13:57:14,0.0,SUCCESS,CARD,DEV0040
3476,80,27,2024-03-07 16:40:08,0.0,SUCCESS,WALLET,DEV0019
3477,20,33,2024-07-03 13:36:23,1720.87,FAILED,WALLET,DEV0208
3478,135,38,2024-06-21 10:07:28,4770.32,SUCCESS,UPI,DEV0090
3479,188,9,2024-02-24 11:22:42,4799.83,SUCCESS,CARD,DEV0092
3480,86,40,2024-05-15 18:37:55,0.0,SUCCESS,CARD,DEV0214
3481,142,34,2024-12-17 02:21:35,0.0,FAILED,CARD,DEV0402
3482,188,66,2024-06-15 13:37:16,0.0,FAILED,WALLET,DEV0134
3483,57,52,2024-11-30 14:25:08,1112.24,SUCCESS,UPI,DEV0403
3484,75,57,2024-08-31 02:12:00,3766.31,SUCCESS,UPI,DEV0171
3485,168,6,2024-04-25 20:15:00,384.48,SUCCESS,WALLET,DEV0094
3486,23,52,2024-04-15 16:23:49,0.0,SUCCESS,WALLET,DEV0379
3487,121,71,2024-04-06 01:34:13,4377.59,FAILED,CARD,DEV0012
3488,68,72,2024-08-21 20:42:31,2493.95,SUCCESS,WALLET,DEV0041
3489,184,76,2024-05-29 04:29:17,2154.63,FAILED,WALLET,DEV0036
3490,42,42,2024-03-30 14:43:29,1151.03,SUCCESS,CARD,DEV0273
3491,69,78,2024-02-14 20:03:49,189.24,SUCCESS,CARD,DEV0168
3492,33,69,2024-09-21 17:49:15,3012.38,SUCCESS,WALLET,DEV0015
3493,191,7,2024-04-26 00:53:38,0.0,SUCCESS,CARD,DEV0073
3494,30,5,2024-02-20 15:07:38,3054.32,FAILED,WALLET,DEV0261
3495,71,23,2024-08-10 03:44:22,2476.67,SUCCESS,CARD,DEV0073
3496,44,27,2024-07-31 06:31:15,1493.53,SUCCESS,CARD,DEV0073
3497,119,54,2024-07-07 21:28:05,2709.69,SUCCESS,CARD,DEV0156
3498,155,62,2024-04-25 04:55:17,5889.01,SUCCESS,UPI,DEV0060
3499,81,6,2024-01-30 11:28:14,164.2,SUCCESS,CARD,DEV0102
3500,145,9,2024-05-25 05:14:50,3916.71,SUCCESS,UPI,DEV0128
101,114,19,2024-05-27 08:38:20,4253.91,SUCCESS,UPI,DEV0209
